timestamp,open,high,low,close,volume
2017-07-05 00:00:00+00:00,,,,,
2017-07-06 00:00:00+00:00,,,,,
2017-07-07 00:00:00+00:00,,,,,
2017-07-08 00:00:00+00:00,,,,,
2017-07-09 00:00:00+00:00,,,,,
2017-07-10 00:00:00+00:00,,,,,
2017-07-11 00:00:00+00:00,,,,,
2017-07-12 00:00:00+00:00,,,,,
2017-07-13 00:00:00+00:00,,,,,
2017-07-14 00:00:00+00:00,,,,,
2017-07-15 00:00:00+00:00,0.0767791157006139,0.0767791157006139,0.0767791157006139,0.0767791157006139,
2017-07-16 00:00:00+00:00,0.0748068998775405,0.0748068998775405,0.0748068998775405,0.0748068998775405,
2017-07-17 00:00:00+00:00,0.0905459064765366,0.0905459064765366,0.0905459064765366,0.0905459064765366,
2017-07-18 00:00:00+00:00,0.0931018345592477,0.0931018345592477,0.0931018345592477,0.0931018345592477,
2017-07-19 00:00:00+00:00,0.107892467214453,0.107892467214453,0.107892467214453,0.107892467214453,
2017-07-20 00:00:00+00:00,0.117712887816686,0.117712887816686,0.117712887816686,0.117712887816686,
2017-07-21 00:00:00+00:00,0.111229256337883,0.111229256337883,0.111229256337883,0.111229256337883,
2017-07-22 00:00:00+00:00,0.118295476786714,0.118295476786714,0.118295476786714,0.118295476786714,
2017-07-23 00:00:00+00:00,0.119610302038168,0.119610302038168,0.119610302038168,0.119610302038168,
2017-07-24 00:00:00+00:00,0.116067795261206,0.116067795261206,0.116067795261206,0.116067795261206,
2017-07-25 00:00:00+00:00,0.105959495326113,0.105959495326113,0.105959495326113,0.105959495326113,
2017-07-26 00:00:00+00:00,0.105023201797681,0.105023201797681,0.105023201797681,0.105023201797681,
2017-07-27 00:00:00+00:00,0.108058008512914,0.108058008512914,0.108058008512914,0.108058008512914,
2017-07-28 00:00:00+00:00,0.10469272618222,0.10469272618222,0.10469272618222,0.10469272618222,
2017-07-29 00:00:00+00:00,0.107387331714876,0.107387331714876,0.107387331714876,0.107387331714876,
2017-07-30 00:00:00+00:00,0.107187146057675,0.107187146057675,0.107187146057675,0.107187146057675,
2017-07-31 00:00:00+00:00,0.104481944240807,0.104481944240807,0.104481944240807,0.104481944240807,
2017-08-01 00:00:00+00:00,0.0998116030478161,0.0998116030478161,0.0998116030478161,0.0998116030478161,
2017-08-02 00:00:00+00:00,0.100226835914047,0.100226835914047,0.100226835914047,0.100226835914047,
2017-08-03 00:00:00+00:00,0.106779190151802,0.106779190151802,0.106779190151802,0.106779190151802,
2017-08-04 00:00:00+00:00,0.107628972781117,0.107628972781117,0.107628972781117,0.107628972781117,
2017-08-05 00:00:00+00:00,0.128035726997257,0.128035726997257,0.128035726997257,0.128035726997257,
2017-08-06 00:00:00+00:00,0.131355002925659,0.131355002925659,0.131355002925659,0.131355002925659,
2017-08-07 00:00:00+00:00,0.149458875362106,0.149458875362106,0.149458875362106,0.149458875362106,
2017-08-08 00:00:00+00:00,0.224924464783898,0.224924464783898,0.224924464783898,0.224924464783898,
2017-08-09 00:00:00+00:00,0.243489750346407,0.243489750346407,0.243489750346407,0.243489750346407,
2017-08-10 00:00:00+00:00,0.349746311546081,0.349746311546081,0.349746311546081,0.349746311546081,
2017-08-11 00:00:00+00:00,0.399895315058952,0.399895315058952,0.399895315058952,0.399895315058952,
2017-08-12 00:00:00+00:00,0.446133480251272,0.446133480251272,0.446133480251272,0.446133480251272,
2017-08-13 00:00:00+00:00,0.885544677037747,0.885544677037747,0.885544677037747,0.885544677037747,
2017-08-14 00:00:00+00:00,1.29961108016914,1.29961108016914,1.29961108016914,1.29961108016914,
2017-08-15 00:00:00+00:00,1.12328621983544,1.12328621983544,1.12328621983544,1.12328621983544,
2017-08-16 00:00:00+00:00,1.43242694735856,1.43242694735856,1.43242694735856,1.43242694735856,
2017-08-17 00:00:00+00:00,1.98695416995694,1.98695416995694,1.98695416995694,1.98695416995694,
2017-08-18 00:00:00+00:00,2.30702705019933,2.30702705019933,2.30702705019933,2.30702705019933,
2017-08-19 00:00:00+00:00,2.15388556197966,2.15388556197966,2.15388556197966,2.15388556197966,
2017-08-20 00:00:00+00:00,2.58597470315812,2.58597470315812,2.58597470315812,2.58597470315812,
2017-08-21 00:00:00+00:00,2.70366320592101,2.70366320592101,2.70366320592101,2.70366320592101,
2017-08-22 00:00:00+00:00,2.52423907140027,2.52423907140027,2.52423907140027,2.52423907140027,
2017-08-23 00:00:00+00:00,2.5798214280938,2.5798214280938,2.5798214280938,2.5798214280938,
2017-08-24 00:00:00+00:00,2.37175997933067,2.37175997933067,2.37175997933067,2.37175997933067,
2017-08-25 00:00:00+00:00,2.50551018443714,2.50551018443714,2.50551018443714,2.50551018443714,
2017-08-26 00:00:00+00:00,2.16321399581821,2.16321399581821,2.16321399581821,2.16321399581821,
2017-08-27 00:00:00+00:00,2.02926183765034,2.02926183765034,2.02926183765034,2.02926183765034,
2017-08-28 00:00:00+00:00,2.05874234854815,2.05874234854815,2.05874234854815,2.05874234854815,
2017-08-29 00:00:00+00:00,2.24378372456554,2.24378372456554,2.24378372456554,2.24378372456554,
2017-08-30 00:00:00+00:00,2.32508144328345,2.32508144328345,2.32508144328345,2.32508144328345,
2017-08-31 00:00:00+00:00,2.20584364760539,2.20584364760539,2.20584364760539,2.20584364760539,
2017-09-01 00:00:00+00:00,2.32302168840466,2.32302168840466,2.32302168840466,2.32302168840466,
2017-09-02 00:00:00+00:00,1.91239039891382,1.91239039891382,1.91239039891382,1.91239039891382,
2017-09-03 00:00:00+00:00,1.57256509635979,1.57256509635979,1.57256509635979,1.57256509635979,
2017-09-04 00:00:00+00:00,1.0881190722892,1.0881190722892,1.0881190722892,1.0881190722892,
2017-09-05 00:00:00+00:00,0.981143261504752,0.981143261504752,0.981143261504752,0.981143261504752,
2017-09-06 00:00:00+00:00,1.05081042453731,1.05081042453731,1.05081042453731,1.05081042453731,
2017-09-07 00:00:00+00:00,1.34836583693012,1.34836583693012,1.34836583693012,1.34836583693012,
2017-09-08 00:00:00+00:00,1.02070411026695,1.02070411026695,1.02070411026695,1.02070411026695,
2017-09-09 00:00:00+00:00,0.999501042698436,0.999501042698436,0.999501042698436,0.999501042698436,
2017-09-10 00:00:00+00:00,0.946065764072606,0.946065764072606,0.946065764072606,0.946065764072606,
2017-09-11 00:00:00+00:00,1.02417865405463,1.02417865405463,1.02417865405463,1.02417865405463,
2017-09-12 00:00:00+00:00,1.02430536296079,1.02430536296079,1.02430536296079,1.02430536296079,
2017-09-13 00:00:00+00:00,0.940222852243454,0.940222852243454,0.940222852243454,0.940222852243454,
2017-09-14 00:00:00+00:00,0.694180259770432,0.694180259770432,0.694180259770432,0.694180259770432,
2017-09-15 00:00:00+00:00,0.803083429892951,0.803083429892951,0.803083429892951,0.803083429892951,
2017-09-16 00:00:00+00:00,0.805982916842176,0.805982916842176,0.805982916842176,0.805982916842176,
2017-09-17 00:00:00+00:00,0.789694109139838,0.789694109139838,0.789694109139838,0.789694109139838,
2017-09-18 00:00:00+00:00,0.898443610978095,0.898443610978095,0.898443610978095,0.898443610978095,
2017-09-19 00:00:00+00:00,0.796902090049434,0.796902090049434,0.796902090049434,0.796902090049434,
2017-09-20 00:00:00+00:00,0.75468791368169,0.75468791368169,0.75468791368169,0.75468791368169,
2017-09-21 00:00:00+00:00,0.694988619570132,0.694988619570132,0.694988619570132,0.694988619570132,
2017-09-22 00:00:00+00:00,0.718046853061765,0.718046853061765,0.718046853061765,0.718046853061765,
2017-09-23 00:00:00+00:00,0.766876774776168,0.766876774776168,0.766876774776168,0.766876774776168,
2017-09-24 00:00:00+00:00,0.783102939498572,0.783102939498572,0.783102939498572,0.783102939498572,
2017-09-25 00:00:00+00:00,0.917941949115554,0.917941949115554,0.917941949115554,0.917941949115554,
2017-09-26 00:00:00+00:00,0.865193090930621,0.865193090930621,0.865193090930621,0.865193090930621,
2017-09-27 00:00:00+00:00,1.14112637599561,1.14112637599561,1.14112637599561,1.14112637599561,
2017-09-28 00:00:00+00:00,1.37006702681767,1.37006702681767,1.37006702681767,1.37006702681767,
2017-09-29 00:00:00+00:00,1.26639849607148,1.26639849607148,1.26639849607148,1.26639849607148,
2017-09-30 00:00:00+00:00,1.28537618240372,1.28537618240372,1.28537618240372,1.28537618240372,
2017-10-01 00:00:00+00:00,1.52140964994979,1.52140964994979,1.52140964994979,1.52140964994979,
2017-10-02 00:00:00+00:00,1.96579086697007,1.96579086697007,1.96579086697007,1.96579086697007,
2017-10-03 00:00:00+00:00,1.78828219981027,1.78828219981027,1.78828219981027,1.78828219981027,
2017-10-04 00:00:00+00:00,1.61326492081245,1.61326492081245,1.61326492081245,1.61326492081245,
2017-10-05 00:00:00+00:00,1.68131178639527,1.68131178639527,1.68131178639527,1.68131178639527,
2017-10-06 00:00:00+00:00,1.58233029049233,1.58233029049233,1.58233029049233,1.58233029049233,
2017-10-07 00:00:00+00:00,1.5732812396476,1.5732812396476,1.5732812396476,1.5732812396476,
2017-10-08 00:00:00+00:00,1.26014525377218,1.26014525377218,1.26014525377218,1.26014525377218,
2017-10-09 00:00:00+00:00,1.39763345152377,1.39763345152377,1.39763345152377,1.39763345152377,
2017-10-10 00:00:00+00:00,1.39596380947734,1.39596380947734,1.39596380947734,1.39596380947734,
2017-10-11 00:00:00+00:00,1.43111538355651,1.43111538355651,1.43111538355651,1.43111538355651,
2017-10-12 00:00:00+00:00,1.34782814041346,1.34782814041346,1.34782814041346,1.34782814041346,
2017-10-13 00:00:00+00:00,1.43976157737272,1.43976157737272,1.43976157737272,1.43976157737272,
2017-10-14 00:00:00+00:00,1.49725107531645,1.49725107531645,1.49725107531645,1.49725107531645,
2017-10-15 00:00:00+00:00,1.5500844153201,1.5500844153201,1.5500844153201,1.5500844153201,
2017-10-16 00:00:00+00:00,1.42999399815943,1.42999399815943,1.42999399815943,1.42999399815943,
2017-10-17 00:00:00+00:00,1.37014152085536,1.37014152085536,1.37014152085536,1.37014152085536,
2017-10-18 00:00:00+00:00,1.31784912714856,1.31784912714856,1.31784912714856,1.31784912714856,
2017-10-19 00:00:00+00:00,1.28648832572055,1.28648832572055,1.28648832572055,1.28648832572055,
2017-10-20 00:00:00+00:00,1.24068202185958,1.24068202185958,1.24068202185958,1.24068202185958,
2017-10-21 00:00:00+00:00,1.2330706754888,1.2330706754888,1.2330706754888,1.2330706754888,
2017-10-22 00:00:00+00:00,1.21562338891478,1.21562338891478,1.21562338891478,1.21562338891478,
2017-10-23 00:00:00+00:00,1.18188136761241,1.18188136761241,1.18188136761241,1.18188136761241,
2017-10-24 00:00:00+00:00,1.24641729951414,1.24641729951414,1.24641729951414,1.24641729951414,
2017-10-25 00:00:00+00:00,1.25405029238117,1.25405029238117,1.25405029238117,1.25405029238117,
2017-10-26 00:00:00+00:00,1.20559395073526,1.20559395073526,1.20559395073526,1.20559395073526,
2017-10-27 00:00:00+00:00,1.17242411857215,1.17242411857215,1.17242411857215,1.17242411857215,
2017-10-28 00:00:00+00:00,1.1660707353644,1.1660707353644,1.1660707353644,1.1660707353644,
2017-10-29 00:00:00+00:00,1.23543408771633,1.23543408771633,1.23543408771633,1.23543408771633,
2017-10-30 00:00:00+00:00,1.30892963128327,1.30892963128327,1.30892963128327,1.30892963128327,
2017-10-31 00:00:00+00:00,1.31091348391396,1.31091348391396,1.31091348391396,1.31091348391396,
2017-11-01 00:00:00+00:00,1.26033594748916,1.26033594748916,1.26033594748916,1.26033594748916,
2017-11-02 00:00:00+00:00,1.29829281956595,1.29829281956595,1.29829281956595,1.29829281956595,
2017-11-03 00:00:00+00:00,1.46783872768792,1.46783872768792,1.46783872768792,1.46783872768792,
2017-11-04 00:00:00+00:00,1.63056482086523,1.63056482086523,1.63056482086523,1.63056482086523,
2017-11-05 00:00:00+00:00,1.52686468335601,1.52686468335601,1.52686468335601,1.52686468335601,
2017-11-06 00:00:00+00:00,1.57058160361297,1.57058160361297,1.57058160361297,1.57058160361297,
2017-11-07 00:00:00+00:00,1.80049564158233,1.80049564158233,1.80049564158233,1.80049564158233,
2017-11-08 00:00:00+00:00,1.9988640081648,1.9988640081648,1.9988640081648,1.9988640081648,
2017-11-09 00:00:00+00:00,1.98912991022209,1.98912991022209,1.98912991022209,1.98912991022209,
2017-11-10 00:00:00+00:00,1.80032427875818,1.80032427875818,1.80032427875818,1.80032427875818,
2017-11-11 00:00:00+00:00,1.68223609960026,1.68223609960026,1.68223609960026,1.68223609960026,
2017-11-12 00:00:00+00:00,1.51087332978417,1.51087332978417,1.51087332978417,1.51087332978417,
2017-11-13 00:00:00+00:00,1.69513287654951,1.69513287654951,1.69513287654951,1.69513287654951,
2017-11-14 00:00:00+00:00,1.5805907870673,1.5805907870673,1.5805907870673,1.5805907870673,
2017-11-15 00:00:00+00:00,1.53310250575002,1.53310250575002,1.53310250575002,1.53310250575002,
2017-11-16 00:00:00+00:00,1.5797712786153,1.5797712786153,1.5797712786153,1.5797712786153,
2017-11-17 00:00:00+00:00,1.5121960586732,1.5121960586732,1.5121960586732,1.5121960586732,
2017-11-18 00:00:00+00:00,1.66726435832079,1.66726435832079,1.66726435832079,1.66726435832079,
2017-11-19 00:00:00+00:00,1.60318699858379,1.60318699858379,1.60318699858379,1.60318699858379,
2017-11-20 00:00:00+00:00,1.63233115730382,1.63233115730382,1.63233115730382,1.63233115730382,
2017-11-21 00:00:00+00:00,1.57381088093706,1.57381088093706,1.57381088093706,1.57381088093706,
2017-11-22 00:00:00+00:00,1.6117802206714,1.6117802206714,1.6117802206714,1.6117802206714,
2017-11-23 00:00:00+00:00,1.55516899287872,1.55516899287872,1.55516899287872,1.55516899287872,
2017-11-24 00:00:00+00:00,1.7169034493032,1.7169034493032,1.7169034493032,1.7169034493032,
2017-11-25 00:00:00+00:00,1.86407811340404,1.86407811340404,1.86407811340404,1.86407811340404,
2017-11-26 00:00:00+00:00,1.85351171349193,1.85351171349193,1.85351171349193,1.85351171349193,
2017-11-27 00:00:00+00:00,1.94032308757754,1.94032308757754,1.94032308757754,1.94032308757754,
2017-11-28 00:00:00+00:00,1.92698202628234,1.92698202628234,1.92698202628234,1.92698202628234,
2017-11-29 00:00:00+00:00,1.78232604465858,1.78232604465858,1.78232604465858,1.78232604465858,
2017-11-30 00:00:00+00:00,1.94494053531031,1.94494053531031,1.94494053531031,1.94494053531031,
2017-12-01 00:00:00+00:00,2.06478700834769,2.06478700834769,2.06478700834769,2.06478700834769,
2017-12-02 00:00:00+00:00,2.0734052698567,2.0734052698567,2.0734052698567,2.0734052698567,
2017-12-03 00:00:00+00:00,2.25332536145052,2.25332536145052,2.25332536145052,2.25332536145052,
2017-12-04 00:00:00+00:00,2.53137016644151,2.53137016644151,2.53137016644151,2.53137016644151,
2017-12-05 00:00:00+00:00,2.58598604157111,2.58598604157111,2.58598604157111,2.58598604157111,
2017-12-06 00:00:00+00:00,2.62022294490809,2.62022294490809,2.62022294490809,2.62022294490809,
2017-12-07 00:00:00+00:00,2.78615066076153,2.78615066076153,2.78615066076153,2.78615066076153,
2017-12-08 00:00:00+00:00,2.86161742446191,2.86161742446191,2.86161742446191,2.86161742446191,
2017-12-09 00:00:00+00:00,2.60832848666627,2.60832848666627,2.60832848666627,2.60832848666627,
2017-12-10 00:00:00+00:00,2.50205378282984,2.50205378282984,2.50205378282984,2.50205378282984,
2017-12-11 00:00:00+00:00,2.71502184270426,2.71502184270426,2.71502184270426,2.71502184270426,
2017-12-12 00:00:00+00:00,2.73394438574572,2.73394438574572,2.73394438574572,2.73394438574572,
2017-12-13 00:00:00+00:00,2.80579960761367,2.80579960761367,2.80579960761367,2.80579960761367,
2017-12-14 00:00:00+00:00,3.16616511978477,3.16616511978477,3.16616511978477,3.16616511978477,
2017-12-15 00:00:00+00:00,4.02338134596915,4.02338134596915,4.02338134596915,4.02338134596915,
2017-12-16 00:00:00+00:00,4.69495712578,4.69495712578,4.69495712578,4.69495712578,
2017-12-17 00:00:00+00:00,5.96816727053206,5.96816727053206,5.96816727053206,5.96816727053206,
2017-12-18 00:00:00+00:00,5.77775190206843,5.77775190206843,5.77775190206843,5.77775190206843,
2017-12-19 00:00:00+00:00,5.72737201588408,5.72737201588408,5.72737201588408,5.72737201588408,
2017-12-20 00:00:00+00:00,5.15785646457777,5.15785646457777,5.15785646457777,5.15785646457777,
2017-12-21 00:00:00+00:00,5.23246695612486,5.23246695612486,5.23246695612486,5.23246695612486,
2017-12-22 00:00:00+00:00,4.59696689714819,4.59696689714819,4.59696689714819,4.59696689714819,
2017-12-23 00:00:00+00:00,5.05346543917834,5.05346543917834,5.05346543917834,5.05346543917834,
2017-12-24 00:00:00+00:00,5.36517626242397,5.36517626242397,5.36517626242397,5.36517626242397,
2017-12-25 00:00:00+00:00,6.67902851275717,6.67902851275717,6.67902851275717,6.67902851275717,
2017-12-26 00:00:00+00:00,9.05648022050131,9.05648022050131,9.05648022050131,9.05648022050131,
2017-12-27 00:00:00+00:00,9.81383673752472,9.81383673752472,9.81383673752472,9.81383673752472,
2017-12-28 00:00:00+00:00,9.22189507402319,9.22189507402319,9.22189507402319,9.22189507402319,
2017-12-29 00:00:00+00:00,8.80008843230699,8.80008843230699,8.80008843230699,8.80008843230699,
2017-12-30 00:00:00+00:00,7.94253173331784,7.94253173331784,7.94253173331784,7.94253173331784,
2017-12-31 00:00:00+00:00,8.6565799321348,8.6565799321348,8.6565799321348,8.6565799321348,
2018-01-01 00:00:00+00:00,8.42506327622504,8.42506327622504,8.42506327622504,8.42506327622504,
2018-01-02 00:00:00+00:00,8.81816992760996,8.81816992760996,8.81816992760996,8.81816992760996,
2018-01-03 00:00:00+00:00,9.42142942216275,9.42142942216275,9.42142942216275,9.42142942216275,
2018-01-04 00:00:00+00:00,9.1622897416316,9.1622897416316,9.1622897416316,9.1622897416316,
2018-01-05 00:00:00+00:00,15.2817405576597,15.2817405576597,15.2817405576597,15.2817405576597,
2018-01-06 00:00:00+00:00,22.3524159887281,22.3524159887281,22.3524159887281,22.3524159887281,
2018-01-07 00:00:00+00:00,18.478912095765,18.478912095765,18.478912095765,18.478912095765,
2018-01-08 00:00:00+00:00,18.1978955995509,18.1978955995509,18.1978955995509,18.1978955995509,
2018-01-09 00:00:00+00:00,17.0468156612624,17.0468156612624,17.0468156612624,17.0468156612624,
2018-01-10 00:00:00+00:00,17.1054390753699,17.1054390753699,17.1054390753699,17.1054390753699,
2018-01-11 00:00:00+00:00,20.8338200070637,20.8338200070637,20.8338200070637,20.8338200070637,
2018-01-12 00:00:00+00:00,22.193079461001,22.193079461001,22.193079461001,22.193079461001,
2018-01-13 00:00:00+00:00,22.0738566632309,22.0738566632309,22.0738566632309,22.0738566632309,
2018-01-14 00:00:00+00:00,20.9074312886947,20.9074312886947,20.9074312886947,20.9074312886947,
2018-01-15 00:00:00+00:00,19.4565613989899,19.4565613989899,19.4565613989899,19.4565613989899,
2018-01-16 00:00:00+00:00,13.8407713032583,13.8407713032583,13.8407713032583,13.8407713032583,
2018-01-17 00:00:00+00:00,14.3063587782454,14.3063587782454,14.3063587782454,14.3063587782454,
2018-01-18 00:00:00+00:00,14.260583632305,14.260583632305,14.260583632305,14.260583632305,
2018-01-19 00:00:00+00:00,14.9293271855192,14.9293271855192,14.9293271855192,14.9293271855192,
2018-01-20 00:00:00+00:00,16.2266587576682,16.2266587576682,16.2266587576682,16.2266587576682,
2018-01-21 00:00:00+00:00,13.9947255755422,13.9947255755422,13.9947255755422,13.9947255755422,
2018-01-22 00:00:00+00:00,12.8371907680667,12.8371907680667,12.8371907680667,12.8371907680667,
2018-01-23 00:00:00+00:00,13.1578996781113,13.1578996781113,13.1578996781113,13.1578996781113,
2018-01-24 00:00:00+00:00,13.4943417481758,13.4943417481758,13.4943417481758,13.4943417481758,
2018-01-25 00:00:00+00:00,13.1401003177542,13.1401003177542,13.1401003177542,13.1401003177542,
2018-01-26 00:00:00+00:00,13.0764625809878,13.0764625809878,13.0764625809878,13.0764625809878,
2018-01-27 00:00:00+00:00,13.1719944318901,13.1719944318901,13.1719944318901,13.1719944318901,
2018-01-28 00:00:00+00:00,13.4187757426621,13.4187757426621,13.4187757426621,13.4187757426621,
2018-01-29 00:00:00+00:00,12.6821171746747,12.6821171746747,12.6821171746747,12.6821171746747,
2018-01-30 00:00:00+00:00,11.1478535519059,11.1478535519059,11.1478535519059,11.1478535519059,
2018-01-31 00:00:00+00:00,10.948906046857,10.948906046857,10.948906046857,10.948906046857,
2018-02-01 00:00:00+00:00,9.30771630779404,9.30771630779404,9.30771630779404,9.30771630779404,
2018-02-02 00:00:00+00:00,9.61822096416102,9.61822096416102,9.61822096416102,9.61822096416102,
2018-02-03 00:00:00+00:00,9.65944230342888,9.65944230342888,9.65944230342888,9.65944230342888,
2018-02-04 00:00:00+00:00,8.49233679911011,8.49233679911011,8.49233679911011,8.49233679911011,
2018-02-05 00:00:00+00:00,6.66932310428386,6.66932310428386,6.66932310428386,6.66932310428386,
2018-02-06 00:00:00+00:00,8.32277657335599,8.32277657335599,8.32277657335599,8.32277657335599,
2018-02-07 00:00:00+00:00,8.11968284454422,8.11968284454422,8.11968284454422,8.11968284454422,
2018-02-08 00:00:00+00:00,8.23665973039808,8.23665973039808,8.23665973039808,8.23665973039808,
2018-02-09 00:00:00+00:00,9.76990453058412,9.76990453058412,9.76990453058412,9.76990453058412,
2018-02-10 00:00:00+00:00,9.24893080979654,9.24893080979654,9.24893080979654,9.24893080979654,
2018-02-11 00:00:00+00:00,8.76242952224591,8.76242952224591,8.76242952224591,8.76242952224591,
2018-02-12 00:00:00+00:00,9.30471697941043,9.30471697941043,9.30471697941043,9.30471697941043,
2018-02-13 00:00:00+00:00,8.94123872572609,8.94123872572609,8.94123872572609,8.94123872572609,
2018-02-14 00:00:00+00:00,10.457168601305,10.457168601305,10.457168601305,10.457168601305,
2018-02-15 00:00:00+00:00,10.8967941361224,10.8967941361224,10.8967941361224,10.8967941361224,
2018-02-16 00:00:00+00:00,11.0857719818053,11.0857719818053,11.0857719818053,11.0857719818053,
2018-02-17 00:00:00+00:00,11.7461745451704,11.7461745451704,11.7461745451704,11.7461745451704,
2018-02-18 00:00:00+00:00,10.7166079722862,10.7166079722862,10.7166079722862,10.7166079722862,
2018-02-19 00:00:00+00:00,11.050924387203,11.050924387203,11.050924387203,11.050924387203,
2018-02-20 00:00:00+00:00,9.87162917345101,9.87162917345101,9.87162917345101,9.87162917345101,
2018-02-21 00:00:00+00:00,9.34499161684412,9.34499161684412,9.34499161684412,9.34499161684412,
2018-02-22 00:00:00+00:00,8.87913276481863,8.87913276481863,8.87913276481863,8.87913276481863,
2018-02-23 00:00:00+00:00,9.64044581082481,9.64044581082481,9.64044581082481,9.64044581082481,
2018-02-24 00:00:00+00:00,9.10542797425912,9.10542797425912,9.10542797425912,9.10542797425912,
2018-02-25 00:00:00+00:00,9.36293021182883,9.36293021182883,9.36293021182883,9.36293021182883,
2018-02-26 00:00:00+00:00,9.86823969098616,9.86823969098616,9.86823969098616,9.86823969098616,
2018-02-27 00:00:00+00:00,10.6427247861724,10.6427247861724,10.6427247861724,10.6427247861724,
2018-02-28 00:00:00+00:00,10.4220969358008,10.4220969358008,10.4220969358008,10.4220969358008,
2018-03-01 00:00:00+00:00,10.4865257435103,10.4865257435103,10.4865257435103,10.4865257435103,
2018-03-02 00:00:00+00:00,10.2075462827455,10.2075462827455,10.2075462827455,10.2075462827455,
2018-03-03 00:00:00+00:00,10.1693803886855,10.1693803886855,10.1693803886855,10.1693803886855,
2018-03-04 00:00:00+00:00,10.2674845621692,10.2674845621692,10.2674845621692,10.2674845621692,
2018-03-05 00:00:00+00:00,10.0956628580772,10.0956628580772,10.0956628580772,10.0956628580772,
2018-03-06 00:00:00+00:00,9.34450728844763,9.34450728844763,9.34450728844763,9.34450728844763,
2018-03-07 00:00:00+00:00,9.00808181852806,9.00808181852806,9.00808181852806,9.00808181852806,
2018-03-08 00:00:00+00:00,8.2651094113114,8.2651094113114,8.2651094113114,8.2651094113114,
2018-03-09 00:00:00+00:00,8.18055578935189,8.18055578935189,8.18055578935189,8.18055578935189,
2018-03-10 00:00:00+00:00,7.66289328482438,7.66289328482438,7.66289328482438,7.66289328482438,
2018-03-11 00:00:00+00:00,8.26206322104434,8.26206322104434,8.26206322104434,8.26206322104434,
2018-03-12 00:00:00+00:00,8.02340260379932,8.02340260379932,8.02340260379932,8.02340260379932,
2018-03-13 00:00:00+00:00,10.1614539033091,10.1614539033091,10.1614539033091,10.1614539033091,
2018-03-14 00:00:00+00:00,8.9264499884633,8.9264499884633,8.9264499884633,8.9264499884633,
2018-03-15 00:00:00+00:00,9.06693266884542,9.06693266884542,9.06693266884542,9.06693266884542,
2018-03-16 00:00:00+00:00,9.16445150128412,9.16445150128412,9.16445150128412,9.16445150128412,
2018-03-17 00:00:00+00:00,8.92651078595869,8.92651078595869,8.92651078595869,8.92651078595869,
2018-03-18 00:00:00+00:00,8.92458308696607,8.92458308696607,8.92458308696607,8.92458308696607,
2018-03-19 00:00:00+00:00,8.85434513964279,8.85434513964279,8.85434513964279,8.85434513964279,
2018-03-20 00:00:00+00:00,9.13097690062664,9.13097690062664,9.13097690062664,9.13097690062664,
2018-03-21 00:00:00+00:00,9.90172086104792,9.90172086104792,9.90172086104792,9.90172086104792,
2018-03-22 00:00:00+00:00,10.0508088126988,10.0508088126988,10.0508088126988,10.0508088126988,
2018-03-23 00:00:00+00:00,11.5770388379523,11.5770388379523,11.5770388379523,11.5770388379523,
2018-03-24 00:00:00+00:00,13.3206166431783,13.3206166431783,13.3206166431783,13.3206166431783,
2018-03-25 00:00:00+00:00,12.7211197079931,12.7211197079931,12.7211197079931,12.7211197079931,
2018-03-26 00:00:00+00:00,12.1086893802464,12.1086893802464,12.1086893802464,12.1086893802464,
2018-03-27 00:00:00+00:00,11.4596786653439,11.4596786653439,11.4596786653439,11.4596786653439,
2018-03-28 00:00:00+00:00,11.606592506173,11.606592506173,11.606592506173,11.606592506173,
2018-03-29 00:00:00+00:00,10.2058368498313,10.2058368498313,10.2058368498313,10.2058368498313,
2018-03-30 00:00:00+00:00,10.2936970647815,10.2936970647815,10.2936970647815,10.2936970647815,
2018-03-31 00:00:00+00:00,11.0451718373792,11.0451718373792,11.0451718373792,11.0451718373792,
2018-04-01 00:00:00+00:00,11.0446836074704,11.0446836074704,11.0446836074704,11.0446836074704,
2018-04-02 00:00:00+00:00,12.5751277580758,12.5751277580758,12.5751277580758,12.5751277580758,
2018-04-03 00:00:00+00:00,13.2757850872895,13.2757850872895,13.2757850872895,13.2757850872895,
2018-04-04 00:00:00+00:00,12.1529319654917,12.1529319654917,12.1529319654917,12.1529319654917,
2018-04-05 00:00:00+00:00,12.4492522207691,12.4492522207691,12.4492522207691,12.4492522207691,
2018-04-06 00:00:00+00:00,12.2758828015169,12.2758828015169,12.2758828015169,12.2758828015169,
2018-04-07 00:00:00+00:00,12.3969776526392,12.3969776526392,12.3969776526392,12.3969776526392,
2018-04-08 00:00:00+00:00,12.1173614366768,12.1173614366768,12.1173614366768,12.1173614366768,
2018-04-09 00:00:00+00:00,11.7984451787485,11.7984451787485,11.7984451787485,11.7984451787485,
2018-04-10 00:00:00+00:00,11.9791397282215,11.9791397282215,11.9791397282215,11.9791397282215,
2018-04-11 00:00:00+00:00,12.0154074944441,12.0154074944441,12.0154074944441,12.0154074944441,
2018-04-12 00:00:00+00:00,12.8898694340239,12.8898694340239,12.8898694340239,12.8898694340239,
2018-04-13 00:00:00+00:00,13.5878166459698,13.5878166459698,13.5878166459698,13.5878166459698,
2018-04-14 00:00:00+00:00,13.2442533684905,13.2442533684905,13.2442533684905,13.2442533684905,
2018-04-15 00:00:00+00:00,13.0632934626353,13.0632934626353,13.0632934626353,13.0632934626353,
2018-04-16 00:00:00+00:00,12.2120461438336,12.2120461438336,12.2120461438336,12.2120461438336,
2018-04-17 00:00:00+00:00,11.7738845741809,11.7738845741809,11.7738845741809,11.7738845741809,
2018-04-18 00:00:00+00:00,12.2531066837375,12.2531066837375,12.2531066837375,12.2531066837375,
2018-04-19 00:00:00+00:00,12.36821475637,12.36821475637,12.36821475637,12.36821475637,
2018-04-20 00:00:00+00:00,12.5666670764782,12.5666670764782,12.5666670764782,12.5666670764782,
2018-04-21 00:00:00+00:00,13.2633442458936,13.2633442458936,13.2633442458936,13.2633442458936,
2018-04-22 00:00:00+00:00,12.8966024159842,12.8966024159842,12.8966024159842,12.8966024159842,
2018-04-23 00:00:00+00:00,13.61718606255,13.61718606255,13.61718606255,13.61718606255,
2018-04-24 00:00:00+00:00,15.3865193947966,15.3865193947966,15.3865193947966,15.3865193947966,
2018-04-25 00:00:00+00:00,13.3081523968065,13.3081523968065,13.3081523968065,13.3081523968065,
2018-04-26 00:00:00+00:00,14.6466015166062,14.6466015166062,14.6466015166062,14.6466015166062,
2018-04-27 00:00:00+00:00,14.2865594816265,14.2865594816265,14.2865594816265,14.2865594816265,
2018-04-28 00:00:00+00:00,15.1746715725185,15.1746715725185,15.1746715725185,15.1746715725185,
2018-04-29 00:00:00+00:00,15.0054094936242,15.0054094936242,15.0054094936242,15.0054094936242,
2018-04-30 00:00:00+00:00,14.2351893746292,14.2351893746292,14.2351893746292,14.2351893746292,
2018-05-01 00:00:00+00:00,14.1223560653071,14.1223560653071,14.1223560653071,14.1223560653071,
2018-05-02 00:00:00+00:00,14.3292840588807,14.3292840588807,14.3292840588807,14.3292840588807,
2018-05-03 00:00:00+00:00,14.65524571808,14.65524571808,14.65524571808,14.65524571808,
2018-05-04 00:00:00+00:00,14.3239471566466,14.3239471566466,14.3239471566466,14.3239471566466,
2018-05-05 00:00:00+00:00,14.332678799333,14.332678799333,14.332678799333,14.332678799333,
2018-05-06 00:00:00+00:00,13.9006934050801,13.9006934050801,13.9006934050801,13.9006934050801,
2018-05-07 00:00:00+00:00,13.6308971014073,13.6308971014073,13.6308971014073,13.6308971014073,
2018-05-08 00:00:00+00:00,13.5118926404156,13.5118926404156,13.5118926404156,13.5118926404156,
2018-05-09 00:00:00+00:00,14.6362039428506,14.6362039428506,14.6362039428506,14.6362039428506,
2018-05-10 00:00:00+00:00,13.9012774566639,13.9012774566639,13.9012774566639,13.9012774566639,
2018-05-11 00:00:00+00:00,12.9245046603097,12.9245046603097,12.9245046603097,12.9245046603097,
2018-05-12 00:00:00+00:00,12.9676074593436,12.9676074593436,12.9676074593436,12.9676074593436,
2018-05-13 00:00:00+00:00,13.1187893587545,13.1187893587545,13.1187893587545,13.1187893587545,
2018-05-14 00:00:00+00:00,12.8613708619129,12.8613708619129,12.8613708619129,12.8613708619129,
2018-05-15 00:00:00+00:00,12.5745204683296,12.5745204683296,12.5745204683296,12.5745204683296,
2018-05-16 00:00:00+00:00,12.2060946630266,12.2060946630266,12.2060946630266,12.2060946630266,
2018-05-17 00:00:00+00:00,12.416886337048,12.416886337048,12.416886337048,12.416886337048,
2018-05-18 00:00:00+00:00,15.2293665713229,15.2293665713229,15.2293665713229,15.2293665713229,
2018-05-19 00:00:00+00:00,14.2368029576064,14.2368029576064,14.2368029576064,14.2368029576064,
2018-05-20 00:00:00+00:00,14.0951160247998,14.0951160247998,14.0951160247998,14.0951160247998,
2018-05-21 00:00:00+00:00,14.6698759968383,14.6698759968383,14.6698759968383,14.6698759968383,
2018-05-22 00:00:00+00:00,13.8900021799907,13.8900021799907,13.8900021799907,13.8900021799907,
2018-05-23 00:00:00+00:00,12.5203761621555,12.5203761621555,12.5203761621555,12.5203761621555,
2018-05-24 00:00:00+00:00,12.9944678172115,12.9944678172115,12.9944678172115,12.9944678172115,
2018-05-25 00:00:00+00:00,12.7972544727136,12.7972544727136,12.7972544727136,12.7972544727136,
2018-05-26 00:00:00+00:00,12.7371827181244,12.7371827181244,12.7371827181244,12.7371827181244,
2018-05-27 00:00:00+00:00,12.5995340637451,12.5995340637451,12.5995340637451,12.5995340637451,
2018-05-28 00:00:00+00:00,11.8329714099618,11.8329714099618,11.8329714099618,11.8329714099618,
2018-05-29 00:00:00+00:00,12.5627084633205,12.5627084633205,12.5627084633205,12.5627084633205,
2018-05-30 00:00:00+00:00,12.5273428126753,12.5273428126753,12.5273428126753,12.5273428126753,
2018-05-31 00:00:00+00:00,14.0622624451041,14.0622624451041,14.0622624451041,14.0622624451041,
2018-06-01 00:00:00+00:00,14.2105857856446,14.2105857856446,14.2105857856446,14.2105857856446,
2018-06-02 00:00:00+00:00,14.6573807865921,14.6573807865921,14.6573807865921,14.6573807865921,
2018-06-03 00:00:00+00:00,14.5826844323595,14.5826844323595,14.5826844323595,14.5826844323595,
2018-06-04 00:00:00+00:00,14.2606404074538,14.2606404074538,14.2606404074538,14.2606404074538,
2018-06-05 00:00:00+00:00,15.5752053580693,15.5752053580693,15.5752053580693,15.5752053580693,
2018-06-06 00:00:00+00:00,17.172631145977,17.172631145977,17.172631145977,17.172631145977,
2018-06-07 00:00:00+00:00,16.3249679035435,16.3249679035435,16.3249679035435,16.3249679035435,
2018-06-08 00:00:00+00:00,16.355415350106,16.355415350106,16.355415350106,16.355415350106,
2018-06-09 00:00:00+00:00,16.0220951976667,16.0220951976667,16.0220951976667,16.0220951976667,
2018-06-10 00:00:00+00:00,14.0288997837019,14.0288997837019,14.0288997837019,14.0288997837019,
2018-06-11 00:00:00+00:00,15.2050943750702,15.2050943750702,15.2050943750702,15.2050943750702,
2018-06-12 00:00:00+00:00,15.1431740329831,15.1431740329831,15.1431740329831,15.1431740329831,
2018-06-13 00:00:00+00:00,14.5758307714758,14.5758307714758,14.5758307714758,14.5758307714758,
2018-06-14 00:00:00+00:00,14.8492330809467,14.8492330809467,14.8492330809467,14.8492330809467,
2018-06-15 00:00:00+00:00,15.0864921801385,15.0864921801385,15.0864921801385,15.0864921801385,
2018-06-16 00:00:00+00:00,15.7725181759294,15.7725181759294,15.7725181759294,15.7725181759294,
2018-06-17 00:00:00+00:00,16.5254865531009,16.5254865531009,16.5254865531009,16.5254865531009,
2018-06-18 00:00:00+00:00,16.933254077842,16.933254077842,16.933254077842,16.933254077842,
2018-06-19 00:00:00+00:00,16.682622774695,16.682622774695,16.682622774695,16.682622774695,
2018-06-20 00:00:00+00:00,16.1055629219446,16.1055629219446,16.1055629219446,16.1055629219446,
2018-06-21 00:00:00+00:00,17.0432360197126,17.0432360197126,17.0432360197126,17.0432360197126,
2018-06-22 00:00:00+00:00,15.5341225618996,15.5341225618996,15.5341225618996,15.5341225618996,
2018-06-23 00:00:00+00:00,15.6580508137673,15.6580508137673,15.6580508137673,15.6580508137673,
2018-06-24 00:00:00+00:00,14.412336764695,14.412336764695,14.412336764695,14.412336764695,
2018-06-25 00:00:00+00:00,14.8539800569203,14.8539800569203,14.8539800569203,14.8539800569203,
2018-06-26 00:00:00+00:00,13.9983223804269,13.9983223804269,13.9983223804269,13.9983223804269,
2018-06-27 00:00:00+00:00,14.0612072804246,14.0612072804246,14.0612072804246,14.0612072804246,
2018-06-28 00:00:00+00:00,14.0176083574642,14.0176083574642,14.0176083574642,14.0176083574642,
2018-06-29 00:00:00+00:00,14.5425678710794,14.5425678710794,14.5425678710794,14.5425678710794,
2018-06-30 00:00:00+00:00,14.5903027265732,14.5903027265732,14.5903027265732,14.5903027265732,
2018-07-01 00:00:00+00:00,14.3510924812153,14.3510924812153,14.3510924812153,14.3510924812153,
2018-07-02 00:00:00+00:00,14.5653744837596,14.5653744837596,14.5653744837596,14.5653744837596,
2018-07-03 00:00:00+00:00,14.108914427025,14.108914427025,14.108914427025,14.108914427025,
2018-07-04 00:00:00+00:00,13.9247214127812,13.9247214127812,13.9247214127812,13.9247214127812,
2018-07-05 00:00:00+00:00,13.6771975130923,13.6771975130923,13.6771975130923,13.6771975130923,
2018-07-06 00:00:00+00:00,13.4118103362981,13.4118103362981,13.4118103362981,13.4118103362981,
2018-07-07 00:00:00+00:00,14.0658837199018,14.0658837199018,14.0658837199018,14.0658837199018,
2018-07-08 00:00:00+00:00,13.9153371032194,13.9153371032194,13.9153371032194,13.9153371032194,
2018-07-09 00:00:00+00:00,13.541977395283,13.541977395283,13.541977395283,13.541977395283,
2018-07-10 00:00:00+00:00,12.7891648618452,12.7891648618452,12.7891648618452,12.7891648618452,
2018-07-11 00:00:00+00:00,12.688632021607,12.688632021607,12.688632021607,12.688632021607,
2018-07-12 00:00:00+00:00,11.9802624258524,11.9802624258524,11.9802624258524,11.9802624258524,
2018-07-13 00:00:00+00:00,12.0733281334666,12.0733281334666,12.0733281334666,12.0733281334666,
2018-07-14 00:00:00+00:00,12.0625896028856,12.0625896028856,12.0625896028856,12.0625896028856,
2018-07-15 00:00:00+00:00,12.2752607687622,12.2752607687622,12.2752607687622,12.2752607687622,
2018-07-16 00:00:00+00:00,13.2293541389881,13.2293541389881,13.2293541389881,13.2293541389881,
2018-07-17 00:00:00+00:00,13.7126233700966,13.7126233700966,13.7126233700966,13.7126233700966,
2018-07-18 00:00:00+00:00,12.8543630459523,12.8543630459523,12.8543630459523,12.8543630459523,
2018-07-19 00:00:00+00:00,12.8757809835688,12.8757809835688,12.8757809835688,12.8757809835688,
2018-07-20 00:00:00+00:00,11.9495881992122,11.9495881992122,11.9495881992122,11.9495881992122,
2018-07-21 00:00:00+00:00,12.2037314598083,12.2037314598083,12.2037314598083,12.2037314598083,
2018-07-22 00:00:00+00:00,12.0681603387638,12.0681603387638,12.0681603387638,12.0681603387638,
2018-07-23 00:00:00+00:00,12.0282152859508,12.0282152859508,12.0282152859508,12.0282152859508,
2018-07-24 00:00:00+00:00,12.1548796627143,12.1548796627143,12.1548796627143,12.1548796627143,
2018-07-25 00:00:00+00:00,12.8714400417738,12.8714400417738,12.8714400417738,12.8714400417738,
2018-07-26 00:00:00+00:00,13.3377907871759,13.3377907871759,13.3377907871759,13.3377907871759,
2018-07-27 00:00:00+00:00,13.9730389123261,13.9730389123261,13.9730389123261,13.9730389123261,
2018-07-28 00:00:00+00:00,14.6190374080819,14.6190374080819,14.6190374080819,14.6190374080819,
2018-07-29 00:00:00+00:00,14.0000699101192,14.0000699101192,14.0000699101192,14.0000699101192,
2018-07-30 00:00:00+00:00,13.2082641809579,13.2082641809579,13.2082641809579,13.2082641809579,
2018-07-31 00:00:00+00:00,13.8072713114438,13.8072713114438,13.8072713114438,13.8072713114438,
2018-08-01 00:00:00+00:00,13.5729397115034,13.5729397115034,13.5729397115034,13.5729397115034,
2018-08-02 00:00:00+00:00,14.0389953386172,14.0389953386172,14.0389953386172,14.0389953386172,
2018-08-03 00:00:00+00:00,14.0645210819271,14.0645210819271,14.0645210819271,14.0645210819271,
2018-08-04 00:00:00+00:00,13.8339589308786,13.8339589308786,13.8339589308786,13.8339589308786,
2018-08-05 00:00:00+00:00,13.6309122960337,13.6309122960337,13.6309122960337,13.6309122960337,
2018-08-06 00:00:00+00:00,13.6567446626367,13.6567446626367,13.6567446626367,13.6567446626367,
2018-08-07 00:00:00+00:00,13.111432262527,13.111432262527,13.111432262527,13.111432262527,
2018-08-08 00:00:00+00:00,12.0990420627856,12.0990420627856,12.0990420627856,12.0990420627856,
2018-08-09 00:00:00+00:00,12.8089973414446,12.8089973414446,12.8089973414446,12.8089973414446,
2018-08-10 00:00:00+00:00,11.926021227654,11.926021227654,11.926021227654,11.926021227654,
2018-08-11 00:00:00+00:00,11.6756796300432,11.6756796300432,11.6756796300432,11.6756796300432,
2018-08-12 00:00:00+00:00,11.7097942068741,11.7097942068741,11.7097942068741,11.7097942068741,
2018-08-13 00:00:00+00:00,10.19690541992,10.19690541992,10.19690541992,10.19690541992,
2018-08-14 00:00:00+00:00,9.29682891348306,9.29682891348306,9.29682891348306,9.29682891348306,
2018-08-15 00:00:00+00:00,9.42623250197501,9.42623250197501,9.42623250197501,9.42623250197501,
2018-08-16 00:00:00+00:00,9.69598678669546,9.69598678669546,9.69598678669546,9.69598678669546,
2018-08-17 00:00:00+00:00,10.7631956966993,10.7631956966993,10.7631956966993,10.7631956966993,
2018-08-18 00:00:00+00:00,9.88758564694712,9.88758564694712,9.88758564694712,9.88758564694712,
2018-08-19 00:00:00+00:00,10.1354479895683,10.1354479895683,10.1354479895683,10.1354479895683,
2018-08-20 00:00:00+00:00,9.64453733993715,9.64453733993715,9.64453733993715,9.64453733993715,
2018-08-21 00:00:00+00:00,9.71603044957926,9.71603044957926,9.71603044957926,9.71603044957926,
2018-08-22 00:00:00+00:00,9.47414686715431,9.47414686715431,9.47414686715431,9.47414686715431,
2018-08-23 00:00:00+00:00,9.67862041894655,9.67862041894655,9.67862041894655,9.67862041894655,
2018-08-24 00:00:00+00:00,10.2012041017837,10.2012041017837,10.2012041017837,10.2012041017837,
2018-08-25 00:00:00+00:00,10.1139833661492,10.1139833661492,10.1139833661492,10.1139833661492,
2018-08-26 00:00:00+00:00,10.1971930707276,10.1971930707276,10.1971930707276,10.1971930707276,
2018-08-27 00:00:00+00:00,11.1625328046676,11.1625328046676,11.1625328046676,11.1625328046676,
2018-08-28 00:00:00+00:00,11.4636118969882,11.4636118969882,11.4636118969882,11.4636118969882,
2018-08-29 00:00:00+00:00,11.1581957212882,11.1581957212882,11.1581957212882,11.1581957212882,
2018-08-30 00:00:00+00:00,10.7162805652755,10.7162805652755,10.7162805652755,10.7162805652755,
2018-08-31 00:00:00+00:00,10.9684140719427,10.9684140719427,10.9684140719427,10.9684140719427,
2018-09-01 00:00:00+00:00,11.40899437319,11.40899437319,11.40899437319,11.40899437319,
2018-09-02 00:00:00+00:00,11.2494879838481,11.2494879838481,11.2494879838481,11.2494879838481,
2018-09-03 00:00:00+00:00,11.2598250931578,11.2598250931578,11.2598250931578,11.2598250931578,
2018-09-04 00:00:00+00:00,11.3634001324503,11.3634001324503,11.3634001324503,11.3634001324503,
2018-09-05 00:00:00+00:00,10.0658204317867,10.0658204317867,10.0658204317867,10.0658204317867,
2018-09-06 00:00:00+00:00,10.2324716482255,10.2324716482255,10.2324716482255,10.2324716482255,
2018-09-07 00:00:00+00:00,9.93888923110308,9.93888923110308,9.93888923110308,9.93888923110308,
2018-09-08 00:00:00+00:00,9.47634671473268,9.47634671473268,9.47634671473268,9.47634671473268,
2018-09-09 00:00:00+00:00,9.45929586761451,9.45929586761451,9.45929586761451,9.45929586761451,
2018-09-10 00:00:00+00:00,9.4767310138282,9.4767310138282,9.4767310138282,9.4767310138282,
2018-09-11 00:00:00+00:00,9.33583210173875,9.33583210173875,9.33583210173875,9.33583210173875,
2018-09-12 00:00:00+00:00,9.17634935277348,9.17634935277348,9.17634935277348,9.17634935277348,
2018-09-13 00:00:00+00:00,9.61882644408267,9.61882644408267,9.61882644408267,9.61882644408267,
2018-09-14 00:00:00+00:00,9.94298110276494,9.94298110276494,9.94298110276494,9.94298110276494,
2018-09-15 00:00:00+00:00,10.0963462748307,10.0963462748307,10.0963462748307,10.0963462748307,
2018-09-16 00:00:00+00:00,9.92639074941305,9.92639074941305,9.92639074941305,9.92639074941305,
2018-09-17 00:00:00+00:00,9.37693900754987,9.37693900754987,9.37693900754987,9.37693900754987,
2018-09-18 00:00:00+00:00,9.52751952403303,9.52751952403303,9.52751952403303,9.52751952403303,
2018-09-19 00:00:00+00:00,9.60036836878365,9.60036836878365,9.60036836878365,9.60036836878365,
2018-09-20 00:00:00+00:00,10.0362893095021,10.0362893095021,10.0362893095021,10.0362893095021,
2018-09-21 00:00:00+00:00,10.3975719540476,10.3975719540476,10.3975719540476,10.3975719540476,
2018-09-22 00:00:00+00:00,10.2437041598811,10.2437041598811,10.2437041598811,10.2437041598811,
2018-09-23 00:00:00+00:00,10.2880544000697,10.2880544000697,10.2880544000697,10.2880544000697,
2018-09-24 00:00:00+00:00,10.0041479220871,10.0041479220871,10.0041479220871,10.0041479220871,
2018-09-25 00:00:00+00:00,9.73516449723633,9.73516449723633,9.73516449723633,9.73516449723633,
2018-09-26 00:00:00+00:00,9.72496276085966,9.72496276085966,9.72496276085966,9.72496276085966,
2018-09-27 00:00:00+00:00,10.0257649359086,10.0257649359086,10.0257649359086,10.0257649359086,
2018-09-28 00:00:00+00:00,9.94570959839227,9.94570959839227,9.94570959839227,9.94570959839227,
2018-09-29 00:00:00+00:00,9.98706701561767,9.98706701561767,9.98706701561767,9.98706701561767,
2018-09-30 00:00:00+00:00,9.98605725477434,9.98605725477434,9.98605725477434,9.98605725477434,
2018-10-01 00:00:00+00:00,9.90263084239201,9.90263084239201,9.90263084239201,9.90263084239201,
2018-10-02 00:00:00+00:00,10.3459544865455,10.3459544865455,10.3459544865455,10.3459544865455,
2018-10-03 00:00:00+00:00,10.2417127460248,10.2417127460248,10.2417127460248,10.2417127460248,
2018-10-04 00:00:00+00:00,10.2075080551267,10.2075080551267,10.2075080551267,10.2075080551267,
2018-10-05 00:00:00+00:00,10.5958619034835,10.5958619034835,10.5958619034835,10.5958619034835,
2018-10-06 00:00:00+00:00,10.346981299532,10.346981299532,10.346981299532,10.346981299532,
2018-10-07 00:00:00+00:00,10.4860075502462,10.4860075502462,10.4860075502462,10.4860075502462,
2018-10-08 00:00:00+00:00,10.4436950293273,10.4436950293273,10.4436950293273,10.4436950293273,
2018-10-09 00:00:00+00:00,10.3128163117234,10.3128163117234,10.3128163117234,10.3128163117234,
2018-10-10 00:00:00+00:00,10.2335050134378,10.2335050134378,10.2335050134378,10.2335050134378,
2018-10-11 00:00:00+00:00,9.20958665046518,9.20958665046518,9.20958665046518,9.20958665046518,
2018-10-12 00:00:00+00:00,9.42921901353538,9.42921901353538,9.42921901353538,9.42921901353538,
2018-10-13 00:00:00+00:00,9.44251621019595,9.44251621019595,9.44251621019595,9.44251621019595,
2018-10-14 00:00:00+00:00,9.3836122380212,9.3836122380212,9.3836122380212,9.3836122380212,
2018-10-15 00:00:00+00:00,10.05428970982,10.05428970982,10.05428970982,10.05428970982,
2018-10-16 00:00:00+00:00,9.81205942248733,9.81205942248733,9.81205942248733,9.81205942248733,
2018-10-17 00:00:00+00:00,9.77363486218366,9.77363486218366,9.77363486218366,9.77363486218366,
2018-10-18 00:00:00+00:00,9.59041595651325,9.59041595651325,9.59041595651325,9.59041595651325,
2018-10-19 00:00:00+00:00,9.66902326491239,9.66902326491239,9.66902326491239,9.66902326491239,
2018-10-20 00:00:00+00:00,9.66115901302387,9.66115901302387,9.66115901302387,9.66115901302387,
2018-10-21 00:00:00+00:00,9.63419810561217,9.63419810561217,9.63419810561217,9.63419810561217,
2018-10-22 00:00:00+00:00,9.62547557507658,9.62547557507658,9.62547557507658,9.62547557507658,
2018-10-23 00:00:00+00:00,9.68512944191474,9.68512944191474,9.68512944191474,9.68512944191474,
2018-10-24 00:00:00+00:00,9.64475769217312,9.64475769217312,9.64475769217312,9.64475769217312,
2018-10-25 00:00:00+00:00,9.62245951929662,9.62245951929662,9.62245951929662,9.62245951929662,
2018-10-26 00:00:00+00:00,9.60925746835598,9.60925746835598,9.60925746835598,9.60925746835598,
2018-10-27 00:00:00+00:00,9.58249475227896,9.58249475227896,9.58249475227896,9.58249475227896,
2018-10-28 00:00:00+00:00,9.56842815623967,9.56842815623967,9.56842815623967,9.56842815623967,
2018-10-29 00:00:00+00:00,9.32188003926101,9.32188003926101,9.32188003926101,9.32188003926101,
2018-10-30 00:00:00+00:00,9.33607626488129,9.33607626488129,9.33607626488129,9.33607626488129,
2018-10-31 00:00:00+00:00,9.38548447166429,9.38548447166429,9.38548447166429,9.38548447166429,
2018-11-01 00:00:00+00:00,9.50538597197987,9.50538597197987,9.50538597197987,9.50538597197987,
2018-11-02 00:00:00+00:00,9.52824942607155,9.52824942607155,9.52824942607155,9.52824942607155,
2018-11-03 00:00:00+00:00,9.5041232861816,9.5041232861816,9.5041232861816,9.5041232861816,
2018-11-04 00:00:00+00:00,9.7139581827726,9.7139581827726,9.7139581827726,9.7139581827726,
2018-11-05 00:00:00+00:00,9.64408380102901,9.64408380102901,9.64408380102901,9.64408380102901,
2018-11-06 00:00:00+00:00,9.74278775350182,9.74278775350182,9.74278775350182,9.74278775350182,
2018-11-07 00:00:00+00:00,9.76333612313479,9.76333612313479,9.76333612313479,9.76333612313479,
2018-11-08 00:00:00+00:00,9.56997318619265,9.56997318619265,9.56997318619265,9.56997318619265,
2018-11-09 00:00:00+00:00,9.4671136299865,9.4671136299865,9.4671136299865,9.4671136299865,
2018-11-10 00:00:00+00:00,9.46033385075502,9.46033385075502,9.46033385075502,9.46033385075502,
2018-11-11 00:00:00+00:00,9.36217674261651,9.36217674261651,9.36217674261651,9.36217674261651,
2018-11-12 00:00:00+00:00,9.26265538870786,9.26265538870786,9.26265538870786,9.26265538870786,
2018-11-13 00:00:00+00:00,9.11124218133262,9.11124218133262,9.11124218133262,9.11124218133262,
2018-11-14 00:00:00+00:00,8.18261808245623,8.18261808245623,8.18261808245623,8.18261808245623,
2018-11-15 00:00:00+00:00,8.03688552366165,8.03688552366165,8.03688552366165,8.03688552366165,
2018-11-16 00:00:00+00:00,7.77797093515172,7.77797093515172,7.77797093515172,7.77797093515172,
2018-11-17 00:00:00+00:00,7.65096569577409,7.65096569577409,7.65096569577409,7.65096569577409,
2018-11-18 00:00:00+00:00,7.91493300339276,7.91493300339276,7.91493300339276,7.91493300339276,
2018-11-19 00:00:00+00:00,6.548123309949,6.548123309949,6.548123309949,6.548123309949,
2018-11-20 00:00:00+00:00,5.6156985394592,5.6156985394592,5.6156985394592,5.6156985394592,
2018-11-21 00:00:00+00:00,6.11765395798284,6.11765395798284,6.11765395798284,6.11765395798284,
2018-11-22 00:00:00+00:00,5.67925412738615,5.67925412738615,5.67925412738615,5.67925412738615,
2018-11-23 00:00:00+00:00,5.49504060524311,5.49504060524311,5.49504060524311,5.49504060524311,
2018-11-24 00:00:00+00:00,4.99918004701101,4.99918004701101,4.99918004701101,4.99918004701101,
2018-11-25 00:00:00+00:00,5.06409404846059,5.06409404846059,5.06409404846059,5.06409404846059,
2018-11-26 00:00:00+00:00,4.81845011190422,4.81845011190422,4.81845011190422,4.81845011190422,
2018-11-27 00:00:00+00:00,4.8572676132598,4.8572676132598,4.8572676132598,4.8572676132598,
2018-11-28 00:00:00+00:00,5.25169273715949,5.25169273715949,5.25169273715949,5.25169273715949,
2018-11-29 00:00:00+00:00,5.29260199644744,5.29260199644744,5.29260199644744,5.29260199644744,
2018-11-30 00:00:00+00:00,5.02381860701744,5.02381860701744,5.02381860701744,5.02381860701744,
2018-12-01 00:00:00+00:00,5.21047567801052,5.21047567801052,5.21047567801052,5.21047567801052,
2018-12-02 00:00:00+00:00,5.1859168454303,5.1859168454303,5.1859168454303,5.1859168454303,
2018-12-03 00:00:00+00:00,5.05038481508583,5.05038481508583,5.05038481508583,5.05038481508583,
2018-12-04 00:00:00+00:00,5.78165432143067,5.78165432143067,5.78165432143067,5.78165432143067,
2018-12-05 00:00:00+00:00,5.96283092798943,5.96283092798943,5.96283092798943,5.96283092798943,
2018-12-06 00:00:00+00:00,4.90178597560685,4.90178597560685,4.90178597560685,4.90178597560685,
2018-12-07 00:00:00+00:00,4.46138778216064,4.46138778216064,4.46138778216064,4.46138778216064,
2018-12-08 00:00:00+00:00,4.6383141761164,4.6383141761164,4.6383141761164,4.6383141761164,
2018-12-09 00:00:00+00:00,4.76347483841569,4.76347483841569,4.76347483841569,4.76347483841569,
2018-12-10 00:00:00+00:00,4.60471260253737,4.60471260253737,4.60471260253737,4.60471260253737,
2018-12-11 00:00:00+00:00,4.80557825996606,4.80557825996606,4.80557825996606,4.80557825996606,
2018-12-12 00:00:00+00:00,4.9405512599143,4.9405512599143,4.9405512599143,4.9405512599143,
2018-12-13 00:00:00+00:00,4.57032325844508,4.57032325844508,4.57032325844508,4.57032325844508,
2018-12-14 00:00:00+00:00,4.49036469086916,4.49036469086916,4.49036469086916,4.49036469086916,
2018-12-15 00:00:00+00:00,4.48495344121668,4.48495344121668,4.48495344121668,4.48495344121668,
2018-12-16 00:00:00+00:00,4.58339096732939,4.58339096732939,4.58339096732939,4.58339096732939,
2018-12-17 00:00:00+00:00,5.02742783584508,5.02742783584508,5.02742783584508,5.02742783584508,
2018-12-18 00:00:00+00:00,5.50736851143457,5.50736851143457,5.50736851143457,5.50736851143457,
2018-12-19 00:00:00+00:00,5.41124526618924,5.41124526618924,5.41124526618924,5.41124526618924,
2018-12-20 00:00:00+00:00,5.70005755123111,5.70005755123111,5.70005755123111,5.70005755123111,
2018-12-21 00:00:00+00:00,5.47178542002832,5.47178542002832,5.47178542002832,5.47178542002832,
2018-12-22 00:00:00+00:00,5.86397048761981,5.86397048761981,5.86397048761981,5.86397048761981,
2018-12-23 00:00:00+00:00,5.98322060309538,5.98322060309538,5.98322060309538,5.98322060309538,
2018-12-24 00:00:00+00:00,6.12033333996342,6.12033333996342,6.12033333996342,6.12033333996342,
2018-12-25 00:00:00+00:00,5.4654181850811,5.4654181850811,5.4654181850811,5.4654181850811,
2018-12-26 00:00:00+00:00,5.64128603995204,5.64128603995204,5.64128603995204,5.64128603995204,
2018-12-27 00:00:00+00:00,5.18092836277891,5.18092836277891,5.18092836277891,5.18092836277891,
2018-12-28 00:00:00+00:00,5.9270981187243,5.9270981187243,5.9270981187243,5.9270981187243,
2018-12-29 00:00:00+00:00,5.84133576214201,5.84133576214201,5.84133576214201,5.84133576214201,
2018-12-30 00:00:00+00:00,5.92305234549729,5.92305234549729,5.92305234549729,5.92305234549729,
2018-12-31 00:00:00+00:00,6.06636695275,6.06636695275,6.06636695275,6.06636695275,
2019-01-01 00:00:00+00:00,5.99805483105218,5.99805483105218,5.99805483105218,5.99805483105218,
2019-01-02 00:00:00+00:00,6.11677531029106,6.11677531029106,6.11677531029106,6.11677531029106,
2019-01-03 00:00:00+00:00,5.82543549986301,5.82543549986301,5.82543549986301,5.82543549986301,
2019-01-04 00:00:00+00:00,6.01003492664956,6.01003492664956,6.01003492664956,6.01003492664956,
2019-01-05 00:00:00+00:00,5.99191644449489,5.99191644449489,5.99191644449489,5.99191644449489,
2019-01-06 00:00:00+00:00,6.33228184688168,6.33228184688168,6.33228184688168,6.33228184688168,
2019-01-07 00:00:00+00:00,6.2359256700826,6.2359256700826,6.2359256700826,6.2359256700826,
2019-01-08 00:00:00+00:00,6.61045591995872,6.61045591995872,6.61045591995872,6.61045591995872,
2019-01-09 00:00:00+00:00,6.513150422606,6.513150422606,6.513150422606,6.513150422606,
2019-01-10 00:00:00+00:00,5.85061119964156,5.85061119964156,5.85061119964156,5.85061119964156,
2019-01-11 00:00:00+00:00,5.95933961745081,5.95933961745081,5.95933961745081,5.95933961745081,
2019-01-12 00:00:00+00:00,5.91163511536836,5.91163511536836,5.91163511536836,5.91163511536836,
2019-01-13 00:00:00+00:00,5.50870718331299,5.50870718331299,5.50870718331299,5.50870718331299,
2019-01-14 00:00:00+00:00,6.03132624905884,6.03132624905884,6.03132624905884,6.03132624905884,
2019-01-15 00:00:00+00:00,5.82844767873574,5.82844767873574,5.82844767873574,5.82844767873574,
2019-01-16 00:00:00+00:00,6.10709778440581,6.10709778440581,6.10709778440581,6.10709778440581,
2019-01-17 00:00:00+00:00,6.33499882572525,6.33499882572525,6.33499882572525,6.33499882572525,
2019-01-18 00:00:00+00:00,6.47752935755977,6.47752935755977,6.47752935755977,6.47752935755977,
2019-01-19 00:00:00+00:00,6.54287376334405,6.54287376334405,6.54287376334405,6.54287376334405,
2019-01-20 00:00:00+00:00,6.40475235833091,6.40475235833091,6.40475235833091,6.40475235833091,
2019-01-21 00:00:00+00:00,6.49327086244087,6.49327086244087,6.49327086244087,6.49327086244087,
2019-01-22 00:00:00+00:00,6.46644391847793,6.46644391847793,6.46644391847793,6.46644391847793,
2019-01-23 00:00:00+00:00,6.47125621467708,6.47125621467708,6.47125621467708,6.47125621467708,
2019-01-24 00:00:00+00:00,6.43601984498859,6.43601984498859,6.43601984498859,6.43601984498859,
2019-01-25 00:00:00+00:00,6.65673563227967,6.65673563227967,6.65673563227967,6.65673563227967,
2019-01-26 00:00:00+00:00,6.91986162119681,6.91986162119681,6.91986162119681,6.91986162119681,
2019-01-27 00:00:00+00:00,7.00544651718238,7.00544651718238,7.00544651718238,7.00544651718238,
2019-01-28 00:00:00+00:00,6.1845662226895,6.1845662226895,6.1845662226895,6.1845662226895,
2019-01-29 00:00:00+00:00,6.09474512216301,6.09474512216301,6.09474512216301,6.09474512216301,
2019-01-30 00:00:00+00:00,6.09015304495434,6.09015304495434,6.09015304495434,6.09015304495434,
2019-01-31 00:00:00+00:00,6.19994420374905,6.19994420374905,6.19994420374905,6.19994420374905,
2019-02-01 00:00:00+00:00,6.48028361570394,6.48028361570394,6.48028361570394,6.48028361570394,
2019-02-02 00:00:00+00:00,6.78082479206554,6.78082479206554,6.78082479206554,6.78082479206554,
2019-02-03 00:00:00+00:00,6.64671981661595,6.64671981661595,6.64671981661595,6.64671981661595,
2019-02-04 00:00:00+00:00,7.0156220637341,7.0156220637341,7.0156220637341,7.0156220637341,
2019-02-05 00:00:00+00:00,7.66681648689456,7.66681648689456,7.66681648689456,7.66681648689456,
2019-02-06 00:00:00+00:00,7.9644648200423,7.9644648200423,7.9644648200423,7.9644648200423,
2019-02-07 00:00:00+00:00,7.6747629049375,7.6747629049375,7.6747629049375,7.6747629049375,
2019-02-08 00:00:00+00:00,8.49361822070201,8.49361822070201,8.49361822070201,8.49361822070201,
2019-02-09 00:00:00+00:00,8.72334518083105,8.72334518083105,8.72334518083105,8.72334518083105,
2019-02-10 00:00:00+00:00,9.06046826225957,9.06046826225957,9.06046826225957,9.06046826225957,
2019-02-11 00:00:00+00:00,9.41108755872906,9.41108755872906,9.41108755872906,9.41108755872906,
2019-02-12 00:00:00+00:00,9.15819475763275,9.15819475763275,9.15819475763275,9.15819475763275,
2019-02-13 00:00:00+00:00,8.72347773861595,8.72347773861595,8.72347773861595,8.72347773861595,
2019-02-14 00:00:00+00:00,8.66313215545118,8.66313215545118,8.66313215545118,8.66313215545118,
2019-02-15 00:00:00+00:00,9.16866772401317,9.16866772401317,9.16866772401317,9.16866772401317,
2019-02-16 00:00:00+00:00,8.9992398102093,8.9992398102093,8.9992398102093,8.9992398102093,
2019-02-17 00:00:00+00:00,9.09527544879234,9.09527544879234,9.09527544879234,9.09527544879234,
2019-02-18 00:00:00+00:00,9.51380348593377,9.51380348593377,9.51380348593377,9.51380348593377,
2019-02-19 00:00:00+00:00,10.4431807240899,10.4431807240899,10.4431807240899,10.4431807240899,
2019-02-20 00:00:00+00:00,10.8008687686656,10.8008687686656,10.8008687686656,10.8008687686656,
2019-02-21 00:00:00+00:00,10.3292134654334,10.3292134654334,10.3292134654334,10.3292134654334,
2019-02-22 00:00:00+00:00,10.7089403876533,10.7089403876533,10.7089403876533,10.7089403876533,
2019-02-23 00:00:00+00:00,10.7005408197614,10.7005408197614,10.7005408197614,10.7005408197614,
2019-02-24 00:00:00+00:00,10.0084462478096,10.0084462478096,10.0084462478096,10.0084462478096,
2019-02-25 00:00:00+00:00,9.68618226485466,9.68618226485466,9.68618226485466,9.68618226485466,
2019-02-26 00:00:00+00:00,9.39115276872226,9.39115276872226,9.39115276872226,9.39115276872226,
2019-02-27 00:00:00+00:00,9.78777894319946,9.78777894319946,9.78777894319946,9.78777894319946,
2019-02-28 00:00:00+00:00,10.2225061632461,10.2225061632461,10.2225061632461,10.2225061632461,
2019-03-01 00:00:00+00:00,11.299135437672,11.299135437672,11.299135437672,11.299135437672,
2019-03-02 00:00:00+00:00,11.7202025814959,11.7202025814959,11.7202025814959,11.7202025814959,
2019-03-03 00:00:00+00:00,11.3216780775873,11.3216780775873,11.3216780775873,11.3216780775873,
2019-03-04 00:00:00+00:00,11.3218057570521,11.3218057570521,11.3218057570521,11.3218057570521,
2019-03-05 00:00:00+00:00,13.6330554443867,13.6330554443867,13.6330554443867,13.6330554443867,
2019-03-06 00:00:00+00:00,14.4195659227988,14.4195659227988,14.4195659227988,14.4195659227988,
2019-03-07 00:00:00+00:00,14.9891684951632,14.9891684951632,14.9891684951632,14.9891684951632,
2019-03-08 00:00:00+00:00,13.9964985370113,13.9964985370113,13.9964985370113,13.9964985370113,
2019-03-09 00:00:00+00:00,14.3660342747901,14.3660342747901,14.3660342747901,14.3660342747901,
2019-03-10 00:00:00+00:00,14.3204743725747,14.3204743725747,14.3204743725747,14.3204743725747,
2019-03-11 00:00:00+00:00,14.320660719918,14.320660719918,14.320660719918,14.320660719918,
2019-03-12 00:00:00+00:00,15.2439040325659,15.2439040325659,15.2439040325659,15.2439040325659,
2019-03-13 00:00:00+00:00,14.9300364029846,14.9300364029846,14.9300364029846,14.9300364029846,
2019-03-14 00:00:00+00:00,14.8044056919982,14.8044056919982,14.8044056919982,14.8044056919982,
2019-03-15 00:00:00+00:00,14.8555755949286,14.8555755949286,14.8555755949286,14.8555755949286,
2019-03-16 00:00:00+00:00,15.9176980755731,15.9176980755731,15.9176980755731,15.9176980755731,
2019-03-17 00:00:00+00:00,15.5621815968385,15.5621815968385,15.5621815968385,15.5621815968385,
2019-03-18 00:00:00+00:00,15.4462338746942,15.4462338746942,15.4462338746942,15.4462338746942,
2019-03-19 00:00:00+00:00,15.3789374937928,15.3789374937928,15.3789374937928,15.3789374937928,
2019-03-20 00:00:00+00:00,15.1068124573439,15.1068124573439,15.1068124573439,15.1068124573439,
2019-03-21 00:00:00+00:00,14.3192395299478,14.3192395299478,14.3192395299478,14.3192395299478,
2019-03-22 00:00:00+00:00,15.1492843821787,15.1492843821787,15.1492843821787,15.1492843821787,
2019-03-23 00:00:00+00:00,15.0399950718717,15.0399950718717,15.0399950718717,15.0399950718717,
2019-03-24 00:00:00+00:00,17.0804280806327,17.0804280806327,17.0804280806327,17.0804280806327,
2019-03-25 00:00:00+00:00,16.6315623957069,16.6315623957069,16.6315623957069,16.6315623957069,
2019-03-26 00:00:00+00:00,16.073566864304,16.073566864304,16.073566864304,16.073566864304,
2019-03-27 00:00:00+00:00,16.5019589779781,16.5019589779781,16.5019589779781,16.5019589779781,
2019-03-28 00:00:00+00:00,16.533599779761,16.533599779761,16.533599779761,16.533599779761,
2019-03-29 00:00:00+00:00,16.4421162334224,16.4421162334224,16.4421162334224,16.4421162334224,
2019-03-30 00:00:00+00:00,16.8777696228429,16.8777696228429,16.8777696228429,16.8777696228429,
2019-03-31 00:00:00+00:00,17.4365021704195,17.4365021704195,17.4365021704195,17.4365021704195,
2019-04-01 00:00:00+00:00,17.8551870632019,17.8551870632019,17.8551870632019,17.8551870632019,
2019-04-02 00:00:00+00:00,19.8793275463622,19.8793275463622,19.8793275463622,19.8793275463622,
2019-04-03 00:00:00+00:00,18.6200433294911,18.6200433294911,18.6200433294911,18.6200433294911,
2019-04-04 00:00:00+00:00,19.1911153763556,19.1911153763556,19.1911153763556,19.1911153763556,
2019-04-05 00:00:00+00:00,19.4164983316335,19.4164983316335,19.4164983316335,19.4164983316335,
2019-04-06 00:00:00+00:00,19.0621660430118,19.0621660430118,19.0621660430118,19.0621660430118,
2019-04-07 00:00:00+00:00,19.0728682760562,19.0728682760562,19.0728682760562,19.0728682760562,
2019-04-08 00:00:00+00:00,18.1496578895742,18.1496578895742,18.1496578895742,18.1496578895742,
2019-04-09 00:00:00+00:00,18.4343660724859,18.4343660724859,18.4343660724859,18.4343660724859,
2019-04-10 00:00:00+00:00,18.2237797325358,18.2237797325358,18.2237797325358,18.2237797325358,
2019-04-11 00:00:00+00:00,17.592403937604,17.592403937604,17.592403937604,17.592403937604,
2019-04-12 00:00:00+00:00,18.4350713381414,18.4350713381414,18.4350713381414,18.4350713381414,
2019-04-13 00:00:00+00:00,18.6519324427219,18.6519324427219,18.6519324427219,18.6519324427219,
2019-04-14 00:00:00+00:00,19.4454050991736,19.4454050991736,19.4454050991736,19.4454050991736,
2019-04-15 00:00:00+00:00,19.3500523064158,19.3500523064158,19.3500523064158,19.3500523064158,
2019-04-16 00:00:00+00:00,19.7532633318582,19.7532633318582,19.7532633318582,19.7532633318582,
2019-04-17 00:00:00+00:00,19.5698757655729,19.5698757655729,19.5698757655729,19.5698757655729,
2019-04-18 00:00:00+00:00,21.9676726915151,21.9676726915151,21.9676726915151,21.9676726915151,
2019-04-19 00:00:00+00:00,24.3258423038039,24.3258423038039,24.3258423038039,24.3258423038039,
2019-04-20 00:00:00+00:00,24.9342707313896,24.9342707313896,24.9342707313896,24.9342707313896,
2019-04-21 00:00:00+00:00,24.1977757346217,24.1977757346217,24.1977757346217,24.1977757346217,
2019-04-22 00:00:00+00:00,23.8822124336454,23.8822124336454,23.8822124336454,23.8822124336454,
2019-04-23 00:00:00+00:00,22.7974006417256,22.7974006417256,22.7974006417256,22.7974006417256,
2019-04-24 00:00:00+00:00,23.0614725487315,23.0614725487315,23.0614725487315,23.0614725487315,
2019-04-25 00:00:00+00:00,21.9245141189424,21.9245141189424,21.9245141189424,21.9245141189424,
2019-04-26 00:00:00+00:00,22.3800077837777,22.3800077837777,22.3800077837777,22.3800077837777,
2019-04-27 00:00:00+00:00,21.9143811372413,21.9143811372413,21.9143811372413,21.9143811372413,
2019-04-28 00:00:00+00:00,22.3600648014188,22.3600648014188,22.3600648014188,22.3600648014188,
2019-04-29 00:00:00+00:00,21.3617115309594,21.3617115309594,21.3617115309594,21.3617115309594,
2019-04-30 00:00:00+00:00,21.8032141116126,21.8032141116126,21.8032141116126,21.8032141116126,
2019-05-01 00:00:00+00:00,21.6096817802308,21.6096817802308,21.6096817802308,21.6096817802308,
2019-05-02 00:00:00+00:00,23.1239996472099,23.1239996472099,23.1239996472099,23.1239996472099,
2019-05-03 00:00:00+00:00,23.3224148548356,23.3224148548356,23.3224148548356,23.3224148548356,
2019-05-04 00:00:00+00:00,22.643109544916,22.643109544916,22.643109544916,22.643109544916,
2019-05-05 00:00:00+00:00,22.7439150095801,22.7439150095801,22.7439150095801,22.7439150095801,
2019-05-06 00:00:00+00:00,21.9770579877076,21.9770579877076,21.9770579877076,21.9770579877076,
2019-05-07 00:00:00+00:00,20.9426993929863,20.9426993929863,20.9426993929863,20.9426993929863,
2019-05-08 00:00:00+00:00,20.4950414638811,20.4950414638811,20.4950414638811,20.4950414638811,
2019-05-09 00:00:00+00:00,18.6533781717754,18.6533781717754,18.6533781717754,18.6533781717754,
2019-05-10 00:00:00+00:00,19.4838368419928,19.4838368419928,19.4838368419928,19.4838368419928,
2019-05-11 00:00:00+00:00,21.5583530539897,21.5583530539897,21.5583530539897,21.5583530539897,
2019-05-12 00:00:00+00:00,20.7973382730129,20.7973382730129,20.7973382730129,20.7973382730129,
2019-05-13 00:00:00+00:00,23.4389311063484,23.4389311063484,23.4389311063484,23.4389311063484,
2019-05-14 00:00:00+00:00,23.5810907980939,23.5810907980939,23.5810907980939,23.5810907980939,
2019-05-15 00:00:00+00:00,26.9904513534614,26.9904513534614,26.9904513534614,26.9904513534614,
2019-05-16 00:00:00+00:00,26.3079686089917,26.3079686089917,26.3079686089917,26.3079686089917,
2019-05-17 00:00:00+00:00,25.5542024516419,25.5542024516419,25.5542024516419,25.5542024516419,
2019-05-18 00:00:00+00:00,28.8530925986379,28.8530925986379,28.8530925986379,28.8530925986379,
2019-05-19 00:00:00+00:00,29.3849306565382,29.3849306565382,29.3849306565382,29.3849306565382,
2019-05-20 00:00:00+00:00,29.3586525225618,29.3586525225618,29.3586525225618,29.3586525225618,
2019-05-21 00:00:00+00:00,32.5162784427207,32.5162784427207,32.5162784427207,32.5162784427207,
2019-05-22 00:00:00+00:00,31.3445366250116,31.3445366250116,31.3445366250116,31.3445366250116,
2019-05-23 00:00:00+00:00,31.6860826885127,31.6860826885127,31.6860826885127,31.6860826885127,
2019-05-24 00:00:00+00:00,34.0898654774848,34.0898654774848,34.0898654774848,34.0898654774848,
2019-05-25 00:00:00+00:00,35.2533496275057,35.2533496275057,35.2533496275057,35.2533496275057,
2019-05-26 00:00:00+00:00,33.8074124574217,33.8074124574217,33.8074124574217,33.8074124574217,
2019-05-27 00:00:00+00:00,33.7433721843793,33.7433721843793,33.7433721843793,33.7433721843793,
2019-05-28 00:00:00+00:00,33.1243503842349,33.1243503842349,33.1243503842349,33.1243503842349,
2019-05-29 00:00:00+00:00,33.6313192697536,33.6313192697536,33.6313192697536,33.6313192697536,
2019-05-30 00:00:00+00:00,31.7317249739527,31.7317249739527,31.7317249739527,31.7317249739527,
2019-05-31 00:00:00+00:00,32.8548957000822,32.8548957000822,32.8548957000822,32.8548957000822,
2019-06-01 00:00:00+00:00,32.9895465613914,32.9895465613914,32.9895465613914,32.9895465613914,
2019-06-02 00:00:00+00:00,33.2380491599955,33.2380491599955,33.2380491599955,33.2380491599955,
2019-06-03 00:00:00+00:00,30.8560362399242,30.8560362399242,30.8560362399242,30.8560362399242,
2019-06-04 00:00:00+00:00,29.0736419358877,29.0736419358877,29.0736419358877,29.0736419358877,
2019-06-05 00:00:00+00:00,30.9795879960974,30.9795879960974,30.9795879960974,30.9795879960974,
2019-06-06 00:00:00+00:00,31.2140765461725,31.2140765461725,31.2140765461725,31.2140765461725,
2019-06-07 00:00:00+00:00,31.5808645004691,31.5808645004691,31.5808645004691,31.5808645004691,
2019-06-08 00:00:00+00:00,31.8764189273586,31.8764189273586,31.8764189273586,31.8764189273586,
2019-06-09 00:00:00+00:00,30.2211984390633,30.2211984390633,30.2211984390633,30.2211984390633,
2019-06-10 00:00:00+00:00,32.0679764086644,32.0679764086644,32.0679764086644,32.0679764086644,
2019-06-11 00:00:00+00:00,32.046716219559,32.046716219559,32.046716219559,32.046716219559,
2019-06-12 00:00:00+00:00,34.9481980900051,34.9481980900051,34.9481980900051,34.9481980900051,
2019-06-13 00:00:00+00:00,35.0313499463095,35.0313499463095,35.0313499463095,35.0313499463095,
2019-06-14 00:00:00+00:00,32.6131514984694,32.6131514984694,32.6131514984694,32.6131514984694,
2019-06-15 00:00:00+00:00,32.8971028532138,32.8971028532138,32.8971028532138,32.8971028532138,
2019-06-16 00:00:00+00:00,32.337425821771,32.337425821771,32.337425821771,32.337425821771,
2019-06-17 00:00:00+00:00,33.8547619024119,33.8547619024119,33.8547619024119,33.8547619024119,
2019-06-18 00:00:00+00:00,34.3165569366612,34.3165569366612,34.3165569366612,34.3165569366612,
2019-06-19 00:00:00+00:00,35.2405371348772,35.2405371348772,35.2405371348772,35.2405371348772,
2019-06-20 00:00:00+00:00,36.7230651827623,36.7230651827623,36.7230651827623,36.7230651827623,
2019-06-21 00:00:00+00:00,38.7310595369598,38.7310595369598,38.7310595369598,38.7310595369598,
2019-06-22 00:00:00+00:00,37.8487047404642,37.8487047404642,37.8487047404642,37.8487047404642,
2019-06-23 00:00:00+00:00,37.1045526193163,37.1045526193163,37.1045526193163,37.1045526193163,
2019-06-24 00:00:00+00:00,37.3597172268091,37.3597172268091,37.3597172268091,37.3597172268091,
2019-06-25 00:00:00+00:00,35.9080048449862,35.9080048449862,35.9080048449862,35.9080048449862,
2019-06-26 00:00:00+00:00,35.4389352881548,35.4389352881548,35.4389352881548,35.4389352881548,
2019-06-27 00:00:00+00:00,33.6331717173729,33.6331717173729,33.6331717173729,33.6331717173729,
2019-06-28 00:00:00+00:00,34.3464439788898,34.3464439788898,34.3464439788898,34.3464439788898,
2019-06-29 00:00:00+00:00,35.463138249124,35.463138249124,35.463138249124,35.463138249124,
2019-06-30 00:00:00+00:00,32.0310320564973,32.0310320564973,32.0310320564973,32.0310320564973,
2019-07-01 00:00:00+00:00,33.14587875758,33.14587875758,33.14587875758,33.14587875758,
2019-07-02 00:00:00+00:00,31.8225724229859,31.8225724229859,31.8225724229859,31.8225724229859,
2019-07-03 00:00:00+00:00,32.5933242013258,32.5933242013258,32.5933242013258,32.5933242013258,
2019-07-04 00:00:00+00:00,33.0365689571704,33.0365689571704,33.0365689571704,33.0365689571704,
2019-07-05 00:00:00+00:00,32.6652559346765,32.6652559346765,32.6652559346765,32.6652559346765,
2019-07-06 00:00:00+00:00,32.5368455323929,32.5368455323929,32.5368455323929,32.5368455323929,
2019-07-07 00:00:00+00:00,33.0987987886225,33.0987987886225,33.0987987886225,33.0987987886225,
2019-07-08 00:00:00+00:00,33.5089544376472,33.5089544376472,33.5089544376472,33.5089544376472,
2019-07-09 00:00:00+00:00,32.5904155153183,32.5904155153183,32.5904155153183,32.5904155153183,
2019-07-10 00:00:00+00:00,31.1843626736081,31.1843626736081,31.1843626736081,31.1843626736081,
2019-07-11 00:00:00+00:00,29.2648085335625,29.2648085335625,29.2648085335625,29.2648085335625,
2019-07-12 00:00:00+00:00,31.9598871869728,31.9598871869728,31.9598871869728,31.9598871869728,
2019-07-13 00:00:00+00:00,31.4048118505705,31.4048118505705,31.4048118505705,31.4048118505705,
2019-07-14 00:00:00+00:00,28.8322000680564,28.8322000680564,28.8322000680564,28.8322000680564,
2019-07-15 00:00:00+00:00,28.3375022428803,28.3375022428803,28.3375022428803,28.3375022428803,
2019-07-16 00:00:00+00:00,25.1026088904672,25.1026088904672,25.1026088904672,25.1026088904672,
2019-07-17 00:00:00+00:00,27.6042603858107,27.6042603858107,27.6042603858107,27.6042603858107,
2019-07-18 00:00:00+00:00,29.1634428372515,29.1634428372515,29.1634428372515,29.1634428372515,
2019-07-19 00:00:00+00:00,29.0864563117189,29.0864563117189,29.0864563117189,29.0864563117189,
2019-07-20 00:00:00+00:00,31.1985530896161,31.1985530896161,31.1985530896161,31.1985530896161,
2019-07-21 00:00:00+00:00,30.3629837818787,30.3629837818787,30.3629837818787,30.3629837818787,
2019-07-22 00:00:00+00:00,30.646253469683,30.646253469683,30.646253469683,30.646253469683,
2019-07-23 00:00:00+00:00,29.3895352848994,29.3895352848994,29.3895352848994,29.3895352848994,
2019-07-24 00:00:00+00:00,28.9878085858489,28.9878085858489,28.9878085858489,28.9878085858489,
2019-07-25 00:00:00+00:00,28.9432453448722,28.9432453448722,28.9432453448722,28.9432453448722,
2019-07-26 00:00:00+00:00,28.9074305904783,28.9074305904783,28.9074305904783,28.9074305904783,
2019-07-27 00:00:00+00:00,27.6267470601204,27.6267470601204,27.6267470601204,27.6267470601204,
2019-07-28 00:00:00+00:00,27.6626710508569,27.6626710508569,27.6626710508569,27.6626710508569,
2019-07-29 00:00:00+00:00,26.9769670232228,26.9769670232228,26.9769670232228,26.9769670232228,
2019-07-30 00:00:00+00:00,26.8020750723306,26.8020750723306,26.8020750723306,26.8020750723306,
2019-07-31 00:00:00+00:00,27.6983019016735,27.6983019016735,27.6983019016735,27.6983019016735,
2019-08-01 00:00:00+00:00,28.7956750978642,28.7956750978642,28.7956750978642,28.7956750978642,
2019-08-02 00:00:00+00:00,27.8917841523353,27.8917841523353,27.8917841523353,27.8917841523353,
2019-08-03 00:00:00+00:00,27.7556380796489,27.7556380796489,27.7556380796489,27.7556380796489,
2019-08-04 00:00:00+00:00,27.4689813379526,27.4689813379526,27.4689813379526,27.4689813379526,
2019-08-05 00:00:00+00:00,27.8229943525314,27.8229943525314,27.8229943525314,27.8229943525314,
2019-08-06 00:00:00+00:00,27.5267702575803,27.5267702575803,27.5267702575803,27.5267702575803,
2019-08-07 00:00:00+00:00,29.6280517934794,29.6280517934794,29.6280517934794,29.6280517934794,
2019-08-08 00:00:00+00:00,31.3735629026767,31.3735629026767,31.3735629026767,31.3735629026767,
2019-08-09 00:00:00+00:00,29.7542003166759,29.7542003166759,29.7542003166759,29.7542003166759,
2019-08-10 00:00:00+00:00,29.5622548959842,29.5622548959842,29.5622548959842,29.5622548959842,
2019-08-11 00:00:00+00:00,30.1784666755171,30.1784666755171,30.1784666755171,30.1784666755171,
2019-08-12 00:00:00+00:00,30.154979326064,30.154979326064,30.154979326064,30.154979326064,
2019-08-13 00:00:00+00:00,29.3545769494258,29.3545769494258,29.3545769494258,29.3545769494258,
2019-08-14 00:00:00+00:00,26.8943951869751,26.8943951869751,26.8943951869751,26.8943951869751,
2019-08-15 00:00:00+00:00,28.0740772908008,28.0740772908008,28.0740772908008,28.0740772908008,
2019-08-16 00:00:00+00:00,27.5763603678449,27.5763603678449,27.5763603678449,27.5763603678449,
2019-08-17 00:00:00+00:00,27.4177663598621,27.4177663598621,27.4177663598621,27.4177663598621,
2019-08-18 00:00:00+00:00,27.9246045192794,27.9246045192794,27.9246045192794,27.9246045192794,
2019-08-19 00:00:00+00:00,28.8391026180089,28.8391026180089,28.8391026180089,28.8391026180089,
2019-08-20 00:00:00+00:00,28.0528725944817,28.0528725944817,28.0528725944817,28.0528725944817,
2019-08-21 00:00:00+00:00,26.8501680766002,26.8501680766002,26.8501680766002,26.8501680766002,
2019-08-22 00:00:00+00:00,27.0183806824122,27.0183806824122,27.0183806824122,27.0183806824122,
2019-08-23 00:00:00+00:00,27.0529907328971,27.0529907328971,27.0529907328971,27.0529907328971,
2019-08-24 00:00:00+00:00,26.316568726131,26.316568726131,26.316568726131,26.316568726131,
2019-08-25 00:00:00+00:00,26.0314901092812,26.0314901092812,26.0314901092812,26.0314901092812,
2019-08-26 00:00:00+00:00,26.0844457205242,26.0844457205242,26.0844457205242,26.0844457205242,
2019-08-27 00:00:00+00:00,25.5926521736899,25.5926521736899,25.5926521736899,25.5926521736899,
2019-08-28 00:00:00+00:00,23.4611687255738,23.4611687255738,23.4611687255738,23.4611687255738,
2019-08-29 00:00:00+00:00,21.7686479299805,21.7686479299805,21.7686479299805,21.7686479299805,
2019-08-30 00:00:00+00:00,22.1761510265903,22.1761510265903,22.1761510265903,22.1761510265903,
2019-08-31 00:00:00+00:00,21.1681372920709,21.1681372920709,21.1681372920709,21.1681372920709,
2019-09-01 00:00:00+00:00,21.505774983315,21.505774983315,21.505774983315,21.505774983315,
2019-09-02 00:00:00+00:00,22.7617513267988,22.7617513267988,22.7617513267988,22.7617513267988,
2019-09-03 00:00:00+00:00,22.3990526162338,22.3990526162338,22.3990526162338,22.3990526162338,
2019-09-04 00:00:00+00:00,21.6820974376662,21.6820974376662,21.6820974376662,21.6820974376662,
2019-09-05 00:00:00+00:00,22.7970594326913,22.7970594326913,22.7970594326913,22.7970594326913,
2019-09-06 00:00:00+00:00,22.1840079195573,22.1840079195573,22.1840079195573,22.1840079195573,
2019-09-07 00:00:00+00:00,22.4699516164121,22.4699516164121,22.4699516164121,22.4699516164121,
2019-09-08 00:00:00+00:00,22.4323489274144,22.4323489274144,22.4323489274144,22.4323489274144,
2019-09-09 00:00:00+00:00,22.1636647206658,22.1636647206658,22.1636647206658,22.1636647206658,
2019-09-10 00:00:00+00:00,21.7328190045838,21.7328190045838,21.7328190045838,21.7328190045838,
2019-09-11 00:00:00+00:00,20.7081950279875,20.7081950279875,20.7081950279875,20.7081950279875,
2019-09-12 00:00:00+00:00,20.8007887287281,20.8007887287281,20.8007887287281,20.8007887287281,
2019-09-13 00:00:00+00:00,20.7972661054707,20.7972661054707,20.7972661054707,20.7972661054707,
2019-09-14 00:00:00+00:00,21.0198224895154,21.0198224895154,21.0198224895154,21.0198224895154,
2019-09-15 00:00:00+00:00,20.4159287234081,20.4159287234081,20.4159287234081,20.4159287234081,
2019-09-16 00:00:00+00:00,20.244601110008,20.244601110008,20.244601110008,20.244601110008,
2019-09-17 00:00:00+00:00,21.1448829117715,21.1448829117715,21.1448829117715,21.1448829117715,
2019-09-18 00:00:00+00:00,22.1002443227162,22.1002443227162,22.1002443227162,22.1002443227162,
2019-09-19 00:00:00+00:00,21.560727117822,21.560727117822,21.560727117822,21.560727117822,
2019-09-20 00:00:00+00:00,21.2572751677116,21.2572751677116,21.2572751677116,21.2572751677116,
2019-09-21 00:00:00+00:00,20.9645056794679,20.9645056794679,20.9645056794679,20.9645056794679,
2019-09-22 00:00:00+00:00,20.3835531639413,20.3835531639413,20.3835531639413,20.3835531639413,
2019-09-23 00:00:00+00:00,19.2998114868228,19.2998114868228,19.2998114868228,19.2998114868228,
2019-09-24 00:00:00+00:00,15.9888051820967,15.9888051820967,15.9888051820967,15.9888051820967,
2019-09-25 00:00:00+00:00,16.0318584756525,16.0318584756525,16.0318584756525,16.0318584756525,
2019-09-26 00:00:00+00:00,15.2978814109297,15.2978814109297,15.2978814109297,15.2978814109297,
2019-09-27 00:00:00+00:00,15.6526658008936,15.6526658008936,15.6526658008936,15.6526658008936,
2019-09-28 00:00:00+00:00,15.7380398704482,15.7380398704482,15.7380398704482,15.7380398704482,
2019-09-29 00:00:00+00:00,15.2596883352125,15.2596883352125,15.2596883352125,15.2596883352125,
2019-09-30 00:00:00+00:00,15.793541078913,15.793541078913,15.793541078913,15.793541078913,
2019-10-01 00:00:00+00:00,15.8210533519694,15.8210533519694,15.8210533519694,15.8210533519694,
2019-10-02 00:00:00+00:00,15.8741299750311,15.8741299750311,15.8741299750311,15.8741299750311,
2019-10-03 00:00:00+00:00,15.7009702128673,15.7009702128673,15.7009702128673,15.7009702128673,
2019-10-04 00:00:00+00:00,15.6695253045901,15.6695253045901,15.6695253045901,15.6695253045901,
2019-10-05 00:00:00+00:00,15.6956578347012,15.6956578347012,15.6956578347012,15.6956578347012,
2019-10-06 00:00:00+00:00,15.0475571094331,15.0475571094331,15.0475571094331,15.0475571094331,
2019-10-07 00:00:00+00:00,16.109655175952,16.109655175952,16.109655175952,16.109655175952,
2019-10-08 00:00:00+00:00,15.9981285819324,15.9981285819324,15.9981285819324,15.9981285819324,
2019-10-09 00:00:00+00:00,17.8151765349503,17.8151765349503,17.8151765349503,17.8151765349503,
2019-10-10 00:00:00+00:00,17.6137544272401,17.6137544272401,17.6137544272401,17.6137544272401,
2019-10-11 00:00:00+00:00,16.6567891443604,16.6567891443604,16.6567891443604,16.6567891443604,
2019-10-12 00:00:00+00:00,17.2850259793136,17.2850259793136,17.2850259793136,17.2850259793136,
2019-10-13 00:00:00+00:00,18.2919028801679,18.2919028801679,18.2919028801679,18.2919028801679,
2019-10-14 00:00:00+00:00,18.4262665128888,18.4262665128888,18.4262665128888,18.4262665128888,
2019-10-15 00:00:00+00:00,18.4075649034136,18.4075649034136,18.4075649034136,18.4075649034136,
2019-10-16 00:00:00+00:00,17.7572654857841,17.7572654857841,17.7572654857841,17.7572654857841,
2019-10-17 00:00:00+00:00,18.4806419010166,18.4806419010166,18.4806419010166,18.4806419010166,
2019-10-18 00:00:00+00:00,18.2420473782108,18.2420473782108,18.2420473782108,18.2420473782108,
2019-10-19 00:00:00+00:00,18.1556222753909,18.1556222753909,18.1556222753909,18.1556222753909,
2019-10-20 00:00:00+00:00,18.4082646176127,18.4082646176127,18.4082646176127,18.4082646176127,
2019-10-21 00:00:00+00:00,18.2489356053771,18.2489356053771,18.2489356053771,18.2489356053771,
2019-10-22 00:00:00+00:00,18.1735971099874,18.1735971099874,18.1735971099874,18.1735971099874,
2019-10-23 00:00:00+00:00,16.6414537578332,16.6414537578332,16.6414537578332,16.6414537578332,
2019-10-24 00:00:00+00:00,17.0399868488431,17.0399868488431,17.0399868488431,17.0399868488431,
2019-10-25 00:00:00+00:00,18.5747127646554,18.5747127646554,18.5747127646554,18.5747127646554,
2019-10-26 00:00:00+00:00,18.8471078250612,18.8471078250612,18.8471078250612,18.8471078250612,
2019-10-27 00:00:00+00:00,19.3153581006263,19.3153581006263,19.3153581006263,19.3153581006263,
2019-10-28 00:00:00+00:00,20.0832946363442,20.0832946363442,20.0832946363442,20.0832946363442,
2019-10-29 00:00:00+00:00,20.7268525373945,20.7268525373945,20.7268525373945,20.7268525373945,
2019-10-30 00:00:00+00:00,20.0216765497468,20.0216765497468,20.0216765497468,20.0216765497468,
2019-10-31 00:00:00+00:00,19.9355504545881,19.9355504545881,19.9355504545881,19.9355504545881,
2019-11-01 00:00:00+00:00,20.0064928622813,20.0064928622813,20.0064928622813,20.0064928622813,
2019-11-02 00:00:00+00:00,20.2045379195032,20.2045379195032,20.2045379195032,20.2045379195032,
2019-11-03 00:00:00+00:00,20.1376508733138,20.1376508733138,20.1376508733138,20.1376508733138,
2019-11-04 00:00:00+00:00,20.6618797918911,20.6618797918911,20.6618797918911,20.6618797918911,
2019-11-05 00:00:00+00:00,20.7021952718505,20.7021952718505,20.7021952718505,20.7021952718505,
2019-11-06 00:00:00+00:00,20.6840176069938,20.6840176069938,20.6840176069938,20.6840176069938,
2019-11-07 00:00:00+00:00,20.3689220770138,20.3689220770138,20.3689220770138,20.3689220770138,
2019-11-08 00:00:00+00:00,19.6842566748144,19.6842566748144,19.6842566748144,19.6842566748144,
2019-11-09 00:00:00+00:00,19.7391641054413,19.7391641054413,19.7391641054413,19.7391641054413,
2019-11-10 00:00:00+00:00,20.4475895869942,20.4475895869942,20.4475895869942,20.4475895869942,
2019-11-11 00:00:00+00:00,20.0818152080497,20.0818152080497,20.0818152080497,20.0818152080497,
2019-11-12 00:00:00+00:00,20.8422091323944,20.8422091323944,20.8422091323944,20.8422091323944,
2019-11-13 00:00:00+00:00,21.3084386848986,21.3084386848986,21.3084386848986,21.3084386848986,
2019-11-14 00:00:00+00:00,21.2422962867558,21.2422962867558,21.2422962867558,21.2422962867558,
2019-11-15 00:00:00+00:00,20.2709006828179,20.2709006828179,20.2709006828179,20.2709006828179,
2019-11-16 00:00:00+00:00,20.1186393926754,20.1186393926754,20.1186393926754,20.1186393926754,
2019-11-17 00:00:00+00:00,20.0424130732376,20.0424130732376,20.0424130732376,20.0424130732376,
2019-11-18 00:00:00+00:00,19.0835400210715,19.0835400210715,19.0835400210715,19.0835400210715,
2019-11-19 00:00:00+00:00,18.4415224552058,18.4415224552058,18.4415224552058,18.4415224552058,
2019-11-20 00:00:00+00:00,18.0687222558098,18.0687222558098,18.0687222558098,18.0687222558098,
2019-11-21 00:00:00+00:00,16.7510342243902,16.7510342243902,16.7510342243902,16.7510342243902,
2019-11-22 00:00:00+00:00,15.468446137689,15.468446137689,15.468446137689,15.468446137689,
2019-11-23 00:00:00+00:00,16.2938152317712,16.2938152317712,16.2938152317712,16.2938152317712,
2019-11-24 00:00:00+00:00,15.177282615235,15.177282615235,15.177282615235,15.177282615235,
2019-11-25 00:00:00+00:00,15.2352032318647,15.2352032318647,15.2352032318647,15.2352032318647,
2019-11-26 00:00:00+00:00,15.3497114422527,15.3497114422527,15.3497114422527,15.3497114422527,
2019-11-27 00:00:00+00:00,15.986284743107,15.986284743107,15.986284743107,15.986284743107,
2019-11-28 00:00:00+00:00,15.5715901736841,15.5715901736841,15.5715901736841,15.5715901736841,
2019-11-29 00:00:00+00:00,16.1833787038665,16.1833787038665,16.1833787038665,16.1833787038665,
2019-11-30 00:00:00+00:00,15.7208536711914,15.7208536711914,15.7208536711914,15.7208536711914,
2019-12-01 00:00:00+00:00,15.4989963373132,15.4989963373132,15.4989963373132,15.4989963373132,
2019-12-02 00:00:00+00:00,15.1796594445476,15.1796594445476,15.1796594445476,15.1796594445476,
2019-12-03 00:00:00+00:00,15.2772438158212,15.2772438158212,15.2772438158212,15.2772438158212,
2019-12-04 00:00:00+00:00,15.1529812372679,15.1529812372679,15.1529812372679,15.1529812372679,
2019-12-05 00:00:00+00:00,15.666078008399,15.666078008399,15.666078008399,15.666078008399,
2019-12-06 00:00:00+00:00,15.6706034623901,15.6706034623901,15.6706034623901,15.6706034623901,
2019-12-07 00:00:00+00:00,15.6081330036656,15.6081330036656,15.6081330036656,15.6081330036656,
2019-12-08 00:00:00+00:00,15.6312518254322,15.6312518254322,15.6312518254322,15.6312518254322,
2019-12-09 00:00:00+00:00,15.3109195823934,15.3109195823934,15.3109195823934,15.3109195823934,
2019-12-10 00:00:00+00:00,14.7936993298959,14.7936993298959,14.7936993298959,14.7936993298959,
2019-12-11 00:00:00+00:00,14.7309199848306,14.7309199848306,14.7309199848306,14.7309199848306,
2019-12-12 00:00:00+00:00,14.7087627960143,14.7087627960143,14.7087627960143,14.7087627960143,
2019-12-13 00:00:00+00:00,14.8076760643337,14.8076760643337,14.8076760643337,14.8076760643337,
2019-12-14 00:00:00+00:00,14.3691258659555,14.3691258659555,14.3691258659555,14.3691258659555,
2019-12-15 00:00:00+00:00,14.3573724521132,14.3573724521132,14.3573724521132,14.3573724521132,
2019-12-16 00:00:00+00:00,13.4266943899066,13.4266943899066,13.4266943899066,13.4266943899066,
2019-12-17 00:00:00+00:00,12.340084412841,12.340084412841,12.340084412841,12.340084412841,
2019-12-18 00:00:00+00:00,13.5047713595858,13.5047713595858,13.5047713595858,13.5047713595858,
2019-12-19 00:00:00+00:00,13.3094365305733,13.3094365305733,13.3094365305733,13.3094365305733,
2019-12-20 00:00:00+00:00,13.4990180800796,13.4990180800796,13.4990180800796,13.4990180800796,
2019-12-21 00:00:00+00:00,13.3023853910319,13.3023853910319,13.3023853910319,13.3023853910319,
2019-12-22 00:00:00+00:00,13.7728781758347,13.7728781758347,13.7728781758347,13.7728781758347,
2019-12-23 00:00:00+00:00,13.3067730118703,13.3067730118703,13.3067730118703,13.3067730118703,
2019-12-24 00:00:00+00:00,13.3191362434396,13.3191362434396,13.3191362434396,13.3191362434396,
2019-12-25 00:00:00+00:00,13.0550718615648,13.0550718615648,13.0550718615648,13.0550718615648,
2019-12-26 00:00:00+00:00,13.1207042329964,13.1207042329964,13.1207042329964,13.1207042329964,
2019-12-27 00:00:00+00:00,13.2575406155184,13.2575406155184,13.2575406155184,13.2575406155184,
2019-12-28 00:00:00+00:00,13.6666761723011,13.6666761723011,13.6666761723011,13.6666761723011,
2019-12-29 00:00:00+00:00,14.0786422793228,14.0786422793228,14.0786422793228,14.0786422793228,
2019-12-30 00:00:00+00:00,13.8268934765044,13.8268934765044,13.8268934765044,13.8268934765044,
2019-12-31 00:00:00+00:00,13.6623969404554,13.6623969404554,13.6623969404554,13.6623969404554,
2020-01-01 00:00:00+00:00,13.631490161146,13.631490161146,13.631490161146,13.631490161146,
2020-01-02 00:00:00+00:00,12.9750225334903,12.9750225334903,12.9750225334903,12.9750225334903,
2020-01-03 00:00:00+00:00,13.595700619815,13.595700619815,13.595700619815,13.595700619815,
2020-01-04 00:00:00+00:00,13.7730723408523,13.7730723408523,13.7730723408523,13.7730723408523,
2020-01-05 00:00:00+00:00,13.9949919618876,13.9949919618876,13.9949919618876,13.9949919618876,
2020-01-06 00:00:00+00:00,14.9583160881037,14.9583160881037,14.9583160881037,14.9583160881037,
2020-01-07 00:00:00+00:00,14.9888834581337,14.9888834581337,14.9888834581337,14.9888834581337,
2020-01-08 00:00:00+00:00,14.5654794800133,14.5654794800133,14.5654794800133,14.5654794800133,
2020-01-09 00:00:00+00:00,14.3632350754181,14.3632350754181,14.3632350754181,14.3632350754181,
2020-01-10 00:00:00+00:00,15.0061384666801,15.0061384666801,15.0061384666801,15.0061384666801,
2020-01-11 00:00:00+00:00,14.9414925632201,14.9414925632201,14.9414925632201,14.9414925632201,
2020-01-12 00:00:00+00:00,15.2867950911893,15.2867950911893,15.2867950911893,15.2867950911893,
2020-01-13 00:00:00+00:00,15.1780155809368,15.1780155809368,15.1780155809368,15.1780155809368,
2020-01-14 00:00:00+00:00,16.6405070428247,16.6405070428247,16.6405070428247,16.6405070428247,
2020-01-15 00:00:00+00:00,17.6045568835021,17.6045568835021,17.6045568835021,17.6045568835021,
2020-01-16 00:00:00+00:00,17.0139936610525,17.0139936610525,17.0139936610525,17.0139936610525,
2020-01-17 00:00:00+00:00,18.1154680802415,18.1154680802415,18.1154680802415,18.1154680802415,
2020-01-18 00:00:00+00:00,17.8239385977451,17.8239385977451,17.8239385977451,17.8239385977451,
2020-01-19 00:00:00+00:00,17.3312800603507,17.3312800603507,17.3312800603507,17.3312800603507,
2020-01-20 00:00:00+00:00,17.3109376933428,17.3109376933428,17.3109376933428,17.3109376933428,
2020-01-21 00:00:00+00:00,18.0786539033973,18.0786539033973,18.0786539033973,18.0786539033973,
2020-01-22 00:00:00+00:00,17.7358150338452,17.7358150338452,17.7358150338452,17.7358150338452,
2020-01-23 00:00:00+00:00,16.9590025007338,16.9590025007338,16.9590025007338,16.9590025007338,
2020-01-24 00:00:00+00:00,17.0166503682671,17.0166503682671,17.0166503682671,17.0166503682671,
2020-01-25 00:00:00+00:00,16.9397995670644,16.9397995670644,16.9397995670644,16.9397995670644,
2020-01-26 00:00:00+00:00,17.3949321815466,17.3949321815466,17.3949321815466,17.3949321815466,
2020-01-27 00:00:00+00:00,17.626705585421,17.626705585421,17.626705585421,17.626705585421,
2020-01-28 00:00:00+00:00,17.9545336389292,17.9545336389292,17.9545336389292,17.9545336389292,
2020-01-29 00:00:00+00:00,17.8997773935013,17.8997773935013,17.8997773935013,17.8997773935013,
2020-01-30 00:00:00+00:00,18.5824826803007,18.5824826803007,18.5824826803007,18.5824826803007,
2020-01-31 00:00:00+00:00,18.1638100216082,18.1638100216082,18.1638100216082,18.1638100216082,
2020-02-01 00:00:00+00:00,18.188942984976,18.188942984976,18.188942984976,18.188942984976,
2020-02-02 00:00:00+00:00,18.4309303442103,18.4309303442103,18.4309303442103,18.4309303442103,
2020-02-03 00:00:00+00:00,18.4281365246017,18.4281365246017,18.4281365246017,18.4281365246017,
2020-02-04 00:00:00+00:00,18.1014177417424,18.1014177417424,18.1014177417424,18.1014177417424,
2020-02-05 00:00:00+00:00,19.2585827236388,19.2585827236388,19.2585827236388,19.2585827236388,
2020-02-06 00:00:00+00:00,20.5897705210849,20.5897705210849,20.5897705210849,20.5897705210849,
2020-02-07 00:00:00+00:00,22.0974081431909,22.0974081431909,22.0974081431909,22.0974081431909,
2020-02-08 00:00:00+00:00,21.8394147981541,21.8394147981541,21.8394147981541,21.8394147981541,
2020-02-09 00:00:00+00:00,24.1138708547721,24.1138708547721,24.1138708547721,24.1138708547721,
2020-02-10 00:00:00+00:00,25.2304893387626,25.2304893387626,25.2304893387626,25.2304893387626,
2020-02-11 00:00:00+00:00,25.7713015115268,25.7713015115268,25.7713015115268,25.7713015115268,
2020-02-12 00:00:00+00:00,26.5536334060468,26.5536334060468,26.5536334060468,26.5536334060468,
2020-02-13 00:00:00+00:00,25.4585433331774,25.4585433331774,25.4585433331774,25.4585433331774,
2020-02-14 00:00:00+00:00,26.3265359522644,26.3265359522644,26.3265359522644,26.3265359522644,
2020-02-15 00:00:00+00:00,24.1360339081174,24.1360339081174,24.1360339081174,24.1360339081174,
2020-02-16 00:00:00+00:00,23.5357649794007,23.5357649794007,23.5357649794007,23.5357649794007,
2020-02-17 00:00:00+00:00,23.4555218517961,23.4555218517961,23.4555218517961,23.4555218517961,
2020-02-18 00:00:00+00:00,24.1383555810323,24.1383555810323,24.1383555810323,24.1383555810323,
2020-02-19 00:00:00+00:00,22.4562888593963,22.4562888593963,22.4562888593963,22.4562888593963,
2020-02-20 00:00:00+00:00,22.214081917268,22.214081917268,22.214081917268,22.214081917268,
2020-02-21 00:00:00+00:00,22.1724921755164,22.1724921755164,22.1724921755164,22.1724921755164,
2020-02-22 00:00:00+00:00,21.9904823343127,21.9904823343127,21.9904823343127,21.9904823343127,
2020-02-23 00:00:00+00:00,22.9077198525552,22.9077198525552,22.9077198525552,22.9077198525552,
2020-02-24 00:00:00+00:00,21.9489519261967,21.9489519261967,21.9489519261967,21.9489519261967,
2020-02-25 00:00:00+00:00,20.4232226487601,20.4232226487601,20.4232226487601,20.4232226487601,
2020-02-26 00:00:00+00:00,18.6625861146962,18.6625861146962,18.6625861146962,18.6625861146962,
2020-02-27 00:00:00+00:00,19.0675135173832,19.0675135173832,19.0675135173832,19.0675135173832,
2020-02-28 00:00:00+00:00,19.1025172104468,19.1025172104468,19.1025172104468,19.1025172104468,
2020-02-29 00:00:00+00:00,19.4605516012019,19.4605516012019,19.4605516012019,19.4605516012019,
2020-03-01 00:00:00+00:00,18.9446140826982,18.9446140826982,18.9446140826982,18.9446140826982,
2020-03-02 00:00:00+00:00,19.8840017907077,19.8840017907077,19.8840017907077,19.8840017907077,
2020-03-03 00:00:00+00:00,19.61243889949,19.61243889949,19.61243889949,19.61243889949,
2020-03-04 00:00:00+00:00,19.988723571936,19.988723571936,19.988723571936,19.988723571936,
2020-03-05 00:00:00+00:00,20.7450827798553,20.7450827798553,20.7450827798553,20.7450827798553,
2020-03-06 00:00:00+00:00,21.3662054302641,21.3662054302641,21.3662054302641,21.3662054302641,
2020-03-07 00:00:00+00:00,20.0848023991063,20.0848023991063,20.0848023991063,20.0848023991063,
2020-03-08 00:00:00+00:00,17.2629473976824,17.2629473976824,17.2629473976824,17.2629473976824,
2020-03-09 00:00:00+00:00,16.4884863605781,16.4884863605781,16.4884863605781,16.4884863605781,
2020-03-10 00:00:00+00:00,16.8997962736932,16.8997962736932,16.8997962736932,16.8997962736932,
2020-03-11 00:00:00+00:00,16.530288869991,16.530288869991,16.530288869991,16.530288869991,
2020-03-12 00:00:00+00:00,9.71251593541703,9.71251593541703,9.71251593541703,9.71251593541703,
2020-03-13 00:00:00+00:00,11.0269292945539,11.0269292945539,11.0269292945539,11.0269292945539,
2020-03-14 00:00:00+00:00,10.0753002876517,10.0753002876517,10.0753002876517,10.0753002876517,
2020-03-15 00:00:00+00:00,10.389409881031,10.389409881031,10.389409881031,10.389409881031,
2020-03-16 00:00:00+00:00,9.37377222583996,9.37377222583996,9.37377222583996,9.37377222583996,
2020-03-17 00:00:00+00:00,10.3882416882227,10.3882416882227,10.3882416882227,10.3882416882227,
2020-03-18 00:00:00+00:00,10.3705931881954,10.3705931881954,10.3705931881954,10.3705931881954,
2020-03-19 00:00:00+00:00,12.3177999675156,12.3177999675156,12.3177999675156,12.3177999675156,
2020-03-20 00:00:00+00:00,11.8165351688584,11.8165351688584,11.8165351688584,11.8165351688584,
2020-03-21 00:00:00+00:00,12.0568888142481,12.0568888142481,12.0568888142481,12.0568888142481,
2020-03-22 00:00:00+00:00,11.1826378344471,11.1826378344471,11.1826378344471,11.1826378344471,
2020-03-23 00:00:00+00:00,12.1763246115506,12.1763246115506,12.1763246115506,12.1763246115506,
2020-03-24 00:00:00+00:00,12.4792040742016,12.4792040742016,12.4792040742016,12.4792040742016,
2020-03-25 00:00:00+00:00,12.3360962565759,12.3360962565759,12.3360962565759,12.3360962565759,
2020-03-26 00:00:00+00:00,13.1720346366329,13.1720346366329,13.1720346366329,13.1720346366329,
2020-03-27 00:00:00+00:00,12.55192721752,12.55192721752,12.55192721752,12.55192721752,
2020-03-28 00:00:00+00:00,12.1844448524969,12.1844448524969,12.1844448524969,12.1844448524969,
2020-03-29 00:00:00+00:00,11.3449506544314,11.3449506544314,11.3449506544314,11.3449506544314,
2020-03-30 00:00:00+00:00,12.214697078476,12.214697078476,12.214697078476,12.214697078476,
2020-03-31 00:00:00+00:00,12.6132965780017,12.6132965780017,12.6132965780017,12.6132965780017,
2020-04-01 00:00:00+00:00,12.7240344603953,12.7240344603953,12.7240344603953,12.7240344603953,
2020-04-02 00:00:00+00:00,13.0488942734771,13.0488942734771,13.0488942734771,13.0488942734771,
2020-04-03 00:00:00+00:00,13.3635739605361,13.3635739605361,13.3635739605361,13.3635739605361,
2020-04-04 00:00:00+00:00,13.8086629823008,13.8086629823008,13.8086629823008,13.8086629823008,
2020-04-05 00:00:00+00:00,13.7017552910974,13.7017552910974,13.7017552910974,13.7017552910974,
2020-04-06 00:00:00+00:00,15.1251782358098,15.1251782358098,15.1251782358098,15.1251782358098,
2020-04-07 00:00:00+00:00,14.6255737193563,14.6255737193563,14.6255737193563,14.6255737193563,
2020-04-08 00:00:00+00:00,15.1249762820283,15.1249762820283,15.1249762820283,15.1249762820283,
2020-04-09 00:00:00+00:00,15.0435617973283,15.0435617973283,15.0435617973283,15.0435617973283,
2020-04-10 00:00:00+00:00,13.7366261059365,13.7366261059365,13.7366261059365,13.7366261059365,
2020-04-11 00:00:00+00:00,13.8159379127521,13.8159379127521,13.8159379127521,13.8159379127521,
2020-04-12 00:00:00+00:00,14.3878973171325,14.3878973171325,14.3878973171325,14.3878973171325,
2020-04-13 00:00:00+00:00,15.0307674702069,15.0307674702069,15.0307674702069,15.0307674702069,
2020-04-14 00:00:00+00:00,15.6248045369338,15.6248045369338,15.6248045369338,15.6248045369338,
2020-04-15 00:00:00+00:00,14.5839456457363,14.5839456457363,14.5839456457363,14.5839456457363,
2020-04-16 00:00:00+00:00,15.7307249280375,15.7307249280375,15.7307249280375,15.7307249280375,
2020-04-17 00:00:00+00:00,15.7322059941743,15.7322059941743,15.7322059941743,15.7322059941743,
2020-04-18 00:00:00+00:00,16.6317064354381,16.6317064354381,16.6317064354381,16.6317064354381,
2020-04-19 00:00:00+00:00,16.1450841537158,16.1450841537158,16.1450841537158,16.1450841537158,
2020-04-20 00:00:00+00:00,15.0765813339477,15.0765813339477,15.0765813339477,15.0765813339477,
2020-04-21 00:00:00+00:00,15.1725586238247,15.1725586238247,15.1725586238247,15.1725586238247,
2020-04-22 00:00:00+00:00,15.7184184008547,15.7184184008547,15.7184184008547,15.7184184008547,
2020-04-23 00:00:00+00:00,16.0612056569353,16.0612056569353,16.0612056569353,16.0612056569353,
2020-04-24 00:00:00+00:00,15.9205219303088,15.9205219303088,15.9205219303088,15.9205219303088,
2020-04-25 00:00:00+00:00,16.2372939785797,16.2372939785797,16.2372939785797,16.2372939785797,
2020-04-26 00:00:00+00:00,16.375285400693,16.375285400693,16.375285400693,16.375285400693,
2020-04-27 00:00:00+00:00,16.4087114855207,16.4087114855207,16.4087114855207,16.4087114855207,
2020-04-28 00:00:00+00:00,16.3855333158578,16.3855333158578,16.3855333158578,16.3855333158578,
2020-04-29 00:00:00+00:00,17.3723154960838,17.3723154960838,17.3723154960838,17.3723154960838,
2020-04-30 00:00:00+00:00,17.031667631595,17.031667631595,17.031667631595,17.031667631595,
2020-05-01 00:00:00+00:00,17.489948156261,17.489948156261,17.489948156261,17.489948156261,
2020-05-02 00:00:00+00:00,17.547505362244,17.547505362244,17.547505362244,17.547505362244,
2020-05-03 00:00:00+00:00,17.0959598218156,17.0959598218156,17.0959598218156,17.0959598218156,
2020-05-04 00:00:00+00:00,17.012390882028,17.012390882028,17.012390882028,17.012390882028,
2020-05-05 00:00:00+00:00,16.8509498848443,16.8509498848443,16.8509498848443,16.8509498848443,
2020-05-06 00:00:00+00:00,16.6750762603102,16.6750762603102,16.6750762603102,16.6750762603102,
2020-05-07 00:00:00+00:00,17.0426083646152,17.0426083646152,17.0426083646152,17.0426083646152,
2020-05-08 00:00:00+00:00,17.2152164511248,17.2152164511248,17.2152164511248,17.2152164511248,
2020-05-09 00:00:00+00:00,16.9074389951084,16.9074389951084,16.9074389951084,16.9074389951084,
2020-05-10 00:00:00+00:00,15.2422003945906,15.2422003945906,15.2422003945906,15.2422003945906,
2020-05-11 00:00:00+00:00,15.062912860195,15.062912860195,15.062912860195,15.062912860195,
2020-05-12 00:00:00+00:00,15.8044867550435,15.8044867550435,15.8044867550435,15.8044867550435,
2020-05-13 00:00:00+00:00,16.2111954386745,16.2111954386745,16.2111954386745,16.2111954386745,
2020-05-14 00:00:00+00:00,16.3875968466138,16.3875968466138,16.3875968466138,16.3875968466138,
2020-05-15 00:00:00+00:00,15.7393449150209,15.7393449150209,15.7393449150209,15.7393449150209,
2020-05-16 00:00:00+00:00,16.0614257010582,16.0614257010582,16.0614257010582,16.0614257010582,
2020-05-17 00:00:00+00:00,16.287812542962,16.287812542962,16.287812542962,16.287812542962,
2020-05-18 00:00:00+00:00,16.6310247441435,16.6310247441435,16.6310247441435,16.6310247441435,
2020-05-19 00:00:00+00:00,17.1754091767286,17.1754091767286,17.1754091767286,17.1754091767286,
2020-05-20 00:00:00+00:00,16.8846273731728,16.8846273731728,16.8846273731728,16.8846273731728,
2020-05-21 00:00:00+00:00,16.0954425238953,16.0954425238953,16.0954425238953,16.0954425238953,
2020-05-22 00:00:00+00:00,16.5887259163676,16.5887259163676,16.5887259163676,16.5887259163676,
2020-05-23 00:00:00+00:00,16.4883535760924,16.4883535760924,16.4883535760924,16.4883535760924,
2020-05-24 00:00:00+00:00,16.1106664830711,16.1106664830711,16.1106664830711,16.1106664830711,
2020-05-25 00:00:00+00:00,16.3695949959618,16.3695949959618,16.3695949959618,16.3695949959618,
2020-05-26 00:00:00+00:00,16.2123059549513,16.2123059549513,16.2123059549513,16.2123059549513,
2020-05-27 00:00:00+00:00,16.429120332989,16.429120332989,16.429120332989,16.429120332989,
2020-05-28 00:00:00+00:00,17.0787211298843,17.0787211298843,17.0787211298843,17.0787211298843,
2020-05-29 00:00:00+00:00,17.0112394088726,17.0112394088726,17.0112394088726,17.0112394088726,
2020-05-30 00:00:00+00:00,17.7244234277306,17.7244234277306,17.7244234277306,17.7244234277306,
2020-05-31 00:00:00+00:00,16.985403425764,16.985403425764,16.985403425764,16.985403425764,
2020-06-01 00:00:00+00:00,17.9738075662034,17.9738075662034,17.9738075662034,17.9738075662034,
2020-06-02 00:00:00+00:00,17.2684408399984,17.2684408399984,17.2684408399984,17.2684408399984,
2020-06-03 00:00:00+00:00,17.5458449041149,17.5458449041149,17.5458449041149,17.5458449041149,
2020-06-04 00:00:00+00:00,17.5480396493531,17.5480396493531,17.5480396493531,17.5480396493531,
2020-06-05 00:00:00+00:00,17.6738912806951,17.6738912806951,17.6738912806951,17.6738912806951,
2020-06-06 00:00:00+00:00,17.557578444549,17.557578444549,17.557578444549,17.557578444549,
2020-06-07 00:00:00+00:00,17.3952325195479,17.3952325195479,17.3952325195479,17.3952325195479,
2020-06-08 00:00:00+00:00,17.4020209968146,17.4020209968146,17.4020209968146,17.4020209968146,
2020-06-09 00:00:00+00:00,17.3769386746104,17.3769386746104,17.3769386746104,17.3769386746104,
2020-06-10 00:00:00+00:00,17.41594278982,17.41594278982,17.41594278982,17.41594278982,
2020-06-11 00:00:00+00:00,16.2561929780002,16.2561929780002,16.2561929780002,16.2561929780002,
2020-06-12 00:00:00+00:00,16.6078175987372,16.6078175987372,16.6078175987372,16.6078175987372,
2020-06-13 00:00:00+00:00,16.7980658478898,16.7980658478898,16.7980658478898,16.7980658478898,
2020-06-14 00:00:00+00:00,16.5639157351973,16.5639157351973,16.5639157351973,16.5639157351973,
2020-06-15 00:00:00+00:00,16.4031588134652,16.4031588134652,16.4031588134652,16.4031588134652,
2020-06-16 00:00:00+00:00,16.4057757983286,16.4057757983286,16.4057757983286,16.4057757983286,
2020-06-17 00:00:00+00:00,16.3751722071786,16.3751722071786,16.3751722071786,16.3751722071786,
2020-06-18 00:00:00+00:00,16.1566527526663,16.1566527526663,16.1566527526663,16.1566527526663,
2020-06-19 00:00:00+00:00,15.9657722907364,15.9657722907364,15.9657722907364,15.9657722907364,
2020-06-20 00:00:00+00:00,16.0578471620977,16.0578471620977,16.0578471620977,16.0578471620977,
2020-06-21 00:00:00+00:00,15.9407990838984,15.9407990838984,15.9407990838984,15.9407990838984,
2020-06-22 00:00:00+00:00,16.4719272615256,16.4719272615256,16.4719272615256,16.4719272615256,
2020-06-23 00:00:00+00:00,16.361725363385,16.361725363385,16.361725363385,16.361725363385,
2020-06-24 00:00:00+00:00,16.0126944590664,16.0126944590664,16.0126944590664,16.0126944590664,
2020-06-25 00:00:00+00:00,15.9056171156966,15.9056171156966,15.9056171156966,15.9056171156966,
2020-06-26 00:00:00+00:00,15.7516933058625,15.7516933058625,15.7516933058625,15.7516933058625,
2020-06-27 00:00:00+00:00,15.1293023910967,15.1293023910967,15.1293023910967,15.1293023910967,
2020-06-28 00:00:00+00:00,15.3532966929143,15.3532966929143,15.3532966929143,15.3532966929143,
2020-06-29 00:00:00+00:00,15.4844076981865,15.4844076981865,15.4844076981865,15.4844076981865,
2020-06-30 00:00:00+00:00,15.4272636550365,15.4272636550365,15.4272636550365,15.4272636550365,
2020-07-01 00:00:00+00:00,15.8303792752886,15.8303792752886,15.8303792752886,15.8303792752886,
2020-07-02 00:00:00+00:00,15.360334422338,15.360334422338,15.360334422338,15.360334422338,
2020-07-03 00:00:00+00:00,15.2985010867387,15.2985010867387,15.2985010867387,15.2985010867387,
2020-07-04 00:00:00+00:00,15.5383545099487,15.5383545099487,15.5383545099487,15.5383545099487,
2020-07-05 00:00:00+00:00,15.4838798069555,15.4838798069555,15.4838798069555,15.4838798069555,
2020-07-06 00:00:00+00:00,16.2895988377406,16.2895988377406,16.2895988377406,16.2895988377406,
2020-07-07 00:00:00+00:00,16.7380007969436,16.7380007969436,16.7380007969436,16.7380007969436,
2020-07-08 00:00:00+00:00,17.2029076453396,17.2029076453396,17.2029076453396,17.2029076453396,
2020-07-09 00:00:00+00:00,16.7901307302337,16.7901307302337,16.7901307302337,16.7901307302337,
2020-07-10 00:00:00+00:00,17.2756859035463,17.2756859035463,17.2756859035463,17.2756859035463,
2020-07-11 00:00:00+00:00,17.6290516556438,17.6290516556438,17.6290516556438,17.6290516556438,
2020-07-12 00:00:00+00:00,18.2361316081295,18.2361316081295,18.2361316081295,18.2361316081295,
2020-07-13 00:00:00+00:00,18.3203438632596,18.3203438632596,18.3203438632596,18.3203438632596,
2020-07-14 00:00:00+00:00,18.1146237046027,18.1146237046027,18.1146237046027,18.1146237046027,
2020-07-15 00:00:00+00:00,17.5651164674492,17.5651164674492,17.5651164674492,17.5651164674492,
2020-07-16 00:00:00+00:00,17.142419568925,17.142419568925,17.142419568925,17.142419568925,
2020-07-17 00:00:00+00:00,17.0725837704609,17.0725837704609,17.0725837704609,17.0725837704609,
2020-07-18 00:00:00+00:00,17.1569562979822,17.1569562979822,17.1569562979822,17.1569562979822,
2020-07-19 00:00:00+00:00,18.0291313739497,18.0291313739497,18.0291313739497,18.0291313739497,
2020-07-20 00:00:00+00:00,17.5453564327161,17.5453564327161,17.5453564327161,17.5453564327161,
2020-07-21 00:00:00+00:00,17.7425086050705,17.7425086050705,17.7425086050705,17.7425086050705,
2020-07-22 00:00:00+00:00,18.0181311004472,18.0181311004472,18.0181311004472,18.0181311004472,
2020-07-23 00:00:00+00:00,18.7140593809548,18.7140593809548,18.7140593809548,18.7140593809548,
2020-07-24 00:00:00+00:00,19.2046291098759,19.2046291098759,19.2046291098759,19.2046291098759,
2020-07-25 00:00:00+00:00,19.8542701598449,19.8542701598449,19.8542701598449,19.8542701598449,
2020-07-26 00:00:00+00:00,19.5470935200502,19.5470935200502,19.5470935200502,19.5470935200502,
2020-07-27 00:00:00+00:00,19.7820088725477,19.7820088725477,19.7820088725477,19.7820088725477,
2020-07-28 00:00:00+00:00,20.2301633238086,20.2301633238086,20.2301633238086,20.2301633238086,
2020-07-29 00:00:00+00:00,19.8734425843684,19.8734425843684,19.8734425843684,19.8734425843684,
2020-07-30 00:00:00+00:00,20.0429239111412,20.0429239111412,20.0429239111412,20.0429239111412,
2020-07-31 00:00:00+00:00,20.6635822257958,20.6635822257958,20.6635822257958,20.6635822257958,
2020-08-01 00:00:00+00:00,21.587748734383,21.587748734383,21.587748734383,21.587748734383,
2020-08-02 00:00:00+00:00,20.8897756363974,20.8897756363974,20.8897756363974,20.8897756363974,
2020-08-03 00:00:00+00:00,21.911122544725,21.911122544725,21.911122544725,21.911122544725,
2020-08-04 00:00:00+00:00,22.3068403819979,22.3068403819979,22.3068403819979,22.3068403819979,
2020-08-05 00:00:00+00:00,23.2548745837505,23.2548745837505,23.2548745837505,23.2548745837505,
2020-08-06 00:00:00+00:00,22.7347507742352,22.7347507742352,22.7347507742352,22.7347507742352,
2020-08-07 00:00:00+00:00,22.2420436074239,22.2420436074239,22.2420436074239,22.2420436074239,
2020-08-08 00:00:00+00:00,22.8550794899187,22.8550794899187,22.8550794899187,22.8550794899187,
2020-08-09 00:00:00+00:00,22.393113493786,22.393113493786,22.393113493786,22.393113493786,
2020-08-10 00:00:00+00:00,22.592213852044,22.592213852044,22.592213852044,22.592213852044,
2020-08-11 00:00:00+00:00,21.0990812783861,21.0990812783861,21.0990812783861,21.0990812783861,
2020-08-12 00:00:00+00:00,21.5745254086856,21.5745254086856,21.5745254086856,21.5745254086856,
2020-08-13 00:00:00+00:00,21.7904079459565,21.7904079459565,21.7904079459565,21.7904079459565,
2020-08-14 00:00:00+00:00,23.014387882059,23.014387882059,23.014387882059,23.014387882059,
2020-08-15 00:00:00+00:00,22.968249138938,22.968249138938,22.968249138938,22.968249138938,
2020-08-16 00:00:00+00:00,23.4349188219892,23.4349188219892,23.4349188219892,23.4349188219892,
2020-08-17 00:00:00+00:00,23.6060756099575,23.6060756099575,23.6060756099575,23.6060756099575,
2020-08-18 00:00:00+00:00,23.0422860500994,23.0422860500994,23.0422860500994,23.0422860500994,
2020-08-19 00:00:00+00:00,22.3362264621092,22.3362264621092,22.3362264621092,22.3362264621092,
2020-08-20 00:00:00+00:00,23.0839668895922,23.0839668895922,23.0839668895922,23.0839668895922,
2020-08-21 00:00:00+00:00,22.0438062602953,22.0438062602953,22.0438062602953,22.0438062602953,
2020-08-22 00:00:00+00:00,22.2020522457369,22.2020522457369,22.2020522457369,22.2020522457369,
2020-08-23 00:00:00+00:00,21.859291104273,21.859291104273,21.859291104273,21.859291104273,
2020-08-24 00:00:00+00:00,22.5457294074151,22.5457294074151,22.5457294074151,22.5457294074151,
2020-08-25 00:00:00+00:00,21.4515085605321,21.4515085605321,21.4515085605321,21.4515085605321,
2020-08-26 00:00:00+00:00,22.3056474701517,22.3056474701517,22.3056474701517,22.3056474701517,
2020-08-27 00:00:00+00:00,22.9988570033785,22.9988570033785,22.9988570033785,22.9988570033785,
2020-08-28 00:00:00+00:00,23.065797084959,23.065797084959,23.065797084959,23.065797084959,
2020-08-29 00:00:00+00:00,23.0775352196731,23.0775352196731,23.0775352196731,23.0775352196731,
2020-08-30 00:00:00+00:00,23.6246025239135,23.6246025239135,23.6246025239135,23.6246025239135,
2020-08-31 00:00:00+00:00,23.2116947097556,23.2116947097556,23.2116947097556,23.2116947097556,
2020-09-01 00:00:00+00:00,24.889003670676,24.889003670676,24.889003670676,24.889003670676,
2020-09-02 00:00:00+00:00,24.7576526793646,24.7576526793646,24.7576526793646,24.7576526793646,
2020-09-03 00:00:00+00:00,20.778159079554,20.778159079554,20.778159079554,20.778159079554,
2020-09-04 00:00:00+00:00,20.9925396857744,20.9925396857744,20.9925396857744,20.9925396857744,
2020-09-05 00:00:00+00:00,19.2479993372131,19.2479993372131,19.2479993372131,19.2479993372131,
2020-09-06 00:00:00+00:00,23.1534633198407,23.1534633198407,23.1534633198407,23.1534633198407,
2020-09-07 00:00:00+00:00,22.2487059818674,22.2487059818674,22.2487059818674,22.2487059818674,
2020-09-08 00:00:00+00:00,22.9666538701336,22.9666538701336,22.9666538701336,22.9666538701336,
2020-09-09 00:00:00+00:00,24.3765431439453,24.3765431439453,24.3765431439453,24.3765431439453,
2020-09-10 00:00:00+00:00,24.3824584636411,24.3824584636411,24.3824584636411,24.3824584636411,
2020-09-11 00:00:00+00:00,25.4132894381661,25.4132894381661,25.4132894381661,25.4132894381661,
2020-09-12 00:00:00+00:00,28.3826225781716,28.3826225781716,28.3826225781716,28.3826225781716,
2020-09-13 00:00:00+00:00,30.9041437168659,30.9041437168659,30.9041437168659,30.9041437168659,
2020-09-14 00:00:00+00:00,30.5700455049006,30.5700455049006,30.5700455049006,30.5700455049006,
2020-09-15 00:00:00+00:00,27.0725281674832,27.0725281674832,27.0725281674832,27.0725281674832,
2020-09-16 00:00:00+00:00,27.9085202013225,27.9085202013225,27.9085202013225,27.9085202013225,
2020-09-17 00:00:00+00:00,26.8464561913296,26.8464561913296,26.8464561913296,26.8464561913296,
2020-09-18 00:00:00+00:00,26.9540777591302,26.9540777591302,26.9540777591302,26.9540777591302,
2020-09-19 00:00:00+00:00,27.1841192208239,27.1841192208239,27.1841192208239,27.1841192208239,
2020-09-20 00:00:00+00:00,26.0478300976528,26.0478300976528,26.0478300976528,26.0478300976528,
2020-09-21 00:00:00+00:00,23.4841052107501,23.4841052107501,23.4841052107501,23.4841052107501,
2020-09-22 00:00:00+00:00,23.9583140291919,23.9583140291919,23.9583140291919,23.9583140291919,
2020-09-23 00:00:00+00:00,22.7789025340952,22.7789025340952,22.7789025340952,22.7789025340952,
2020-09-24 00:00:00+00:00,24.5536227809975,24.5536227809975,24.5536227809975,24.5536227809975,
2020-09-25 00:00:00+00:00,24.6365063063007,24.6365063063007,24.6365063063007,24.6365063063007,
2020-09-26 00:00:00+00:00,26.1923924104935,26.1923924104935,26.1923924104935,26.1923924104935,
2020-09-27 00:00:00+00:00,26.1236139031994,26.1236139031994,26.1236139031994,26.1236139031994,
2020-09-28 00:00:00+00:00,26.9892480715742,26.9892480715742,26.9892480715742,26.9892480715742,
2020-09-29 00:00:00+00:00,28.8446326001323,28.8446326001323,28.8446326001323,28.8446326001323,
2020-09-30 00:00:00+00:00,29.3435396013117,29.3435396013117,29.3435396013117,29.3435396013117,
2020-10-01 00:00:00+00:00,27.3145220671569,27.3145220671569,27.3145220671569,27.3145220671569,
2020-10-02 00:00:00+00:00,27.2281757175412,27.2281757175412,27.2281757175412,27.2281757175412,
2020-10-03 00:00:00+00:00,28.1567390521222,28.1567390521222,28.1567390521222,28.1567390521222,
2020-10-04 00:00:00+00:00,28.9599916394206,28.9599916394206,28.9599916394206,28.9599916394206,
2020-10-05 00:00:00+00:00,28.6149595049698,28.6149595049698,28.6149595049698,28.6149595049698,
2020-10-06 00:00:00+00:00,27.6201312994376,27.6201312994376,27.6201312994376,27.6201312994376,
2020-10-07 00:00:00+00:00,27.6775223737517,27.6775223737517,27.6775223737517,27.6775223737517,
2020-10-08 00:00:00+00:00,27.6564555982619,27.6564555982619,27.6564555982619,27.6564555982619,
2020-10-09 00:00:00+00:00,28.4249557764551,28.4249557764551,28.4249557764551,28.4249557764551,
2020-10-10 00:00:00+00:00,28.2861050386427,28.2861050386427,28.2861050386427,28.2861050386427,
2020-10-11 00:00:00+00:00,28.5168673182772,28.5168673182772,28.5168673182772,28.5168673182772,
2020-10-12 00:00:00+00:00,30.6505272076186,30.6505272076186,30.6505272076186,30.6505272076186,
2020-10-13 00:00:00+00:00,30.7048894972681,30.7048894972681,30.7048894972681,30.7048894972681,
2020-10-14 00:00:00+00:00,30.855945543151,30.855945543151,30.855945543151,30.855945543151,
2020-10-15 00:00:00+00:00,31.259541356577,31.259541356577,31.259541356577,31.259541356577,
2020-10-16 00:00:00+00:00,29.9876974999001,29.9876974999001,29.9876974999001,29.9876974999001,
2020-10-17 00:00:00+00:00,30.2154445925827,30.2154445925827,30.2154445925827,30.2154445925827,
2020-10-18 00:00:00+00:00,30.6279367107674,30.6279367107674,30.6279367107674,30.6279367107674,
2020-10-19 00:00:00+00:00,29.9065867816384,29.9065867816384,29.9065867816384,29.9065867816384,
2020-10-20 00:00:00+00:00,28.7745905595586,28.7745905595586,28.7745905595586,28.7745905595586,
2020-10-21 00:00:00+00:00,29.7308383241906,29.7308383241906,29.7308383241906,29.7308383241906,
2020-10-22 00:00:00+00:00,30.6576614453381,30.6576614453381,30.6576614453381,30.6576614453381,
2020-10-23 00:00:00+00:00,30.5791317537161,30.5791317537161,30.5791317537161,30.5791317537161,
2020-10-24 00:00:00+00:00,30.6075664679258,30.6075664679258,30.6075664679258,30.6075664679258,
2020-10-25 00:00:00+00:00,30.1230488933193,30.1230488933193,30.1230488933193,30.1230488933193,
2020-10-26 00:00:00+00:00,31.1934218144289,31.1934218144289,31.1934218144289,31.1934218144289,
2020-10-27 00:00:00+00:00,31.600189655386,31.600189655386,31.600189655386,31.600189655386,
2020-10-28 00:00:00+00:00,30.3914845705847,30.3914845705847,30.3914845705847,30.3914845705847,
2020-10-29 00:00:00+00:00,29.8880728283953,29.8880728283953,29.8880728283953,29.8880728283953,
2020-10-30 00:00:00+00:00,28.5541798983073,28.5541798983073,28.5541798983073,28.5541798983073,
2020-10-31 00:00:00+00:00,28.40350553006,28.40350553006,28.40350553006,28.40350553006,
2020-11-01 00:00:00+00:00,28.3871241336234,28.3871241336234,28.3871241336234,28.3871241336234,
2020-11-02 00:00:00+00:00,27.917180064808,27.917180064808,27.917180064808,27.917180064808,
2020-11-03 00:00:00+00:00,26.9050508022402,26.9050508022402,26.9050508022402,26.9050508022402,
2020-11-04 00:00:00+00:00,26.8512695677204,26.8512695677204,26.8512695677204,26.8512695677204,
2020-11-05 00:00:00+00:00,27.7153448242996,27.7153448242996,27.7153448242996,27.7153448242996,
2020-11-06 00:00:00+00:00,29.0237675834717,29.0237675834717,29.0237675834717,29.0237675834717,
2020-11-07 00:00:00+00:00,27.8066408818793,27.8066408818793,27.8066408818793,27.8066408818793,
2020-11-08 00:00:00+00:00,28.3375294010671,28.3375294010671,28.3375294010671,28.3375294010671,
2020-11-09 00:00:00+00:00,27.9382039785232,27.9382039785232,27.9382039785232,27.9382039785232,
2020-11-10 00:00:00+00:00,28.2075075775992,28.2075075775992,28.2075075775992,28.2075075775992,
2020-11-11 00:00:00+00:00,27.9300993682686,27.9300993682686,27.9300993682686,27.9300993682686,
2020-11-12 00:00:00+00:00,27.5987065084207,27.5987065084207,27.5987065084207,27.5987065084207,
2020-11-13 00:00:00+00:00,28.2076888364255,28.2076888364255,28.2076888364255,28.2076888364255,
2020-11-14 00:00:00+00:00,27.9717784783927,27.9717784783927,27.9717784783927,27.9717784783927,
2020-11-15 00:00:00+00:00,27.6218845933932,27.6218845933932,27.6218845933932,27.6218845933932,
2020-11-16 00:00:00+00:00,28.0561401325842,28.0561401325842,28.0561401325842,28.0561401325842,
2020-11-17 00:00:00+00:00,28.5163162799016,28.5163162799016,28.5163162799016,28.5163162799016,
2020-11-18 00:00:00+00:00,28.0694191215692,28.0694191215692,28.0694191215692,28.0694191215692,
2020-11-19 00:00:00+00:00,28.060425042266,28.060425042266,28.060425042266,28.060425042266,
2020-11-20 00:00:00+00:00,28.9056848941983,28.9056848941983,28.9056848941983,28.9056848941983,
2020-11-21 00:00:00+00:00,30.493932990917,30.493932990917,30.493932990917,30.493932990917,
2020-11-22 00:00:00+00:00,30.1245478682478,30.1245478682478,30.1245478682478,30.1245478682478,
2020-11-23 00:00:00+00:00,30.7861998548982,30.7861998548982,30.7861998548982,30.7861998548982,
2020-11-24 00:00:00+00:00,33.7682310966568,33.7682310966568,33.7682310966568,33.7682310966568,
2020-11-25 00:00:00+00:00,31.3136751115235,31.3136751115235,31.3136751115235,31.3136751115235,
2020-11-26 00:00:00+00:00,28.0900577789881,28.0900577789881,28.0900577789881,28.0900577789881,
2020-11-27 00:00:00+00:00,28.4519969678763,28.4519969678763,28.4519969678763,28.4519969678763,
2020-11-28 00:00:00+00:00,29.1635988895616,29.1635988895616,29.1635988895616,29.1635988895616,
2020-11-29 00:00:00+00:00,30.1386541111888,30.1386541111888,30.1386541111888,30.1386541111888,
2020-11-30 00:00:00+00:00,31.4229786055065,31.4229786055065,31.4229786055065,31.4229786055065,
2020-12-01 00:00:00+00:00,30.1309305489815,30.1309305489815,30.1309305489815,30.1309305489815,
2020-12-02 00:00:00+00:00,30.3477560612536,30.3477560612536,30.3477560612536,30.3477560612536,
2020-12-03 00:00:00+00:00,30.6679947736181,30.6679947736181,30.6679947736181,30.6679947736181,
2020-12-04 00:00:00+00:00,29.1677835944946,29.1677835944946,29.1677835944946,29.1677835944946,
2020-12-05 00:00:00+00:00,29.6341251562549,29.6341251562549,29.6341251562549,29.6341251562549,
2020-12-06 00:00:00+00:00,29.4860983986537,29.4860983986537,29.4860983986537,29.4860983986537,
2020-12-07 00:00:00+00:00,29.3461393676005,29.3461393676005,29.3461393676005,29.3461393676005,
2020-12-08 00:00:00+00:00,27.6401936783156,27.6401936783156,27.6401936783156,27.6401936783156,
2020-12-09 00:00:00+00:00,28.2084477813891,28.2084477813891,28.2084477813891,28.2084477813891,
2020-12-10 00:00:00+00:00,27.7133608501334,27.7133608501334,27.7133608501334,27.7133608501334,
2020-12-11 00:00:00+00:00,27.3848383641354,27.3848383641354,27.3848383641354,27.3848383641354,
2020-12-12 00:00:00+00:00,28.1718135779589,28.1718135779589,28.1718135779589,28.1718135779589,
2020-12-13 00:00:00+00:00,29.0162598259068,29.0162598259068,29.0162598259068,29.0162598259068,
2020-12-14 00:00:00+00:00,29.9698108561858,29.9698108561858,29.9698108561858,29.9698108561858,
2020-12-15 00:00:00+00:00,29.5103003900695,29.5103003900695,29.5103003900695,29.5103003900695,
2020-12-16 00:00:00+00:00,30.4985758557149,30.4985758557149,30.4985758557149,30.4985758557149,
2020-12-17 00:00:00+00:00,30.1561876004786,30.1561876004786,30.1561876004786,30.1561876004786,
2020-12-18 00:00:00+00:00,30.946508801775,30.946508801775,30.946508801775,30.946508801775,
2020-12-19 00:00:00+00:00,33.2884497940767,33.2884497940767,33.2884497940767,33.2884497940767,
2020-12-20 00:00:00+00:00,34.2572169667246,34.2572169667246,34.2572169667246,34.2572169667246,
2020-12-21 00:00:00+00:00,32.4716511247528,32.4716511247528,32.4716511247528,32.4716511247528,
2020-12-22 00:00:00+00:00,33.3791656985125,33.3791656985125,33.3791656985125,33.3791656985125,
2020-12-23 00:00:00+00:00,31.3788627306506,31.3788627306506,31.3788627306506,31.3788627306506,
2020-12-24 00:00:00+00:00,32.5365677251911,32.5365677251911,32.5365677251911,32.5365677251911,
2020-12-25 00:00:00+00:00,33.0833321572342,33.0833321572342,33.0833321572342,33.0833321572342,
2020-12-26 00:00:00+00:00,33.4561627595629,33.4561627595629,33.4561627595629,33.4561627595629,
2020-12-27 00:00:00+00:00,33.5206475306974,33.5206475306974,33.5206475306974,33.5206475306974,
2020-12-28 00:00:00+00:00,35.7042618735662,35.7042618735662,35.7042618735662,35.7042618735662,
2020-12-29 00:00:00+00:00,38.6200064135506,38.6200064135506,38.6200064135506,38.6200064135506,
2020-12-30 00:00:00+00:00,38.0559673400655,38.0559673400655,38.0559673400655,38.0559673400655,
2020-12-31 00:00:00+00:00,37.3391379089479,37.3391379089479,37.3391379089479,37.3391379089479,
2021-01-01 00:00:00+00:00,37.7985101954314,37.7985101954314,37.7985101954314,37.7985101954314,
2021-01-02 00:00:00+00:00,38.2403003958248,38.2403003958248,38.2403003958248,38.2403003958248,
2021-01-03 00:00:00+00:00,41.3005423440533,41.3005423440533,41.3005423440533,41.3005423440533,
2021-01-04 00:00:00+00:00,40.4687855464061,40.4687855464061,40.4687855464061,40.4687855464061,
2021-01-05 00:00:00+00:00,41.6450368907275,41.6450368907275,41.6450368907275,41.6450368907275,
2021-01-06 00:00:00+00:00,42.0638311605561,42.0638311605561,42.0638311605561,42.0638311605561,
2021-01-07 00:00:00+00:00,43.2037093319688,43.2037093319688,43.2037093319688,43.2037093319688,
2021-01-08 00:00:00+00:00,42.4130728648417,42.4130728648417,42.4130728648417,42.4130728648417,
2021-01-09 00:00:00+00:00,44.0641152860323,44.0641152860323,44.0641152860323,44.0641152860323,
2021-01-10 00:00:00+00:00,42.4821873784533,42.4821873784533,42.4821873784533,42.4821873784533,
2021-01-11 00:00:00+00:00,38.2140210941504,38.2140210941504,38.2140210941504,38.2140210941504,
2021-01-12 00:00:00+00:00,38.009886043519,38.009886043519,38.009886043519,38.009886043519,
2021-01-13 00:00:00+00:00,40.2277897064565,40.2277897064565,40.2277897064565,40.2277897064565,
2021-01-14 00:00:00+00:00,41.5739675879683,41.5739675879683,41.5739675879683,41.5739675879683,
2021-01-15 00:00:00+00:00,41.0008066516607,41.0008066516607,41.0008066516607,41.0008066516607,
2021-01-16 00:00:00+00:00,43.1759352636013,43.1759352636013,43.1759352636013,43.1759352636013,
2021-01-17 00:00:00+00:00,45.9904047383304,45.9904047383304,45.9904047383304,45.9904047383304,
2021-01-18 00:00:00+00:00,45.2501669149707,45.2501669149707,45.2501669149707,45.2501669149707,
2021-01-19 00:00:00+00:00,42.8660258642704,42.8660258642704,42.8660258642704,42.8660258642704,
2021-01-20 00:00:00+00:00,42.3806744582968,42.3806744582968,42.3806744582968,42.3806744582968,
2021-01-21 00:00:00+00:00,38.9000526447758,38.9000526447758,38.9000526447758,38.9000526447758,
2021-01-22 00:00:00+00:00,40.6316589874192,40.6316589874192,40.6316589874192,40.6316589874192,
2021-01-23 00:00:00+00:00,40.7487108093682,40.7487108093682,40.7487108093682,40.7487108093682,
2021-01-24 00:00:00+00:00,41.7744639101521,41.7744639101521,41.7744639101521,41.7744639101521,
2021-01-25 00:00:00+00:00,41.383059670248,41.383059670248,41.383059670248,41.383059670248,
2021-01-26 00:00:00+00:00,41.5322398166293,41.5322398166293,41.5322398166293,41.5322398166293,
2021-01-27 00:00:00+00:00,40.9896761777249,40.9896761777249,40.9896761777249,40.9896761777249,
2021-01-28 00:00:00+00:00,42.6986483934964,42.6986483934964,42.6986483934964,42.6986483934964,
2021-01-29 00:00:00+00:00,42.8541263659899,42.8541263659899,42.8541263659899,42.8541263659899,
2021-01-30 00:00:00+00:00,44.8222131817693,44.8222131817693,44.8222131817693,44.8222131817693,
2021-01-31 00:00:00+00:00,44.235448205641,44.235448205641,44.235448205641,44.235448205641,
2021-02-01 00:00:00+00:00,51.4938895881401,51.4938895881401,51.4938895881401,51.4938895881401,
2021-02-02 00:00:00+00:00,51.1277376763869,51.1277376763869,51.1277376763869,51.1277376763869,
2021-02-03 00:00:00+00:00,52.5029062576833,52.5029062576833,52.5029062576833,52.5029062576833,
2021-02-04 00:00:00+00:00,56.293259349973,56.293259349973,56.293259349973,56.293259349973,
2021-02-05 00:00:00+00:00,68.0856059067774,68.0856059067774,68.0856059067774,68.0856059067774,
2021-02-06 00:00:00+00:00,72.421281865857,72.421281865857,72.421281865857,72.421281865857,
2021-02-07 00:00:00+00:00,68.632544783098,68.632544783098,68.632544783098,68.632544783098,
2021-02-08 00:00:00+00:00,79.0956599335823,79.0956599335823,79.0956599335823,79.0956599335823,
2021-02-09 00:00:00+00:00,108.321418161283,108.321418161283,108.321418161283,108.321418161283,
2021-02-10 00:00:00+00:00,128.293958208535,128.293958208535,128.293958208535,128.293958208535,
2021-02-11 00:00:00+00:00,124.151997740017,124.151997740017,124.151997740017,124.151997740017,
2021-02-12 00:00:00+00:00,136.192418066475,136.192418066475,136.192418066475,136.192418066475,
2021-02-13 00:00:00+00:00,134.085646114915,134.085646114915,134.085646114915,134.085646114915,
2021-02-14 00:00:00+00:00,136.939556111435,136.939556111435,136.939556111435,136.939556111435,
2021-02-15 00:00:00+00:00,129.853779797382,129.853779797382,129.853779797382,129.853779797382,
2021-02-16 00:00:00+00:00,129.73943222229,129.73943222229,129.73943222229,129.73943222229,
2021-02-17 00:00:00+00:00,163.545001004343,163.545001004343,163.545001004343,163.545001004343,
2021-02-18 00:00:00+00:00,195.052675198116,195.052675198116,195.052675198116,195.052675198116,
2021-02-19 00:00:00+00:00,334.959029076864,334.959029076864,334.959029076864,334.959029076864,
2021-02-20 00:00:00+00:00,254.732091788928,254.732091788928,254.732091788928,254.732091788928,
2021-02-21 00:00:00+00:00,293.952487617743,293.952487617743,293.952487617743,293.952487617743,
2021-02-22 00:00:00+00:00,265.681113645448,265.681113645448,265.681113645448,265.681113645448,
2021-02-23 00:00:00+00:00,227.813865731148,227.813865731148,227.813865731148,227.813865731148,
2021-02-24 00:00:00+00:00,253.2489244762,253.2489244762,253.2489244762,253.2489244762,
2021-02-25 00:00:00+00:00,238.511057287197,238.511057287197,238.511057287197,238.511057287197,
2021-02-26 00:00:00+00:00,220.713295021974,220.713295021974,220.713295021974,220.713295021974,
2021-02-27 00:00:00+00:00,224.005299882305,224.005299882305,224.005299882305,224.005299882305,
2021-02-28 00:00:00+00:00,211.684021868362,211.684021868362,211.684021868362,211.684021868362,
2021-03-01 00:00:00+00:00,255.685266688369,255.685266688369,255.685266688369,255.685266688369,
2021-03-02 00:00:00+00:00,239.584054053163,239.584054053163,239.584054053163,239.584054053163,
2021-03-03 00:00:00+00:00,242.420325685136,242.420325685136,242.420325685136,242.420325685136,
2021-03-04 00:00:00+00:00,229.751215679146,229.751215679146,229.751215679146,229.751215679146,
2021-03-05 00:00:00+00:00,225.202852594915,225.202852594915,225.202852594915,225.202852594915,
2021-03-06 00:00:00+00:00,226.67267454621,226.67267454621,226.67267454621,226.67267454621,
2021-03-07 00:00:00+00:00,238.153918146685,238.153918146685,238.153918146685,238.153918146685,
2021-03-08 00:00:00+00:00,239.257648815619,239.257648815619,239.257648815619,239.257648815619,
2021-03-09 00:00:00+00:00,292.461060760155,292.461060760155,292.461060760155,292.461060760155,
2021-03-10 00:00:00+00:00,278.750434921337,278.750434921337,278.750434921337,278.750434921337,
2021-03-11 00:00:00+00:00,289.239496598847,289.239496598847,289.239496598847,289.239496598847,
2021-03-12 00:00:00+00:00,263.889488395049,263.889488395049,263.889488395049,263.889488395049,
2021-03-13 00:00:00+00:00,276.894784464057,276.894784464057,276.894784464057,276.894784464057,
2021-03-14 00:00:00+00:00,267.035595085038,267.035595085038,267.035595085038,267.035595085038,
2021-03-15 00:00:00+00:00,255.430313733818,255.430313733818,255.430313733818,255.430313733818,
2021-03-16 00:00:00+00:00,257.713666395192,257.713666395192,257.713666395192,257.713666395192,
2021-03-17 00:00:00+00:00,269.614075258907,269.614075258907,269.614075258907,269.614075258907,
2021-03-18 00:00:00+00:00,261.943642357123,261.943642357123,261.943642357123,261.943642357123,
2021-03-19 00:00:00+00:00,262.817356651726,262.817356651726,262.817356651726,262.817356651726,
2021-03-20 00:00:00+00:00,264.522980276079,264.522980276079,264.522980276079,264.522980276079,
2021-03-21 00:00:00+00:00,264.251273859516,264.251273859516,264.251273859516,264.251273859516,
2021-03-22 00:00:00+00:00,256.583850158047,256.583850158047,256.583850158047,256.583850158047,
2021-03-23 00:00:00+00:00,255.464471432573,255.464471432573,255.464471432573,255.464471432573,
2021-03-24 00:00:00+00:00,248.524578295572,248.524578295572,248.524578295572,248.524578295572,
2021-03-25 00:00:00+00:00,235.073316728899,235.073316728899,235.073316728899,235.073316728899,
2021-03-26 00:00:00+00:00,254.075173468456,254.075173468456,254.075173468456,254.075173468456,
2021-03-27 00:00:00+00:00,271.065366544483,271.065366544483,271.065366544483,271.065366544483,
2021-03-28 00:00:00+00:00,268.476460204681,268.476460204681,268.476460204681,268.476460204681,
2021-03-29 00:00:00+00:00,274.535311013861,274.535311013861,274.535311013861,274.535311013861,
2021-03-30 00:00:00+00:00,309.7894379549,309.7894379549,309.7894379549,309.7894379549,
2021-03-31 00:00:00+00:00,302.393839749482,302.393839749482,302.393839749482,302.393839749482,
2021-04-01 00:00:00+00:00,336.432810140742,336.432810140742,336.432810140742,336.432810140742,
2021-04-02 00:00:00+00:00,337.117566842808,337.117566842808,337.117566842808,337.117566842808,
2021-04-03 00:00:00+00:00,323.055565305,323.055565305,323.055565305,323.055565305,
2021-04-04 00:00:00+00:00,349.113476442753,349.113476442753,349.113476442753,349.113476442753,
2021-04-05 00:00:00+00:00,366.960192096781,366.960192096781,366.960192096781,366.960192096781,
2021-04-06 00:00:00+00:00,405.823297554956,405.823297554956,405.823297554956,405.823297554956,
2021-04-07 00:00:00+00:00,379.641551984626,379.641551984626,379.641551984626,379.641551984626,
2021-04-08 00:00:00+00:00,417.956695020544,417.956695020544,417.956695020544,417.956695020544,
2021-04-09 00:00:00+00:00,448.275520029028,448.275520029028,448.275520029028,448.275520029028,
2021-04-10 00:00:00+00:00,471.19820183058,471.19820183058,471.19820183058,471.19820183058,
2021-04-11 00:00:00+00:00,521.730923452142,521.730923452142,521.730923452142,521.730923452142,
2021-04-12 00:00:00+00:00,598.813715823822,598.813715823822,598.813715823822,598.813715823822,
2021-04-13 00:00:00+00:00,551.707635052827,551.707635052827,551.707635052827,551.707635052827,
2021-04-14 00:00:00+00:00,542.337263345311,542.337263345311,542.337263345311,542.337263345311,
2021-04-15 00:00:00+00:00,543.417996592819,543.417996592819,543.417996592819,543.417996592819,
2021-04-16 00:00:00+00:00,511.560088254144,511.560088254144,511.560088254144,511.560088254144,
2021-04-17 00:00:00+00:00,519.355396786767,519.355396786767,519.355396786767,519.355396786767,
2021-04-18 00:00:00+00:00,481.067506278807,481.067506278807,481.067506278807,481.067506278807,
2021-04-19 00:00:00+00:00,505.481617872938,505.481617872938,505.481617872938,505.481617872938,
2021-04-20 00:00:00+00:00,582.112976455869,582.112976455869,582.112976455869,582.112976455869,
2021-04-21 00:00:00+00:00,547.135416679703,547.135416679703,547.135416679703,547.135416679703,
2021-04-22 00:00:00+00:00,511.121312165073,511.121312165073,511.121312165073,511.121312165073,
2021-04-23 00:00:00+00:00,525.022552245998,525.022552245998,525.022552245998,525.022552245998,
2021-04-24 00:00:00+00:00,500.331162829742,500.331162829742,500.331162829742,500.331162829742,
2021-04-25 00:00:00+00:00,505.602114655183,505.602114655183,505.602114655183,505.602114655183,
2021-04-26 00:00:00+00:00,532.287355945857,532.287355945857,532.287355945857,532.287355945857,
2021-04-27 00:00:00+00:00,570.155662717882,570.155662717882,570.155662717882,570.155662717882,
2021-04-28 00:00:00+00:00,561.240466016137,561.240466016137,561.240466016137,561.240466016137,
2021-04-29 00:00:00+00:00,598.434229353375,598.434229353375,598.434229353375,598.434229353375,
2021-04-30 00:00:00+00:00,623.830820317999,623.830820317999,623.830820317999,623.830820317999,
2021-05-01 00:00:00+00:00,620.269126984627,620.269126984627,620.269126984627,620.269126984627,
2021-05-02 00:00:00+00:00,622.11540873418,622.11540873418,622.11540873418,622.11540873418,
2021-05-03 00:00:00+00:00,673.618940868888,673.618940868888,673.618940868888,673.618940868888,
2021-05-04 00:00:00+00:00,615.322632410791,615.322632410791,615.322632410791,615.322632410791,
2021-05-05 00:00:00+00:00,652.201806781542,652.201806781542,652.201806781542,652.201806781542,
2021-05-06 00:00:00+00:00,635.010726996694,635.010726996694,635.010726996694,635.010726996694,
2021-05-07 00:00:00+00:00,624.93214239668,624.93214239668,624.93214239668,624.93214239668,
2021-05-08 00:00:00+00:00,645.137805504938,645.137805504938,645.137805504938,645.137805504938,
2021-05-09 00:00:00+00:00,662.830090727114,662.830090727114,662.830090727114,662.830090727114,
2021-05-10 00:00:00+00:00,633.975856233826,633.975856233826,633.975856233826,633.975856233826,
2021-05-11 00:00:00+00:00,669.960771118917,669.960771118917,669.960771118917,669.960771118917,
2021-05-12 00:00:00+00:00,609.144634917851,609.144634917851,609.144634917851,609.144634917851,
2021-05-13 00:00:00+00:00,565.339268847954,565.339268847954,565.339268847954,565.339268847954,
2021-05-14 00:00:00+00:00,603.806088353007,603.806088353007,603.806088353007,603.806088353007,
2021-05-15 00:00:00+00:00,566.066810542244,566.066810542244,566.066810542244,566.066810542244,
2021-05-16 00:00:00+00:00,558.640524300485,558.640524300485,558.640524300485,558.640524300485,
2021-05-17 00:00:00+00:00,512.393957820583,512.393957820583,512.393957820583,512.393957820583,
2021-05-18 00:00:00+00:00,507.148864219863,507.148864219863,507.148864219863,507.148864219863,
2021-05-19 00:00:00+00:00,356.479723773216,356.479723773216,356.479723773216,356.479723773216,
2021-05-20 00:00:00+00:00,392.819804437784,392.819804437784,392.819804437784,392.819804437784,
2021-05-21 00:00:00+00:00,322.418054707642,322.418054707642,322.418054707642,322.418054707642,
2021-05-22 00:00:00+00:00,303.483779856403,303.483779856403,303.483779856403,303.483779856403,
2021-05-23 00:00:00+00:00,261.55831574379,261.55831574379,261.55831574379,261.55831574379,
2021-05-24 00:00:00+00:00,343.570053510638,343.570053510638,343.570053510638,343.570053510638,
2021-05-25 00:00:00+00:00,342.716791487856,342.716791487856,342.716791487856,342.716791487856,
2021-05-26 00:00:00+00:00,377.386485528083,377.386485528083,377.386485528083,377.386485528083,
2021-05-27 00:00:00+00:00,367.797004288717,367.797004288717,367.797004288717,367.797004288717,
2021-05-28 00:00:00+00:00,329.296950780777,329.296950780777,329.296950780777,329.296950780777,
2021-05-29 00:00:00+00:00,306.40412547252,306.40412547252,306.40412547252,306.40412547252,
2021-05-30 00:00:00+00:00,325.989222817063,325.989222817063,325.989222817063,325.989222817063,
2021-05-31 00:00:00+00:00,353.5826433019,353.5826433019,353.5826433019,353.5826433019,
2021-06-01 00:00:00+00:00,361.453473152399,361.453473152399,361.453473152399,361.453473152399,
2021-06-02 00:00:00+00:00,403.347597363403,403.347597363403,403.347597363403,403.347597363403,
2021-06-03 00:00:00+00:00,428.003590733852,428.003590733852,428.003590733852,428.003590733852,
2021-06-04 00:00:00+00:00,391.701537911708,391.701537911708,391.701537911708,391.701537911708,
2021-06-05 00:00:00+00:00,387.853499691974,387.853499691974,387.853499691974,387.853499691974,
2021-06-06 00:00:00+00:00,392.406616159966,392.406616159966,392.406616159966,392.406616159966,
2021-06-07 00:00:00+00:00,359.236286491092,359.236286491092,359.236286491092,359.236286491092,
2021-06-08 00:00:00+00:00,353.17493727061,353.17493727061,353.17493727061,353.17493727061,
2021-06-09 00:00:00+00:00,375.1282595835,375.1282595835,375.1282595835,375.1282595835,
2021-06-10 00:00:00+00:00,353.71495619378,353.71495619378,353.71495619378,353.71495619378,
2021-06-11 00:00:00+00:00,344.617301615079,344.617301615079,344.617301615079,344.617301615079,
2021-06-12 00:00:00+00:00,344.827607590467,344.827607590467,344.827607590467,344.827607590467,
2021-06-13 00:00:00+00:00,365.265888643938,365.265888643938,365.265888643938,365.265888643938,
2021-06-14 00:00:00+00:00,369.800282272512,369.800282272512,369.800282272512,369.800282272512,
2021-06-15 00:00:00+00:00,367.981888146891,367.981888146891,367.981888146891,367.981888146891,
2021-06-16 00:00:00+00:00,346.261803737667,346.261803737667,346.261803737667,346.261803737667,
2021-06-17 00:00:00+00:00,351.944150134045,351.944150134045,351.944150134045,351.944150134045,
2021-06-18 00:00:00+00:00,336.676850848941,336.676850848941,336.676850848941,336.676850848941,
2021-06-19 00:00:00+00:00,335.057257789071,335.057257789071,335.057257789071,335.057257789071,
2021-06-20 00:00:00+00:00,339.011450415121,339.011450415121,339.011450415121,339.011450415121,
2021-06-21 00:00:00+00:00,275.068274536071,275.068274536071,275.068274536071,275.068274536071,
2021-06-22 00:00:00+00:00,261.549359353709,261.549359353709,261.549359353709,261.549359353709,
2021-06-23 00:00:00+00:00,295.380444379388,295.380444379388,295.380444379388,295.380444379388,
2021-06-24 00:00:00+00:00,308.690265616817,308.690265616817,308.690265616817,308.690265616817,
2021-06-25 00:00:00+00:00,282.697526446473,282.697526446473,282.697526446473,282.697526446473,
2021-06-26 00:00:00+00:00,276.45952287991,276.45952287991,276.45952287991,276.45952287991,
2021-06-27 00:00:00+00:00,288.311769366164,288.311769366164,288.311769366164,288.311769366164,
2021-06-28 00:00:00+00:00,289.137310175003,289.137310175003,289.137310175003,289.137310175003,
2021-06-29 00:00:00+00:00,301.528974104594,301.528974104594,301.528974104594,301.528974104594,
2021-06-30 00:00:00+00:00,302.990779365228,302.990779365228,302.990779365228,302.990779365228,
2021-07-01 00:00:00+00:00,288.299984611674,288.299984611674,288.299984611674,288.299984611674,
2021-07-02 00:00:00+00:00,287.046524979875,287.046524979875,287.046524979875,287.046524979875,
2021-07-03 00:00:00+00:00,297.484613301858,297.484613301858,297.484613301858,297.484613301858,
2021-07-04 00:00:00+00:00,308.305478112834,308.305478112834,308.305478112834,308.305478112834,
2021-07-05 00:00:00+00:00,304.077960294456,304.077960294456,304.077960294456,304.077960294456,
2021-07-06 00:00:00+00:00,319.677164008008,319.677164008008,319.677164008008,319.677164008008,
2021-07-07 00:00:00+00:00,328.213474960263,328.213474960263,328.213474960263,328.213474960263,
2021-07-08 00:00:00+00:00,310.03139654202,310.03139654202,310.03139654202,310.03139654202,
2021-07-09 00:00:00+00:00,317.759381667063,317.759381667063,317.759381667063,317.759381667063,
2021-07-10 00:00:00+00:00,316.812789980784,316.812789980784,316.812789980784,316.812789980784,
2021-07-11 00:00:00+00:00,322.013875033564,322.013875033564,322.013875033564,322.013875033564,
2021-07-12 00:00:00+00:00,316.346122858859,316.346122858859,316.346122858859,316.346122858859,
2021-07-13 00:00:00+00:00,308.44400701691,308.44400701691,308.44400701691,308.44400701691,
2021-07-14 00:00:00+00:00,308.684937868428,308.684937868428,308.684937868428,308.684937868428,
2021-07-15 00:00:00+00:00,314.983616956439,314.983616956439,314.983616956439,314.983616956439,
2021-07-16 00:00:00+00:00,303.592364103895,303.592364103895,303.592364103895,303.592364103895,
2021-07-17 00:00:00+00:00,300.26465169953,300.26465169953,300.26465169953,300.26465169953,
2021-07-18 00:00:00+00:00,302.201187798941,302.201187798941,302.201187798941,302.201187798941,
2021-07-19 00:00:00+00:00,281.696194834408,281.696194834408,281.696194834408,281.696194834408,
2021-07-20 00:00:00+00:00,264.524006330405,264.524006330405,264.524006330405,264.524006330405,
2021-07-21 00:00:00+00:00,291.907659082083,291.907659082083,291.907659082083,291.907659082083,
2021-07-22 00:00:00+00:00,293.022757721724,293.022757721724,293.022757721724,293.022757721724,
2021-07-23 00:00:00+00:00,297.094323253788,297.094323253788,297.094323253788,297.094323253788,
2021-07-24 00:00:00+00:00,300.949023015533,300.949023015533,300.949023015533,300.949023015533,
2021-07-25 00:00:00+00:00,302.084621349886,302.084621349886,302.084621349886,302.084621349886,
2021-07-26 00:00:00+00:00,304.733006125561,304.733006125561,304.733006125561,304.733006125561,
2021-07-27 00:00:00+00:00,312.52222970499,312.52222970499,312.52222970499,312.52222970499,
2021-07-28 00:00:00+00:00,313.106094519353,313.106094519353,313.106094519353,313.106094519353,
2021-07-29 00:00:00+00:00,317.834788754148,317.834788754148,317.834788754148,317.834788754148,
2021-07-30 00:00:00+00:00,321.355737597356,321.355737597356,321.355737597356,321.355737597356,
2021-07-31 00:00:00+00:00,335.809695220396,335.809695220396,335.809695220396,335.809695220396,
2021-08-01 00:00:00+00:00,333.15240516862,333.15240516862,333.15240516862,333.15240516862,
2021-08-02 00:00:00+00:00,331.891090215499,331.891090215499,331.891090215499,331.891090215499,
2021-08-03 00:00:00+00:00,323.485045441956,323.485045441956,323.485045441956,323.485045441956,
2021-08-04 00:00:00+00:00,335.148938046164,335.148938046164,335.148938046164,335.148938046164,
2021-08-05 00:00:00+00:00,338.666983499552,338.666983499552,338.666983499552,338.666983499552,
2021-08-06 00:00:00+00:00,341.83320813324,341.83320813324,341.83320813324,341.83320813324,
2021-08-07 00:00:00+00:00,355.376460483896,355.376460483896,355.376460483896,355.376460483896,
2021-08-08 00:00:00+00:00,343.018185436578,343.018185436578,343.018185436578,343.018185436578,
2021-08-09 00:00:00+00:00,354.439990664896,354.439990664896,354.439990664896,354.439990664896,
2021-08-10 00:00:00+00:00,371.601667624517,371.601667624517,371.601667624517,371.601667624517,
2021-08-11 00:00:00+00:00,392.292274598758,392.292274598758,392.292274598758,392.292274598758,
2021-08-12 00:00:00+00:00,383.983962673166,383.983962673166,383.983962673166,383.983962673166,
2021-08-13 00:00:00+00:00,408.779869925999,408.779869925999,408.779869925999,408.779869925999,
2021-08-14 00:00:00+00:00,409.463972293001,409.463972293001,409.463972293001,409.463972293001,
2021-08-15 00:00:00+00:00,413.841375496689,413.841375496689,413.841375496689,413.841375496689,
2021-08-16 00:00:00+00:00,416.764464345,416.764464345,416.764464345,416.764464345,
2021-08-17 00:00:00+00:00,402.769878634383,402.769878634383,402.769878634383,402.769878634383,
2021-08-18 00:00:00+00:00,400.638514307885,400.638514307885,400.638514307885,400.638514307885,
2021-08-19 00:00:00+00:00,429.731351525824,429.731351525824,429.731351525824,429.731351525824,
2021-08-20 00:00:00+00:00,454.621533008196,454.621533008196,454.621533008196,454.621533008196,
2021-08-21 00:00:00+00:00,450.797622148325,450.797622148325,450.797622148325,450.797622148325,
2021-08-22 00:00:00+00:00,449.328077965098,449.328077965098,449.328077965098,449.328077965098,
2021-08-23 00:00:00+00:00,500.378275352028,500.378275352028,500.378275352028,500.378275352028,
2021-08-24 00:00:00+00:00,474.097743231716,474.097743231716,474.097743231716,474.097743231716,
2021-08-25 00:00:00+00:00,502.982133205065,502.982133205065,502.982133205065,502.982133205065,
2021-08-26 00:00:00+00:00,483.213961285041,483.213961285041,483.213961285041,483.213961285041,
2021-08-27 00:00:00+00:00,493.473104509853,493.473104509853,493.473104509853,493.473104509853,
2021-08-28 00:00:00+00:00,485.629694532586,485.629694532586,485.629694532586,485.629694532586,
2021-08-29 00:00:00+00:00,480.880948679927,480.880948679927,480.880948679927,480.880948679927,
2021-08-30 00:00:00+00:00,461.742967145985,461.742967145985,461.742967145985,461.742967145985,
2021-08-31 00:00:00+00:00,464.594671012224,464.594671012224,464.594671012224,464.594671012224,
2021-09-01 00:00:00+00:00,489.221947970943,489.221947970943,489.221947970943,489.221947970943,
2021-09-02 00:00:00+00:00,485.095754817262,485.095754817262,485.095754817262,485.095754817262,
2021-09-03 00:00:00+00:00,486.629630718944,486.629630718944,486.629630718944,486.629630718944,
2021-09-04 00:00:00+00:00,498.737774802887,498.737774802887,498.737774802887,498.737774802887,
2021-09-05 00:00:00+00:00,503.29563693681,503.29563693681,503.29563693681,503.29563693681,
2021-09-06 00:00:00+00:00,496.038542639779,496.038542639779,496.038542639779,496.038542639779,
2021-09-07 00:00:00+00:00,418.197821721515,418.197821721515,418.197821721515,418.197821721515,
2021-09-08 00:00:00+00:00,415.682991785815,415.682991785815,415.682991785815,415.682991785815,
2021-09-09 00:00:00+00:00,421.771559125177,421.771559125177,421.771559125177,421.771559125177,
2021-09-10 00:00:00+00:00,400.213916630077,400.213916630077,400.213916630077,400.213916630077,
2021-09-11 00:00:00+00:00,403.85629333356,403.85629333356,403.85629333356,403.85629333356,
2021-09-12 00:00:00+00:00,417.70425953278,417.70425953278,417.70425953278,417.70425953278,
2021-09-13 00:00:00+00:00,399.404642868291,399.404642868291,399.404642868291,399.404642868291,
2021-09-14 00:00:00+00:00,413.26694564329,413.26694564329,413.26694564329,413.26694564329,
2021-09-15 00:00:00+00:00,430.284876407476,430.284876407476,430.284876407476,430.284876407476,
2021-09-16 00:00:00+00:00,424.085934263668,424.085934263668,424.085934263668,424.085934263668,
2021-09-17 00:00:00+00:00,405.812149284645,405.812149284645,405.812149284645,405.812149284645,
2021-09-18 00:00:00+00:00,410.314874099623,410.314874099623,410.314874099623,410.314874099623,
2021-09-19 00:00:00+00:00,408.3898415329,408.3898415329,408.3898415329,408.3898415329,
2021-09-20 00:00:00+00:00,361.939945367247,361.939945367247,361.939945367247,361.939945367247,
2021-09-21 00:00:00+00:00,344.440367978924,344.440367978924,344.440367978924,344.440367978924,
2021-09-22 00:00:00+00:00,378.20699291609,378.20699291609,378.20699291609,378.20699291609,
2021-09-23 00:00:00+00:00,383.214872620467,383.214872620467,383.214872620467,383.214872620467,
2021-09-24 00:00:00+00:00,355.596407462671,355.596407462671,355.596407462671,355.596407462671,
2021-09-25 00:00:00+00:00,350.177427312979,350.177427312979,350.177427312979,350.177427312979,
2021-09-26 00:00:00+00:00,342.925802821177,342.925802821177,342.925802821177,342.925802821177,
2021-09-27 00:00:00+00:00,337.797977610505,337.797977610505,337.797977610505,337.797977610505,
2021-09-28 00:00:00+00:00,333.976543735594,333.976543735594,333.976543735594,333.976543735594,
2021-09-29 00:00:00+00:00,367.012160453179,367.012160453179,367.012160453179,367.012160453179,
2021-09-30 00:00:00+00:00,386.135939826715,386.135939826715,386.135939826715,386.135939826715,
2021-10-01 00:00:00+00:00,420.272299764144,420.272299764144,420.272299764144,420.272299764144,
2021-10-02 00:00:00+00:00,429.532338862425,429.532338862425,429.532338862425,429.532338862425,
2021-10-03 00:00:00+00:00,430.592075812392,430.592075812392,430.592075812392,430.592075812392,
2021-10-04 00:00:00+00:00,426.595814708344,426.595814708344,426.595814708344,426.595814708344,
2021-10-05 00:00:00+00:00,443.040486301125,443.040486301125,443.040486301125,443.040486301125,
2021-10-06 00:00:00+00:00,435.540609995761,435.540609995761,435.540609995761,435.540609995761,
2021-10-07 00:00:00+00:00,438.727711047659,438.727711047659,438.727711047659,438.727711047659,
2021-10-08 00:00:00+00:00,418.832760557244,418.832760557244,418.832760557244,418.832760557244,
2021-10-09 00:00:00+00:00,421.632891180414,421.632891180414,421.632891180414,421.632891180414,
2021-10-10 00:00:00+00:00,404.760038872614,404.760038872614,404.760038872614,404.760038872614,
2021-10-11 00:00:00+00:00,411.500354122583,411.500354122583,411.500354122583,411.500354122583,
2021-10-12 00:00:00+00:00,440.27385691431,440.27385691431,440.27385691431,440.27385691431,
2021-10-13 00:00:00+00:00,468.652653169324,468.652653169324,468.652653169324,468.652653169324,
2021-10-14 00:00:00+00:00,470.882066306056,470.882066306056,470.882066306056,470.882066306056,
2021-10-15 00:00:00+00:00,474.333224264808,474.333224264808,474.333224264808,474.333224264808,
2021-10-16 00:00:00+00:00,466.339767788299,466.339767788299,466.339767788299,466.339767788299,
2021-10-17 00:00:00+00:00,469.664569771837,469.664569771837,469.664569771837,469.664569771837,
2021-10-18 00:00:00+00:00,484.883442328951,484.883442328951,484.883442328951,484.883442328951,
2021-10-19 00:00:00+00:00,487.76754689363,487.76754689363,487.76754689363,487.76754689363,
2021-10-20 00:00:00+00:00,501.685287617139,501.685287617139,501.685287617139,501.685287617139,
2021-10-21 00:00:00+00:00,472.537375059927,472.537375059927,472.537375059927,472.537375059927,
2021-10-22 00:00:00+00:00,479.19380994672,479.19380994672,479.19380994672,479.19380994672,
2021-10-23 00:00:00+00:00,484.864980015503,484.864980015503,484.864980015503,484.864980015503,
2021-10-24 00:00:00+00:00,475.893012654824,475.893012654824,475.893012654824,475.893012654824,
2021-10-25 00:00:00+00:00,485.152237451692,485.152237451692,485.152237451692,485.152237451692,
2021-10-26 00:00:00+00:00,478.11335395008,478.11335395008,478.11335395008,478.11335395008,
2021-10-27 00:00:00+00:00,451.087798292849,451.087798292849,451.087798292849,451.087798292849,
2021-10-28 00:00:00+00:00,491.005142356206,491.005142356206,491.005142356206,491.005142356206,
2021-10-29 00:00:00+00:00,529.009148966463,529.009148966463,529.009148966463,529.009148966463,
2021-10-30 00:00:00+00:00,525.353132747286,525.353132747286,525.353132747286,525.353132747286,
2021-10-31 00:00:00+00:00,525.482123351303,525.482123351303,525.482123351303,525.482123351303,
2021-11-01 00:00:00+00:00,550.689838854803,550.689838854803,550.689838854803,550.689838854803,
2021-11-02 00:00:00+00:00,554.700230992139,554.700230992139,554.700230992139,554.700230992139,
2021-11-03 00:00:00+00:00,568.129388896661,568.129388896661,568.129388896661,568.129388896661,
2021-11-04 00:00:00+00:00,559.081585999505,559.081585999505,559.081585999505,559.081585999505,
2021-11-05 00:00:00+00:00,606.289360238314,606.289360238314,606.289360238314,606.289360238314,
2021-11-06 00:00:00+00:00,634.570561548647,634.570561548647,634.570561548647,634.570561548647,
2021-11-07 00:00:00+00:00,648.391837004911,648.391837004911,648.391837004911,648.391837004911,
2021-11-08 00:00:00+00:00,653.757014730691,653.757014730691,653.757014730691,653.757014730691,
2021-11-09 00:00:00+00:00,635.843400636883,635.843400636883,635.843400636883,635.843400636883,
2021-11-10 00:00:00+00:00,609.411271345882,609.411271345882,609.411271345882,609.411271345882,
2021-11-11 00:00:00+00:00,629.943426226602,629.943426226602,629.943426226602,629.943426226602,
2021-11-12 00:00:00+00:00,626.229371683208,626.229371683208,626.229371683208,626.229371683208,
2021-11-13 00:00:00+00:00,650.518498311208,650.518498311208,650.518498311208,650.518498311208,
2021-11-14 00:00:00+00:00,648.716686355133,648.716686355133,648.716686355133,648.716686355133,
2021-11-15 00:00:00+00:00,634.473892569943,634.473892569943,634.473892569943,634.473892569943,
2021-11-16 00:00:00+00:00,590.323421001062,590.323421001062,590.323421001062,590.323421001062,
2021-11-17 00:00:00+00:00,575.86175137171,575.86175137171,575.86175137171,575.86175137171,
2021-11-18 00:00:00+00:00,530.960979410492,530.960979410492,530.960979410492,530.960979410492,
2021-11-19 00:00:00+00:00,581.063407991121,581.063407991121,581.063407991121,581.063407991121,
2021-11-20 00:00:00+00:00,603.321579971084,603.321579971084,603.321579971084,603.321579971084,
2021-11-21 00:00:00+00:00,588.788206967842,588.788206967842,588.788206967842,588.788206967842,
2021-11-22 00:00:00+00:00,560.22259554402,560.22259554402,560.22259554402,560.22259554402,
2021-11-23 00:00:00+00:00,592.267807892471,592.267807892471,592.267807892471,592.267807892471,
2021-11-24 00:00:00+00:00,590.545347609189,590.545347609189,590.545347609189,590.545347609189,
2021-11-25 00:00:00+00:00,640.332550889705,640.332550889705,640.332550889705,640.332550889705,
2021-11-26 00:00:00+00:00,587.631471667115,587.631471667115,587.631471667115,587.631471667115,
2021-11-27 00:00:00+00:00,599.763529263565,599.763529263565,599.763529263565,599.763529263565,
2021-11-28 00:00:00+00:00,611.510097609873,611.510097609873,611.510097609873,611.510097609873,
2021-11-29 00:00:00+00:00,625.062290063183,625.062290063183,625.062290063183,625.062290063183,
2021-11-30 00:00:00+00:00,625.156602056337,625.156602056337,625.156602056337,625.156602056337,
2021-12-01 00:00:00+00:00,627.492691101199,627.492691101199,627.492691101199,627.492691101199,
2021-12-02 00:00:00+00:00,621.342053122861,621.342053122861,621.342053122861,621.342053122861,
2021-12-03 00:00:00+00:00,596.312170006932,596.312170006932,596.312170006932,596.312170006932,
2021-12-04 00:00:00+00:00,568.140006463014,568.140006463014,568.140006463014,568.140006463014,
2021-12-05 00:00:00+00:00,556.642967148346,556.642967148346,556.642967148346,556.642967148346,
2021-12-06 00:00:00+00:00,588.408942216379,588.408942216379,588.408942216379,588.408942216379,
2021-12-07 00:00:00+00:00,578.084224670521,578.084224670521,578.084224670521,578.084224670521,
2021-12-08 00:00:00+00:00,605.910230667427,605.910230667427,605.910230667427,605.910230667427,
2021-12-09 00:00:00+00:00,576.154164848682,576.154164848682,576.154164848682,576.154164848682,
2021-12-10 00:00:00+00:00,557.369329210243,557.369329210243,557.369329210243,557.369329210243,
2021-12-11 00:00:00+00:00,564.619247822729,564.619247822729,564.619247822729,564.619247822729,
2021-12-12 00:00:00+00:00,570.553985480648,570.553985480648,570.553985480648,570.553985480648,
2021-12-13 00:00:00+00:00,523.911018567297,523.911018567297,523.911018567297,523.911018567297,
2021-12-14 00:00:00+00:00,526.893204781338,526.893204781338,526.893204781338,526.893204781338,
2021-12-15 00:00:00+00:00,539.755935535953,539.755935535953,539.755935535953,539.755935535953,
2021-12-16 00:00:00+00:00,527.473656637381,527.473656637381,527.473656637381,527.473656637381,
2021-12-17 00:00:00+00:00,526.98805574072,526.98805574072,526.98805574072,526.98805574072,
2021-12-18 00:00:00+00:00,535.308655708312,535.308655708312,535.308655708312,535.308655708312,
2021-12-19 00:00:00+00:00,531.241753335434,531.241753335434,531.241753335434,531.241753335434,
2021-12-20 00:00:00+00:00,524.235077588759,524.235077588759,524.235077588759,524.235077588759,
2021-12-21 00:00:00+00:00,529.664001925159,529.664001925159,529.664001925159,529.664001925159,
2021-12-22 00:00:00+00:00,534.59726598819,534.59726598819,534.59726598819,534.59726598819,
2021-12-23 00:00:00+00:00,548.053880662967,548.053880662967,548.053880662967,548.053880662967,
2021-12-24 00:00:00+00:00,541.852494806581,541.852494806581,541.852494806581,541.852494806581,
2021-12-25 00:00:00+00:00,548.444128740553,548.444128740553,548.444128740553,548.444128740553,
2021-12-26 00:00:00+00:00,547.012507595073,547.012507595073,547.012507595073,547.012507595073,
2021-12-27 00:00:00+00:00,565.510861716971,565.510861716971,565.510861716971,565.510861716971,
2021-12-28 00:00:00+00:00,536.150157365922,536.150157365922,536.150157365922,536.150157365922,
2021-12-29 00:00:00+00:00,513.89498439988,513.89498439988,513.89498439988,513.89498439988,
2021-12-30 00:00:00+00:00,517.843897832034,517.843897832034,517.843897832034,517.843897832034,
2021-12-31 00:00:00+00:00,512.636283653706,512.636283653706,512.636283653706,512.636283653706,
2022-01-01 00:00:00+00:00,526.491109245456,526.491109245456,526.491109245456,526.491109245456,
2022-01-02 00:00:00+00:00,531.655247900896,531.655247900896,531.655247900896,531.655247900896,
2022-01-03 00:00:00+00:00,512.587830592623,512.587830592623,512.587830592623,512.587830592623,
2022-01-04 00:00:00+00:00,507.861759519936,507.861759519936,507.861759519936,507.861759519936,
2022-01-05 00:00:00+00:00,475.55216925047,475.55216925047,475.55216925047,475.55216925047,
2022-01-06 00:00:00+00:00,474.180692584511,474.180692584511,474.180692584511,474.180692584511,
2022-01-07 00:00:00+00:00,447.468305201217,447.468305201217,447.468305201217,447.468305201217,
2022-01-08 00:00:00+00:00,431.721061818455,431.721061818455,431.721061818455,431.721061818455,
2022-01-09 00:00:00+00:00,438.50167157722,438.50167157722,438.50167157722,438.50167157722,
2022-01-10 00:00:00+00:00,424.732895427563,424.732895427563,424.732895427563,424.732895427563,
2022-01-11 00:00:00+00:00,463.375105213434,463.375105213434,463.375105213434,463.375105213434,
2022-01-12 00:00:00+00:00,486.8488477485,486.8488477485,486.8488477485,486.8488477485,
2022-01-13 00:00:00+00:00,476.455096554506,476.455096554506,476.455096554506,476.455096554506,
2022-01-14 00:00:00+00:00,489.737304047537,489.737304047537,489.737304047537,489.737304047537,
2022-01-15 00:00:00+00:00,495.456199637328,495.456199637328,495.456199637328,495.456199637328,
2022-01-16 00:00:00+00:00,499.115248280274,499.115248280274,499.115248280274,499.115248280274,
2022-01-17 00:00:00+00:00,475.487721630621,475.487721630621,475.487721630621,475.487721630621,
2022-01-18 00:00:00+00:00,471.956416430356,471.956416430356,471.956416430356,471.956416430356,
2022-01-19 00:00:00+00:00,465.150142143442,465.150142143442,465.150142143442,465.150142143442,
2022-01-20 00:00:00+00:00,441.66074308428,441.66074308428,441.66074308428,441.66074308428,
2022-01-21 00:00:00+00:00,384.430195765104,384.430195765104,384.430195765104,384.430195765104,
2022-01-22 00:00:00+00:00,357.26911726084,357.26911726084,357.26911726084,357.26911726084,
2022-01-23 00:00:00+00:00,383.469389951065,383.469389951065,383.469389951065,383.469389951065,
2022-01-24 00:00:00+00:00,371.595009992827,371.595009992827,371.595009992827,371.595009992827,
2022-01-25 00:00:00+00:00,384.812918791519,384.812918791519,384.812918791519,384.812918791519,
2022-01-26 00:00:00+00:00,376.020431965279,376.020431965279,376.020431965279,376.020431965279,
2022-01-27 00:00:00+00:00,389.708207264582,389.708207264582,389.708207264582,389.708207264582,
2022-01-28 00:00:00+00:00,385.747722936094,385.747722936094,385.747722936094,385.747722936094,
2022-01-29 00:00:00+00:00,388.594498822781,388.594498822781,388.594498822781,388.594498822781,
2022-01-30 00:00:00+00:00,378.18354124538,378.18354124538,378.18354124538,378.18354124538,
2022-01-31 00:00:00+00:00,375.660405308173,375.660405308173,375.660405308173,375.660405308173,
2022-02-01 00:00:00+00:00,385.939993453856,385.939993453856,385.939993453856,385.939993453856,
2022-02-02 00:00:00+00:00,367.854970622774,367.854970622774,367.854970622774,367.854970622774,
2022-02-03 00:00:00+00:00,369.996278148523,369.996278148523,369.996278148523,369.996278148523,
2022-02-04 00:00:00+00:00,397.593127647472,397.593127647472,397.593127647472,397.593127647472,
2022-02-05 00:00:00+00:00,414.777317876618,414.777317876618,414.777317876618,414.777317876618,
2022-02-06 00:00:00+00:00,418.251552841407,418.251552841407,418.251552841407,418.251552841407,
2022-02-07 00:00:00+00:00,433.783006424769,433.783006424769,433.783006424769,433.783006424769,
2022-02-08 00:00:00+00:00,409.448453173715,409.448453173715,409.448453173715,409.448453173715,
2022-02-09 00:00:00+00:00,422.627256874278,422.627256874278,422.627256874278,422.627256874278,
2022-02-10 00:00:00+00:00,415.953032787321,415.953032787321,415.953032787321,415.953032787321,
2022-02-11 00:00:00+00:00,400.014753017637,400.014753017637,400.014753017637,400.014753017637,
2022-02-12 00:00:00+00:00,402.873908464867,402.873908464867,402.873908464867,402.873908464867,
2022-02-13 00:00:00+00:00,398.878894339837,398.878894339837,398.878894339837,398.878894339837,
2022-02-14 00:00:00+00:00,403.764246366564,403.764246366564,403.764246366564,403.764246366564,
2022-02-15 00:00:00+00:00,432.509282822937,432.509282822937,432.509282822937,432.509282822937,
2022-02-16 00:00:00+00:00,428.941578402644,428.941578402644,428.941578402644,428.941578402644,
2022-02-17 00:00:00+00:00,403.145414136675,403.145414136675,403.145414136675,403.145414136675,
2022-02-18 00:00:00+00:00,399.541263760365,399.541263760365,399.541263760365,399.541263760365,
2022-02-19 00:00:00+00:00,399.704044301617,399.704044301617,399.704044301617,399.704044301617,
2022-02-20 00:00:00+00:00,382.151122844034,382.151122844034,382.151122844034,382.151122844034,
2022-02-21 00:00:00+00:00,357.970084169264,357.970084169264,357.970084169264,357.970084169264,
2022-02-22 00:00:00+00:00,373.494607878013,373.494607878013,373.494607878013,373.494607878013,
2022-02-23 00:00:00+00:00,366.974132408742,366.974132408742,366.974132408742,366.974132408742,
2022-02-24 00:00:00+00:00,360.248327230788,360.248327230788,360.248327230788,360.248327230788,
2022-02-25 00:00:00+00:00,375.170099861545,375.170099861545,375.170099861545,375.170099861545,
2022-02-26 00:00:00+00:00,372.926510452624,372.926510452624,372.926510452624,372.926510452624,
2022-02-27 00:00:00+00:00,360.498738526826,360.498738526826,360.498738526826,360.498738526826,
2022-02-28 00:00:00+00:00,395.212222686154,395.212222686154,395.212222686154,395.212222686154,
2022-03-01 00:00:00+00:00,408.130550866572,408.130550866572,408.130550866572,408.130550866572,
2022-03-02 00:00:00+00:00,409.27801145122,409.27801145122,409.27801145122,409.27801145122,
2022-03-03 00:00:00+00:00,402.827927411493,402.827927411493,402.827927411493,402.827927411493,
2022-03-04 00:00:00+00:00,374.156397201532,374.156397201532,374.156397201532,374.156397201532,
2022-03-05 00:00:00+00:00,384.421924882144,384.421924882144,384.421924882144,384.421924882144,
2022-03-06 00:00:00+00:00,375.189015175954,375.189015175954,375.189015175954,375.189015175954,
2022-03-07 00:00:00+00:00,381.749753917449,381.749753917449,381.749753917449,381.749753917449,
2022-03-08 00:00:00+00:00,381.56490565491,381.56490565491,381.56490565491,381.56490565491,
2022-03-09 00:00:00+00:00,393.49539882735,393.49539882735,393.49539882735,393.49539882735,
2022-03-10 00:00:00+00:00,372.295555637228,372.295555637228,372.295555637228,372.295555637228,
2022-03-11 00:00:00+00:00,372.790775713134,372.790775713134,372.790775713134,372.790775713134,
2022-03-12 00:00:00+00:00,373.400556886426,373.400556886426,373.400556886426,373.400556886426,
2022-03-13 00:00:00+00:00,361.631541348347,361.631541348347,361.631541348347,361.631541348347,
2022-03-14 00:00:00+00:00,373.100385917618,373.100385917618,373.100385917618,373.100385917618,
2022-03-15 00:00:00+00:00,371.795183687972,371.795183687972,371.795183687972,371.795183687972,
2022-03-16 00:00:00+00:00,384.979404153928,384.979404153928,384.979404153928,384.979404153928,
2022-03-17 00:00:00+00:00,391.633533894948,391.633533894948,391.633533894948,391.633533894948,
2022-03-18 00:00:00+00:00,397.565353387258,397.565353387258,397.565353387258,397.565353387258,
2022-03-19 00:00:00+00:00,399.879890510047,399.879890510047,399.879890510047,399.879890510047,
2022-03-20 00:00:00+00:00,391.254882112215,391.254882112215,391.254882112215,391.254882112215,
2022-03-21 00:00:00+00:00,396.245870158046,396.245870158046,396.245870158046,396.245870158046,
2022-03-22 00:00:00+00:00,404.586564883496,404.586564883496,404.586564883496,404.586564883496,
2022-03-23 00:00:00+00:00,407.712769194801,407.712769194801,407.712769194801,407.712769194801,
2022-03-24 00:00:00+00:00,414.025169361514,414.025169361514,414.025169361514,414.025169361514,
2022-03-25 00:00:00+00:00,410.832788957574,410.832788957574,410.832788957574,410.832788957574,
2022-03-26 00:00:00+00:00,415.889746363964,415.889746363964,415.889746363964,415.889746363964,
2022-03-27 00:00:00+00:00,430.187830755895,430.187830755895,430.187830755895,430.187830755895,
2022-03-28 00:00:00+00:00,431.599048773329,431.599048773329,431.599048773329,431.599048773329,
2022-03-29 00:00:00+00:00,434.247903478358,434.247903478358,434.247903478358,434.247903478358,
2022-03-30 00:00:00+00:00,443.187035706876,443.187035706876,443.187035706876,443.187035706876,
2022-03-31 00:00:00+00:00,429.477992668477,429.477992668477,429.477992668477,429.477992668477,
2022-04-01 00:00:00+00:00,445.928789832895,445.928789832895,445.928789832895,445.928789832895,
2022-04-02 00:00:00+00:00,437.904948011331,437.904948011331,437.904948011331,437.904948011331,
2022-04-03 00:00:00+00:00,449.478904253083,449.478904253083,449.478904253083,449.478904253083,
2022-04-04 00:00:00+00:00,448.038987991379,448.038987991379,448.038987991379,448.038987991379,
2022-04-05 00:00:00+00:00,446.754263661717,446.754263661717,446.754263661717,446.754263661717,
2022-04-06 00:00:00+00:00,421.717214692375,421.717214692375,421.717214692375,421.717214692375,
2022-04-07 00:00:00+00:00,436.957721866627,436.957721866627,436.957721866627,436.957721866627,
2022-04-08 00:00:00+00:00,420.573062313465,420.573062313465,420.573062313465,420.573062313465,
2022-04-09 00:00:00+00:00,425.747831881541,425.747831881541,425.747831881541,425.747831881541,
2022-04-10 00:00:00+00:00,419.800803066282,419.800803066282,419.800803066282,419.800803066282,
2022-04-11 00:00:00+00:00,394.53033606762,394.53033606762,394.53033606762,394.53033606762,
2022-04-12 00:00:00+00:00,413.838956301342,413.838956301342,413.838956301342,413.838956301342,
2022-04-13 00:00:00+00:00,423.061531206797,423.061531206797,423.061531206797,423.061531206797,
2022-04-14 00:00:00+00:00,414.731262378869,414.731262378869,414.731262378869,414.731262378869,
2022-04-15 00:00:00+00:00,416.700300517346,416.700300517346,416.700300517346,416.700300517346,
2022-04-16 00:00:00+00:00,417.681289363449,417.681289363449,417.681289363449,417.681289363449,
2022-04-17 00:00:00+00:00,407.652153587032,407.652153587032,407.652153587032,407.652153587032,
2022-04-18 00:00:00+00:00,416.756313551838,416.756313551838,416.756313551838,416.756313551838,
2022-04-19 00:00:00+00:00,422.08328657242,422.08328657242,422.08328657242,422.08328657242,
2022-04-20 00:00:00+00:00,418.227284975914,418.227284975914,418.227284975914,418.227284975914,
2022-04-21 00:00:00+00:00,404.583288622428,404.583288622428,404.583288622428,404.583288622428,
2022-04-22 00:00:00+00:00,407.131892136999,407.131892136999,407.131892136999,407.131892136999,
2022-04-23 00:00:00+00:00,402.279451243429,402.279451243429,402.279451243429,402.279451243429,
2022-04-24 00:00:00+00:00,399.641398560251,399.641398560251,399.641398560251,399.641398560251,
2022-04-25 00:00:00+00:00,404.571230395733,404.571230395733,404.571230395733,404.571230395733,
2022-04-26 00:00:00+00:00,384.422715318332,384.422715318332,384.422715318332,384.422715318332,
2022-04-27 00:00:00+00:00,391.131155911495,391.131155911495,391.131155911495,391.131155911495,
2022-04-28 00:00:00+00:00,406.368831723778,406.368831723778,406.368831723778,406.368831723778,
2022-04-29 00:00:00+00:00,392.958794197803,392.958794197803,392.958794197803,392.958794197803,
2022-04-30 00:00:00+00:00,378.453836473761,378.453836473761,378.453836473761,378.453836473761,
2022-05-01 00:00:00+00:00,390.021697217157,390.021697217157,390.021697217157,390.021697217157,
2022-05-02 00:00:00+00:00,389.85716419386,389.85716419386,389.85716419386,389.85716419386,
2022-05-03 00:00:00+00:00,383.042746438122,383.042746438122,383.042746438122,383.042746438122,
2022-05-04 00:00:00+00:00,402.241807717845,402.241807717845,402.241807717845,402.241807717845,
2022-05-05 00:00:00+00:00,378.158023749116,378.158023749116,378.158023749116,378.158023749116,
2022-05-06 00:00:00+00:00,379.577677725104,379.577677725104,379.577677725104,379.577677725104,
2022-05-07 00:00:00+00:00,365.827414097927,365.827414097927,365.827414097927,365.827414097927,
2022-05-08 00:00:00+00:00,355.407995135773,355.407995135773,355.407995135773,355.407995135773,
2022-05-09 00:00:00+00:00,302.314391048538,302.314391048538,302.314391048538,302.314391048538,
2022-05-10 00:00:00+00:00,318.328242996333,318.328242996333,318.328242996333,318.328242996333,
2022-05-11 00:00:00+00:00,268.656598379372,268.656598379372,268.656598379372,268.656598379372,
2022-05-12 00:00:00+00:00,269.170977653833,269.170977653833,269.170977653833,269.170977653833,
2022-05-13 00:00:00+00:00,291.196180476825,291.196180476825,291.196180476825,291.196180476825,
2022-05-14 00:00:00+00:00,295.559422327949,295.559422327949,295.559422327949,295.559422327949,
2022-05-15 00:00:00+00:00,311.21038254236,311.21038254236,311.21038254236,311.21038254236,
2022-05-16 00:00:00+00:00,297.268451328617,297.268451328617,297.268451328617,297.268451328617,
2022-05-17 00:00:00+00:00,306.217387396654,306.217387396654,306.217387396654,306.217387396654,
2022-05-18 00:00:00+00:00,288.817315546757,288.817315546757,288.817315546757,288.817315546757,
2022-05-19 00:00:00+00:00,306.421458578899,306.421458578899,306.421458578899,306.421458578899,
2022-05-20 00:00:00+00:00,302.715100236936,302.715100236936,302.715100236936,302.715100236936,
2022-05-21 00:00:00+00:00,312.166736937219,312.166736937219,312.166736937219,312.166736937219,
2022-05-22 00:00:00+00:00,319.358331221368,319.358331221368,319.358331221368,319.358331221368,
2022-05-23 00:00:00+00:00,317.174214630886,317.174214630886,317.174214630886,317.174214630886,
2022-05-24 00:00:00+00:00,327.916496571202,327.916496571202,327.916496571202,327.916496571202,
2022-05-25 00:00:00+00:00,326.24827961692,326.24827961692,326.24827961692,326.24827961692,
2022-05-26 00:00:00+00:00,307.125908490312,307.125908490312,307.125908490312,307.125908490312,
2022-05-27 00:00:00+00:00,300.943034632489,300.943034632489,300.943034632489,300.943034632489,
2022-05-28 00:00:00+00:00,308.12481353083,308.12481353083,308.12481353083,308.12481353083,
2022-05-29 00:00:00+00:00,305.643043556436,305.643043556436,305.643043556436,305.643043556436,
2022-05-30 00:00:00+00:00,322.020862243688,322.020862243688,322.020862243688,322.020862243688,
2022-05-31 00:00:00+00:00,321.249835568573,321.249835568573,321.249835568573,321.249835568573,
2022-06-01 00:00:00+00:00,300.832324002449,300.832324002449,300.832324002449,300.832324002449,
2022-06-02 00:00:00+00:00,308.177794984541,308.177794984541,308.177794984541,308.177794984541,
2022-06-03 00:00:00+00:00,297.724002420809,297.724002420809,297.724002420809,297.724002420809,
2022-06-04 00:00:00+00:00,301.2293773096,301.2293773096,301.2293773096,301.2293773096,
2022-06-05 00:00:00+00:00,298.710099452844,298.710099452844,298.710099452844,298.710099452844,
2022-06-06 00:00:00+00:00,295.388478033981,295.388478033981,295.388478033981,295.388478033981,
2022-06-07 00:00:00+00:00,290.173228911539,290.173228911539,290.173228911539,290.173228911539,
2022-06-08 00:00:00+00:00,289.036946562523,289.036946562523,289.036946562523,289.036946562523,
2022-06-09 00:00:00+00:00,289.524844908065,289.524844908065,289.524844908065,289.524844908065,
2022-06-10 00:00:00+00:00,285.992623596676,285.992623596676,285.992623596676,285.992623596676,
2022-06-11 00:00:00+00:00,269.713538520419,269.713538520419,269.713538520419,269.713538520419,
2022-06-12 00:00:00+00:00,256.698765420799,256.698765420799,256.698765420799,256.698765420799,
2022-06-13 00:00:00+00:00,220.740939390783,220.740939390783,220.740939390783,220.740939390783,
2022-06-14 00:00:00+00:00,222.230110919165,222.230110919165,222.230110919165,222.230110919165,
2022-06-15 00:00:00+00:00,232.189346899354,232.189346899354,232.189346899354,232.189346899354,
2022-06-16 00:00:00+00:00,208.908573308808,208.908573308808,208.908573308808,208.908573308808,
2022-06-17 00:00:00+00:00,216.077209626732,216.077209626732,216.077209626732,216.077209626732,
2022-06-18 00:00:00+00:00,197.201778671361,197.201778671361,197.201778671361,197.201778671361,
2022-06-19 00:00:00+00:00,214.0927325725,214.0927325725,214.0927325725,214.0927325725,
2022-06-20 00:00:00+00:00,216.354127727952,216.354127727952,216.354127727952,216.354127727952,
2022-06-21 00:00:00+00:00,219.225330044245,219.225330044245,219.225330044245,219.225330044245,
2022-06-22 00:00:00+00:00,214.707598965148,214.707598965148,214.707598965148,214.707598965148,
2022-06-23 00:00:00+00:00,228.969736674656,228.969736674656,228.969736674656,228.969736674656,
2022-06-24 00:00:00+00:00,241.086685459835,241.086685459835,241.086685459835,241.086685459835,
2022-06-25 00:00:00+00:00,239.42027462321,239.42027462321,239.42027462321,239.42027462321,
2022-06-26 00:00:00+00:00,234.531021788066,234.531021788066,234.531021788066,234.531021788066,
2022-06-27 00:00:00+00:00,233.950518763433,233.950518763433,233.950518763433,233.950518763433,
2022-06-28 00:00:00+00:00,226.836273506359,226.836273506359,226.836273506359,226.836273506359,
2022-06-29 00:00:00+00:00,219.053457956614,219.053457956614,219.053457956614,219.053457956614,
2022-06-30 00:00:00+00:00,215.326739000662,215.326739000662,215.326739000662,215.326739000662,
2022-07-01 00:00:00+00:00,217.61034306929,217.61034306929,217.61034306929,217.61034306929,
2022-07-02 00:00:00+00:00,217.923790962472,217.923790962472,217.923790962472,217.923790962472,
2022-07-03 00:00:00+00:00,218.867094149871,218.867094149871,218.867094149871,218.867094149871,
2022-07-04 00:00:00+00:00,231.008473283659,231.008473283659,231.008473283659,231.008473283659,
2022-07-05 00:00:00+00:00,230.895159785168,230.895159785168,230.895159785168,230.895159785168,
2022-07-06 00:00:00+00:00,238.701971202816,238.701971202816,238.701971202816,238.701971202816,
2022-07-07 00:00:00+00:00,241.512243619107,241.512243619107,241.512243619107,241.512243619107,
2022-07-08 00:00:00+00:00,242.205428734331,242.205428734331,242.205428734331,242.205428734331,
2022-07-09 00:00:00+00:00,243.023694425979,243.023694425979,243.023694425979,243.023694425979,
2022-07-10 00:00:00+00:00,234.245181077228,234.245181077228,234.245181077228,234.245181077228,
2022-07-11 00:00:00+00:00,225.621796076375,225.621796076375,225.621796076375,225.621796076375,
2022-07-12 00:00:00+00:00,221.259595582195,221.259595582195,221.259595582195,221.259595582195,
2022-07-13 00:00:00+00:00,229.712634114066,229.712634114066,229.712634114066,229.712634114066,
2022-07-14 00:00:00+00:00,237.965252485911,237.965252485911,237.965252485911,237.965252485911,
2022-07-15 00:00:00+00:00,238.609189796881,238.609189796881,238.609189796881,238.609189796881,
2022-07-16 00:00:00+00:00,249.600867963741,249.600867963741,249.600867963741,249.600867963741,
2022-07-17 00:00:00+00:00,248.439280290647,248.439280290647,248.439280290647,248.439280290647,
2022-07-18 00:00:00+00:00,263.535486941173,263.535486941173,263.535486941173,263.535486941173,
2022-07-19 00:00:00+00:00,268.897922585417,268.897922585417,268.897922585417,268.897922585417,
2022-07-20 00:00:00+00:00,258.417530033887,258.417530033887,258.417530033887,258.417530033887,
2022-07-21 00:00:00+00:00,265.333924411965,265.333924411965,265.333924411965,265.333924411965,
2022-07-22 00:00:00+00:00,262.420006900824,262.420006900824,262.420006900824,262.420006900824,
2022-07-23 00:00:00+00:00,259.479467932408,259.479467932408,259.479467932408,259.479467932408,
2022-07-24 00:00:00+00:00,262.352647040428,262.352647040428,262.352647040428,262.352647040428,
2022-07-25 00:00:00+00:00,247.937564275256,247.937564275256,247.937564275256,247.937564275256,
2022-07-26 00:00:00+00:00,248.122035177992,248.122035177992,248.122035177992,248.122035177992,
2022-07-27 00:00:00+00:00,270.06335359665,270.06335359665,270.06335359665,270.06335359665,
2022-07-28 00:00:00+00:00,276.843153178812,276.843153178812,276.843153178812,276.843153178812,
2022-07-29 00:00:00+00:00,295.433665993251,295.433665993251,295.433665993251,295.433665993251,
2022-07-30 00:00:00+00:00,287.030664381622,287.030664381622,287.030664381622,287.030664381622,
2022-07-31 00:00:00+00:00,283.487143317041,283.487143317041,283.487143317041,283.487143317041,
2022-08-01 00:00:00+00:00,283.665040731337,283.665040731337,283.665040731337,283.665040731337,
2022-08-02 00:00:00+00:00,284.667499516589,284.667499516589,284.667499516589,284.667499516589,
2022-08-03 00:00:00+00:00,297.751430417658,297.751430417658,297.751430417658,297.751430417658,
2022-08-04 00:00:00+00:00,310.405433239035,310.405433239035,310.405433239035,310.405433239035,
2022-08-05 00:00:00+00:00,314.641947497493,314.641947497493,314.641947497493,314.641947497493,
2022-08-06 00:00:00+00:00,315.252518303673,315.252518303673,315.252518303673,315.252518303673,
2022-08-07 00:00:00+00:00,323.053303623254,323.053303623254,323.053303623254,323.053303623254,
2022-08-08 00:00:00+00:00,324.635605691951,324.635605691951,324.635605691951,324.635605691951,
2022-08-09 00:00:00+00:00,325.442291086197,325.442291086197,325.442291086197,325.442291086197,
2022-08-10 00:00:00+00:00,328.034925285235,328.034925285235,328.034925285235,328.034925285235,
2022-08-11 00:00:00+00:00,323.337252699513,323.337252699513,323.337252699513,323.337252699513,
2022-08-12 00:00:00+00:00,327.175185002919,327.175185002919,327.175185002919,327.175185002919,
2022-08-13 00:00:00+00:00,324.036968378575,324.036968378575,324.036968378575,324.036968378575,
2022-08-14 00:00:00+00:00,317.894329095407,317.894329095407,317.894329095407,317.894329095407,
2022-08-15 00:00:00+00:00,319.066266369978,319.066266369978,319.066266369978,319.066266369978,
2022-08-16 00:00:00+00:00,316.244847212046,316.244847212046,316.244847212046,316.244847212046,
2022-08-17 00:00:00+00:00,306.531271266334,306.531271266334,306.531271266334,306.531271266334,
2022-08-18 00:00:00+00:00,298.520278222368,298.520278222368,298.520278222368,298.520278222368,
2022-08-19 00:00:00+00:00,279.675149494663,279.675149494663,279.675149494663,279.675149494663,
2022-08-20 00:00:00+00:00,283.23579562798,283.23579562798,283.23579562798,283.23579562798,
2022-08-21 00:00:00+00:00,302.206072450616,302.206072450616,302.206072450616,302.206072450616,
2022-08-22 00:00:00+00:00,300.24936096739,300.24936096739,300.24936096739,300.24936096739,
2022-08-23 00:00:00+00:00,299.238884230619,299.238884230619,299.238884230619,299.238884230619,
2022-08-24 00:00:00+00:00,296.488738333568,296.488738333568,296.488738333568,296.488738333568,
2022-08-25 00:00:00+00:00,301.469978345903,301.469978345903,301.469978345903,301.469978345903,
2022-08-26 00:00:00+00:00,279.091446171571,279.091446171571,279.091446171571,279.091446171571,
2022-08-27 00:00:00+00:00,277.696055936682,277.696055936682,277.696055936682,277.696055936682,
2022-08-28 00:00:00+00:00,277.227713618119,277.227713618119,277.227713618119,277.227713618119,
2022-08-29 00:00:00+00:00,285.587690712548,285.587690712548,285.587690712548,285.587690712548,
2022-08-30 00:00:00+00:00,281.875914703939,281.875914703939,281.875914703939,281.875914703939,
2022-08-31 00:00:00+00:00,278.738495937262,278.738495937262,278.738495937262,278.738495937262,
2022-09-01 00:00:00+00:00,278.310537737957,278.310537737957,278.310537737957,278.310537737957,
2022-09-02 00:00:00+00:00,276.995427356859,276.995427356859,276.995427356859,276.995427356859,
2022-09-03 00:00:00+00:00,277.429567702976,277.429567702976,277.429567702976,277.429567702976,
2022-09-04 00:00:00+00:00,278.513023815558,278.513023815558,278.513023815558,278.513023815558,
2022-09-05 00:00:00+00:00,276.537422216473,276.537422216473,276.537422216473,276.537422216473,
2022-09-06 00:00:00+00:00,263.890391416519,263.890391416519,263.890391416519,263.890391416519,
2022-09-07 00:00:00+00:00,278.496109164329,278.496109164329,278.496109164329,278.496109164329,
2022-09-08 00:00:00+00:00,280.55582443776,280.55582443776,280.55582443776,280.55582443776,
2022-09-09 00:00:00+00:00,293.018851937632,293.018851937632,293.018851937632,293.018851937632,
2022-09-10 00:00:00+00:00,297.518186304168,297.518186304168,297.518186304168,297.518186304168,
2022-09-11 00:00:00+00:00,294.664589742697,294.664589742697,294.664589742697,294.664589742697,
2022-09-12 00:00:00+00:00,293.423286414478,293.423286414478,293.423286414478,293.423286414478,
2022-09-13 00:00:00+00:00,277.095820751771,277.095820751771,277.095820751771,277.095820751771,
2022-09-14 00:00:00+00:00,279.329752830528,279.329752830528,279.329752830528,279.329752830528,
2022-09-15 00:00:00+00:00,270.601031095991,270.601031095991,270.601031095991,270.601031095991,
2022-09-16 00:00:00+00:00,274.356123768246,274.356123768246,274.356123768246,274.356123768246,
2022-09-17 00:00:00+00:00,279.287342648619,279.287342648619,279.287342648619,279.287342648619,
2022-09-18 00:00:00+00:00,266.496974855621,266.496974855621,266.496974855621,266.496974855621,
2022-09-19 00:00:00+00:00,272.345093164789,272.345093164789,272.345093164789,272.345093164789,
2022-09-20 00:00:00+00:00,266.392684613649,266.392684613649,266.392684613649,266.392684613649,
2022-09-21 00:00:00+00:00,264.043203876023,264.043203876023,264.043203876023,264.043203876023,
2022-09-22 00:00:00+00:00,275.394886784103,275.394886784103,275.394886784103,275.394886784103,
2022-09-23 00:00:00+00:00,276.713927174178,276.713927174178,276.713927174178,276.713927174178,
2022-09-24 00:00:00+00:00,275.305089396027,275.305089396027,275.305089396027,275.305089396027,
2022-09-25 00:00:00+00:00,273.940665569719,273.940665569719,273.940665569719,273.940665569719,
2022-09-26 00:00:00+00:00,275.653974530812,275.653974530812,275.653974530812,275.653974530812,
2022-09-27 00:00:00+00:00,272.382552375998,272.382552375998,272.382552375998,272.382552375998,
2022-09-28 00:00:00+00:00,281.849430697425,281.849430697425,281.849430697425,281.849430697425,
2022-09-29 00:00:00+00:00,283.55283735207,283.55283735207,283.55283735207,283.55283735207,
2022-09-30 00:00:00+00:00,283.902539512426,283.902539512426,283.902539512426,283.902539512426,
2022-10-01 00:00:00+00:00,282.734685246321,282.734685246321,282.734685246321,282.734685246321,
2022-10-02 00:00:00+00:00,284.372653068986,284.372653068986,284.372653068986,284.372653068986,
2022-10-03 00:00:00+00:00,287.182754344271,287.182754344271,287.182754344271,287.182754344271,
2022-10-04 00:00:00+00:00,296.369631706266,296.369631706266,296.369631706266,296.369631706266,
2022-10-05 00:00:00+00:00,294.0556355857,294.0556355857,294.0556355857,294.0556355857,
2022-10-06 00:00:00+00:00,285.275589896076,285.275589896076,285.275589896076,285.275589896076,
2022-10-07 00:00:00+00:00,282.801073847314,282.801073847314,282.801073847314,282.801073847314,
2022-10-08 00:00:00+00:00,276.291241177233,276.291241177233,276.291241177233,276.291241177233,
2022-10-09 00:00:00+00:00,277.91570506554,277.91570506554,277.91570506554,277.91570506554,
2022-10-10 00:00:00+00:00,272.095591431967,272.095591431967,272.095591431967,272.095591431967,
2022-10-11 00:00:00+00:00,271.048252370348,271.048252370348,271.048252370348,271.048252370348,
2022-10-12 00:00:00+00:00,271.020616017273,271.020616017273,271.020616017273,271.020616017273,
2022-10-13 00:00:00+00:00,271.821242551763,271.821242551763,271.821242551763,271.821242551763,
2022-10-14 00:00:00+00:00,269.362421114123,269.362421114123,269.362421114123,269.362421114123,
2022-10-15 00:00:00+00:00,268.490150768188,268.490150768188,268.490150768188,268.490150768188,
2022-10-16 00:00:00+00:00,272.468970089161,272.468970089161,272.468970089161,272.468970089161,
2022-10-17 00:00:00+00:00,275.701120674111,275.701120674111,275.701120674111,275.701120674111,
2022-10-18 00:00:00+00:00,273.42653843588,273.42653843588,273.42653843588,273.42653843588,
2022-10-19 00:00:00+00:00,271.647485474141,271.647485474141,271.647485474141,271.647485474141,
2022-10-20 00:00:00+00:00,268.992192079115,268.992192079115,268.992192079115,268.992192079115,
2022-10-21 00:00:00+00:00,269.954989234532,269.954989234532,269.954989234532,269.954989234532,
2022-10-22 00:00:00+00:00,270.425733755734,270.425733755734,270.425733755734,270.425733755734,
2022-10-23 00:00:00+00:00,276.018875732277,276.018875732277,276.018875732277,276.018875732277,
2022-10-24 00:00:00+00:00,273.75072578636,273.75072578636,273.75072578636,273.75072578636,
2022-10-25 00:00:00+00:00,285.373490845794,285.373490845794,285.373490845794,285.373490845794,
2022-10-26 00:00:00+00:00,290.598994801277,290.598994801277,290.598994801277,290.598994801277,
2022-10-27 00:00:00+00:00,286.84744976005,286.84744976005,286.84744976005,286.84744976005,
2022-10-28 00:00:00+00:00,297.984717935118,297.984717935118,297.984717935118,297.984717935118,
2022-10-29 00:00:00+00:00,303.663510140495,303.663510140495,303.663510140495,303.663510140495,
2022-10-30 00:00:00+00:00,313.238959348285,313.238959348285,313.238959348285,313.238959348285,
2022-10-31 00:00:00+00:00,327.150616086521,327.150616086521,327.150616086521,327.150616086521,
2022-11-01 00:00:00+00:00,324.794674174938,324.794674174938,324.794674174938,324.794674174938,
2022-11-02 00:00:00+00:00,320.112795912753,320.112795912753,320.112795912753,320.112795912753,
2022-11-03 00:00:00+00:00,329.161122380138,329.161122380138,329.161122380138,329.161122380138,
2022-11-04 00:00:00+00:00,353.709490149916,353.709490149916,353.709490149916,353.709490149916,
2022-11-05 00:00:00+00:00,348.987428142185,348.987428142185,348.987428142185,348.987428142185,
2022-11-06 00:00:00+00:00,341.899346164039,341.899346164039,341.899346164039,341.899346164039,
2022-11-07 00:00:00+00:00,336.552695090585,336.552695090585,336.552695090585,336.552695090585,
2022-11-08 00:00:00+00:00,326.800582701773,326.800582701773,326.800582701773,326.800582701773,
2022-11-09 00:00:00+00:00,264.4314962704,264.4314962704,264.4314962704,264.4314962704,
2022-11-10 00:00:00+00:00,302.807914051462,302.807914051462,302.807914051462,302.807914051462,
2022-11-11 00:00:00+00:00,288.525976649607,288.525976649607,288.525976649607,288.525976649607,
2022-11-12 00:00:00+00:00,281.615464464131,281.615464464131,281.615464464131,281.615464464131,
2022-11-13 00:00:00+00:00,275.981915652774,275.981915652774,275.981915652774,275.981915652774,
2022-11-14 00:00:00+00:00,278.36550081124,278.36550081124,278.36550081124,278.36550081124,
2022-11-15 00:00:00+00:00,276.439788614241,276.439788614241,276.439788614241,276.439788614241,
2022-11-16 00:00:00+00:00,271.728593167922,271.728593167922,271.728593167922,271.728593167922,
2022-11-17 00:00:00+00:00,267.539326061757,267.539326061757,267.539326061757,267.539326061757,
2022-11-18 00:00:00+00:00,273.3708289393,273.3708289393,273.3708289393,273.3708289393,
2022-11-19 00:00:00+00:00,272.284264444991,272.284264444991,272.284264444991,272.284264444991,
2022-11-20 00:00:00+00:00,263.716732673945,263.716732673945,263.716732673945,263.716732673945,
2022-11-21 00:00:00+00:00,253.966214557169,253.966214557169,253.966214557169,253.966214557169,
2022-11-22 00:00:00+00:00,266.189501277977,266.189501277977,266.189501277977,266.189501277977,
2022-11-23 00:00:00+00:00,297.635377044326,297.635377044326,297.635377044326,297.635377044326,
2022-11-24 00:00:00+00:00,300.145367813382,300.145367813382,300.145367813382,300.145367813382,
2022-11-25 00:00:00+00:00,300.438531045843,300.438531045843,300.438531045843,300.438531045843,
2022-11-26 00:00:00+00:00,311.274846534482,311.274846534482,311.274846534482,311.274846534482,
2022-11-27 00:00:00+00:00,307.963266054776,307.963266054776,307.963266054776,307.963266054776,
2022-11-28 00:00:00+00:00,293.335553758242,293.335553758242,293.335553758242,293.335553758242,
2022-11-29 00:00:00+00:00,296.109138357885,296.109138357885,296.109138357885,296.109138357885,
2022-11-30 00:00:00+00:00,301.111342244085,301.111342244085,301.111342244085,301.111342244085,
2022-12-01 00:00:00+00:00,291.791691131379,291.791691131379,291.791691131379,291.791691131379,
2022-12-02 00:00:00+00:00,293.027729299279,293.027729299279,293.027729299279,293.027729299279,
2022-12-03 00:00:00+00:00,290.53590785425,290.53590785425,290.53590785425,290.53590785425,
2022-12-04 00:00:00+00:00,292.022167349729,292.022167349729,292.022167349729,292.022167349729,
2022-12-05 00:00:00+00:00,288.25271472267,288.25271472267,288.25271472267,288.25271472267,
2022-12-06 00:00:00+00:00,290.123563322681,290.123563322681,290.123563322681,290.123563322681,
2022-12-07 00:00:00+00:00,284.431676795326,284.431676795326,284.431676795326,284.431676795326,
2022-12-08 00:00:00+00:00,290.391071329742,290.391071329742,290.391071329742,290.391071329742,
2022-12-09 00:00:00+00:00,286.103491720026,286.103491720026,286.103491720026,286.103491720026,
2022-12-10 00:00:00+00:00,288.060526056295,288.060526056295,288.060526056295,288.060526056295,
2022-12-11 00:00:00+00:00,284.496177094246,284.496177094246,284.496177094246,284.496177094246,
2022-12-12 00:00:00+00:00,276.716105098396,276.716105098396,276.716105098396,276.716105098396,
2022-12-13 00:00:00+00:00,272.015932101777,272.015932101777,272.015932101777,272.015932101777,
2022-12-14 00:00:00+00:00,268.167042734447,268.167042734447,268.167042734447,268.167042734447,
2022-12-15 00:00:00+00:00,257.796300780815,257.796300780815,257.796300780815,257.796300780815,
2022-12-16 00:00:00+00:00,230.066186890881,230.066186890881,230.066186890881,230.066186890881,
2022-12-17 00:00:00+00:00,241.699823740522,241.699823740522,241.699823740522,241.699823740522,
2022-12-18 00:00:00+00:00,252.118538679277,252.118538679277,252.118538679277,252.118538679277,
2022-12-19 00:00:00+00:00,240.791584302568,240.791584302568,240.791584302568,240.791584302568,
2022-12-20 00:00:00+00:00,251.803362065645,251.803362065645,251.803362065645,251.803362065645,
2022-12-21 00:00:00+00:00,246.34912828312,246.34912828312,246.34912828312,246.34912828312,
2022-12-22 00:00:00+00:00,245.799610029931,245.799610029931,245.799610029931,245.799610029931,
2022-12-23 00:00:00+00:00,246.115096449543,246.115096449543,246.115096449543,246.115096449543,
2022-12-24 00:00:00+00:00,244.563373893617,244.563373893617,244.563373893617,244.563373893617,
2022-12-25 00:00:00+00:00,242.993487452641,242.993487452641,242.993487452641,242.993487452641,
2022-12-26 00:00:00+00:00,243.530553398586,243.530553398586,243.530553398586,243.530553398586,
2022-12-27 00:00:00+00:00,246.310638522676,246.310638522676,246.310638522676,246.310638522676,
2022-12-28 00:00:00+00:00,243.853149742226,243.853149742226,243.853149742226,243.853149742226,
2022-12-29 00:00:00+00:00,246.245763023064,246.245763023064,246.245763023064,246.245763023064,
2022-12-30 00:00:00+00:00,245.654118276528,245.654118276528,245.654118276528,245.654118276528,
2022-12-31 00:00:00+00:00,246.364297531866,246.364297531866,246.364297531866,246.364297531866,
2023-01-01 00:00:00+00:00,244.01544714732,244.01544714732,244.01544714732,244.01544714732,
2023-01-02 00:00:00+00:00,245.646416815303,245.646416815303,245.646416815303,245.646416815303,
2023-01-03 00:00:00+00:00,246.053717815254,246.053717815254,246.053717815254,246.053717815254,
2023-01-04 00:00:00+00:00,258.813210985922,258.813210985922,258.813210985922,258.813210985922,
2023-01-05 00:00:00+00:00,256.359968022939,256.359968022939,256.359968022939,256.359968022939,
2023-01-06 00:00:00+00:00,259.723656835333,259.723656835333,259.723656835333,259.723656835333,
2023-01-07 00:00:00+00:00,261.179618891976,261.179618891976,261.179618891976,261.179618891976,
2023-01-08 00:00:00+00:00,273.589781494448,273.589781494448,273.589781494448,273.589781494448,
2023-01-09 00:00:00+00:00,272.46252982511,272.46252982511,272.46252982511,272.46252982511,
2023-01-10 00:00:00+00:00,277.27473046468,277.27473046468,277.27473046468,277.27473046468,
2023-01-11 00:00:00+00:00,283.891299828003,283.891299828003,283.891299828003,283.891299828003,
2023-01-12 00:00:00+00:00,287.400981640207,287.400981640207,287.400981640207,287.400981640207,
2023-01-13 00:00:00+00:00,293.507028117332,293.507028117332,293.507028117332,293.507028117332,
2023-01-14 00:00:00+00:00,305.608337614474,305.608337614474,305.608337614474,305.608337614474,
2023-01-15 00:00:00+00:00,301.875610050177,301.875610050177,301.875610050177,301.875610050177,
2023-01-16 00:00:00+00:00,299.053101300582,299.053101300582,299.053101300582,299.053101300582,
2023-01-17 00:00:00+00:00,300.226042270028,300.226042270028,300.226042270028,300.226042270028,
2023-01-18 00:00:00+00:00,287.796770302243,287.796770302243,287.796770302243,287.796770302243,
2023-01-19 00:00:00+00:00,294.640152320622,294.640152320622,294.640152320622,294.640152320622,
2023-01-20 00:00:00+00:00,304.713336636257,304.713336636257,304.713336636257,304.713336636257,
2023-01-21 00:00:00+00:00,299.670337800199,299.670337800199,299.670337800199,299.670337800199,
2023-01-22 00:00:00+00:00,302.772463927581,302.772463927581,302.772463927581,302.772463927581,
2023-01-23 00:00:00+00:00,305.617954328735,305.617954328735,305.617954328735,305.617954328735,
2023-01-24 00:00:00+00:00,300.754741716687,300.754741716687,300.754741716687,300.754741716687,
2023-01-25 00:00:00+00:00,307.127126312338,307.127126312338,307.127126312338,307.127126312338,
2023-01-26 00:00:00+00:00,304.670732412973,304.670732412973,304.670732412973,304.670732412973,
2023-01-27 00:00:00+00:00,308.284159354044,308.284159354044,308.284159354044,308.284159354044,
2023-01-28 00:00:00+00:00,305.840093289148,305.840093289148,305.840093289148,305.840093289148,
2023-01-29 00:00:00+00:00,317.398597251301,317.398597251301,317.398597251301,317.398597251301,
2023-01-30 00:00:00+00:00,306.712391807462,306.712391807462,306.712391807462,306.712391807462,
2023-01-31 00:00:00+00:00,312.116973861547,312.116973861547,312.116973861547,312.116973861547,
2023-02-01 00:00:00+00:00,317.473048128185,317.473048128185,317.473048128185,317.473048128185,
2023-02-02 00:00:00+00:00,324.337961471432,324.337961471432,324.337961471432,324.337961471432,
2023-02-03 00:00:00+00:00,331.960619900916,331.960619900916,331.960619900916,331.960619900916,
2023-02-04 00:00:00+00:00,330.840920221775,330.840920221775,330.840920221775,330.840920221775,
2023-02-05 00:00:00+00:00,327.832104764241,327.832104764241,327.832104764241,327.832104764241,
2023-02-06 00:00:00+00:00,324.698506966054,324.698506966054,324.698506966054,324.698506966054,
2023-02-07 00:00:00+00:00,333.28369026561,333.28369026561,333.28369026561,333.28369026561,
2023-02-08 00:00:00+00:00,328.025191780074,328.025191780074,328.025191780074,328.025191780074,
2023-02-09 00:00:00+00:00,305.735545236793,305.735545236793,305.735545236793,305.735545236793,
2023-02-10 00:00:00+00:00,305.935492328882,305.935492328882,305.935492328882,305.935492328882,
2023-02-11 00:00:00+00:00,310.762838802295,310.762838802295,310.762838802295,310.762838802295,
2023-02-12 00:00:00+00:00,313.400514858889,313.400514858889,313.400514858889,313.400514858889,
2023-02-13 00:00:00+00:00,293.571288242122,293.571288242122,293.571288242122,293.571288242122,
2023-02-14 00:00:00+00:00,296.334340512419,296.334340512419,296.334340512419,296.334340512419,
2023-02-15 00:00:00+00:00,317.121374736817,317.121374736817,317.121374736817,317.121374736817,
2023-02-16 00:00:00+00:00,305.871011651925,305.871011651925,305.871011651925,305.871011651925,
2023-02-17 00:00:00+00:00,313.631843297217,313.631843297217,313.631843297217,313.631843297217,
2023-02-18 00:00:00+00:00,316.190843431363,316.190843431363,316.190843431363,316.190843431363,
2023-02-19 00:00:00+00:00,312.357828053078,312.357828053078,312.357828053078,312.357828053078,
2023-02-20 00:00:00+00:00,314.945402838221,314.945402838221,314.945402838221,314.945402838221,
2023-02-21 00:00:00+00:00,311.06303310115,311.06303310115,311.06303310115,311.06303310115,
2023-02-22 00:00:00+00:00,312.448698623415,312.448698623415,312.448698623415,312.448698623415,
2023-02-23 00:00:00+00:00,308.317446343296,308.317446343296,308.317446343296,308.317446343296,
2023-02-24 00:00:00+00:00,301.820834637341,301.820834637341,301.820834637341,301.820834637341,
2023-02-25 00:00:00+00:00,302.178662230615,302.178662230615,302.178662230615,302.178662230615,
2023-02-26 00:00:00+00:00,308.841430312889,308.841430312889,308.841430312889,308.841430312889,
2023-02-27 00:00:00+00:00,304.609219680181,304.609219680181,304.609219680181,304.609219680181,
2023-02-28 00:00:00+00:00,301.468841576651,301.468841576651,301.468841576651,301.468841576651,
2023-03-01 00:00:00+00:00,302.466413335966,302.466413335966,302.466413335966,302.466413335966,
2023-03-02 00:00:00+00:00,299.925668055813,299.925668055813,299.925668055813,299.925668055813,
2023-03-03 00:00:00+00:00,289.956413564635,289.956413564635,289.956413564635,289.956413564635,
2023-03-04 00:00:00+00:00,289.17685914822,289.17685914822,289.17685914822,289.17685914822,
2023-03-05 00:00:00+00:00,288.231897999253,288.231897999253,288.231897999253,288.231897999253,
2023-03-06 00:00:00+00:00,287.967375204723,287.967375204723,287.967375204723,287.967375204723,
2023-03-07 00:00:00+00:00,288.835787982708,288.835787982708,288.835787982708,288.835787982708,
2023-03-08 00:00:00+00:00,287.122411097305,287.122411097305,287.122411097305,287.122411097305,
2023-03-09 00:00:00+00:00,276.841524188649,276.841524188649,276.841524188649,276.841524188649,
2023-03-10 00:00:00+00:00,278.320719969854,278.320719969854,278.320719969854,278.320719969854,
2023-03-11 00:00:00+00:00,277.170923686697,277.170923686697,277.170923686697,277.170923686697,
2023-03-12 00:00:00+00:00,289.207265446457,289.207265446457,289.207265446457,289.207265446457,
2023-03-13 00:00:00+00:00,308.602506297396,308.602506297396,308.602506297396,308.602506297396,
2023-03-14 00:00:00+00:00,309.560878876083,309.560878876083,309.560878876083,309.560878876083,
2023-03-15 00:00:00+00:00,307.165465869871,307.165465869871,307.165465869871,307.165465869871,
2023-03-16 00:00:00+00:00,330.06376166906,330.06376166906,330.06376166906,330.06376166906,
2023-03-17 00:00:00+00:00,339.239054583885,339.239054583885,339.239054583885,339.239054583885,
2023-03-18 00:00:00+00:00,331.929671002494,331.929671002494,331.929671002494,331.929671002494,
2023-03-19 00:00:00+00:00,338.416954305755,338.416954305755,338.416954305755,338.416954305755,
2023-03-20 00:00:00+00:00,333.952400404239,333.952400404239,333.952400404239,333.952400404239,
2023-03-21 00:00:00+00:00,335.681672473329,335.681672473329,335.681672473329,335.681672473329,
2023-03-22 00:00:00+00:00,322.250112091562,322.250112091562,322.250112091562,322.250112091562,
2023-03-23 00:00:00+00:00,330.006520225591,330.006520225591,330.006520225591,330.006520225591,
2023-03-24 00:00:00+00:00,322.371591882865,322.371591882865,322.371591882865,322.371591882865,
2023-03-25 00:00:00+00:00,322.463307825798,322.463307825798,322.463307825798,322.463307825798,
2023-03-26 00:00:00+00:00,329.229701436276,329.229701436276,329.229701436276,329.229701436276,
2023-03-27 00:00:00+00:00,310.451825811218,310.451825811218,310.451825811218,310.451825811218,
2023-03-28 00:00:00+00:00,313.182631199612,313.182631199612,313.182631199612,313.182631199612,
2023-03-29 00:00:00+00:00,314.007191289024,314.007191289024,314.007191289024,314.007191289024,
2023-03-30 00:00:00+00:00,316.606832453141,316.606832453141,316.606832453141,316.606832453141,
2023-03-31 00:00:00+00:00,317.059210781217,317.059210781217,317.059210781217,317.059210781217,
2023-04-01 00:00:00+00:00,314.992848073423,314.992848073423,314.992848073423,314.992848073423,
2023-04-02 00:00:00+00:00,313.751653512257,313.751653512257,313.751653512257,313.751653512257,
2023-04-03 00:00:00+00:00,308.859047744471,308.859047744471,308.859047744471,308.859047744471,
2023-04-04 00:00:00+00:00,310.826385007297,310.826385007297,310.826385007297,310.826385007297,
2023-04-05 00:00:00+00:00,314.21495536495,314.21495536495,314.21495536495,314.21495536495,
2023-04-06 00:00:00+00:00,312.405281178506,312.405281178506,312.405281178506,312.405281178506,
2023-04-07 00:00:00+00:00,310.672562054606,310.672562054606,310.672562054606,310.672562054606,
2023-04-08 00:00:00+00:00,310.694722878891,310.694722878891,310.694722878891,310.694722878891,
2023-04-09 00:00:00+00:00,313.072412417531,313.072412417531,313.072412417531,313.072412417531,
2023-04-10 00:00:00+00:00,318.1795747782,318.1795747782,318.1795747782,318.1795747782,
2023-04-11 00:00:00+00:00,322.938719315511,322.938719315511,322.938719315511,322.938719315511,
2023-04-12 00:00:00+00:00,320.187068798764,320.187068798764,320.187068798764,320.187068798764,
2023-04-13 00:00:00+00:00,324.714509696301,324.714509696301,324.714509696301,324.714509696301,
2023-04-14 00:00:00+00:00,329.138797060312,329.138797060312,329.138797060312,329.138797060312,
2023-04-15 00:00:00+00:00,333.774002467194,333.774002467194,333.774002467194,333.774002467194,
2023-04-16 00:00:00+00:00,348.411204146279,348.411204146279,348.411204146279,348.411204146279,
2023-04-17 00:00:00+00:00,340.062959788146,340.062959788146,340.062959788146,340.062959788146,
2023-04-18 00:00:00+00:00,343.067604486796,343.067604486796,343.067604486796,343.067604486796,
2023-04-19 00:00:00+00:00,322.196796272469,322.196796272469,322.196796272469,322.196796272469,
2023-04-20 00:00:00+00:00,317.68989449187,317.68989449187,317.68989449187,317.68989449187,
2023-04-21 00:00:00+00:00,321.651468884487,321.651468884487,321.651468884487,321.651468884487,
2023-04-22 00:00:00+00:00,332.160418580542,332.160418580542,332.160418580542,332.160418580542,
2023-04-23 00:00:00+00:00,330.562541264682,330.562541264682,330.562541264682,330.562541264682,
2023-04-24 00:00:00+00:00,331.299938548234,331.299938548234,331.299938548234,331.299938548234,
2023-04-25 00:00:00+00:00,338.828827180008,338.828827180008,338.828827180008,338.828827180008,
2023-04-26 00:00:00+00:00,330.520493691424,330.520493691424,330.520493691424,330.520493691424,
2023-04-27 00:00:00+00:00,331.710892343415,331.710892343415,331.710892343415,331.710892343415,
2023-04-28 00:00:00+00:00,324.452744716486,324.452744716486,324.452744716486,324.452744716486,
2023-04-29 00:00:00+00:00,321.899613513142,321.899613513142,321.899613513142,321.899613513142,
2023-04-30 00:00:00+00:00,337.424641461592,337.424641461592,337.424641461592,337.424641461592,
2023-05-01 00:00:00+00:00,328.729601896618,328.729601896618,328.729601896618,328.729601896618,
2023-05-02 00:00:00+00:00,322.106639618126,322.106639618126,322.106639618126,322.106639618126,
2023-05-03 00:00:00+00:00,326.067753726165,326.067753726165,326.067753726165,326.067753726165,
2023-05-04 00:00:00+00:00,323.832031139566,323.832031139566,323.832031139566,323.832031139566,
2023-05-05 00:00:00+00:00,326.99924587115,326.99924587115,326.99924587115,326.99924587115,
2023-05-06 00:00:00+00:00,322.700867583057,322.700867583057,322.700867583057,322.700867583057,
2023-05-07 00:00:00+00:00,322.523006058948,322.523006058948,322.523006058948,322.523006058948,
2023-05-08 00:00:00+00:00,313.779932710122,313.779932710122,313.779932710122,313.779932710122,
2023-05-09 00:00:00+00:00,312.319285846405,312.319285846405,312.319285846405,312.319285846405,
2023-05-10 00:00:00+00:00,314.696369178869,314.696369178869,314.696369178869,314.696369178869,
2023-05-11 00:00:00+00:00,307.606098745891,307.606098745891,307.606098745891,307.606098745891,
2023-05-12 00:00:00+00:00,308.277536259645,308.277536259645,308.277536259645,308.277536259645,
2023-05-13 00:00:00+00:00,311.150195668657,311.150195668657,311.150195668657,311.150195668657,
2023-05-14 00:00:00+00:00,311.949266307291,311.949266307291,311.949266307291,311.949266307291,
2023-05-15 00:00:00+00:00,313.740207428135,313.740207428135,313.740207428135,313.740207428135,
2023-05-16 00:00:00+00:00,311.3887108732,311.3887108732,311.3887108732,311.3887108732,
2023-05-17 00:00:00+00:00,314.000825203578,314.000825203578,314.000825203578,314.000825203578,
2023-05-18 00:00:00+00:00,309.55885721412,309.55885721412,309.55885721412,309.55885721412,
2023-05-19 00:00:00+00:00,308.998988718236,308.998988718236,308.998988718236,308.998988718236,
2023-05-20 00:00:00+00:00,310.512029088585,310.512029088585,310.512029088585,310.512029088585,
2023-05-21 00:00:00+00:00,306.626847195927,306.626847195927,306.626847195927,306.626847195927,
2023-05-22 00:00:00+00:00,309.211407195709,309.211407195709,309.211407195709,309.211407195709,
2023-05-23 00:00:00+00:00,313.485221428369,313.485221428369,313.485221428369,313.485221428369,
2023-05-24 00:00:00+00:00,306.007933092331,306.007933092331,306.007933092331,306.007933092331,
2023-05-25 00:00:00+00:00,304.698772758733,304.698772758733,304.698772758733,304.698772758733,
2023-05-26 00:00:00+00:00,306.910561361077,306.910561361077,306.910561361077,306.910561361077,
2023-05-27 00:00:00+00:00,307.432269613236,307.432269613236,307.432269613236,307.432269613236,
2023-05-28 00:00:00+00:00,314.246513876592,314.246513876592,314.246513876592,314.246513876592,
2023-05-29 00:00:00+00:00,311.801074895019,311.801074895019,311.801074895019,311.801074895019,
2023-05-30 00:00:00+00:00,311.623101617667,311.623101617667,311.623101617667,311.623101617667,
2023-05-31 00:00:00+00:00,306.739598856279,306.739598856279,306.739598856279,306.739598856279,
2023-06-01 00:00:00+00:00,304.984966775009,304.984966775009,304.984966775009,304.984966775009,
2023-06-02 00:00:00+00:00,307.32650055083,307.32650055083,307.32650055083,307.32650055083,
2023-06-03 00:00:00+00:00,306.593434271671,306.593434271671,306.593434271671,306.593434271671,
2023-06-04 00:00:00+00:00,305.403216747857,305.403216747857,305.403216747857,305.403216747857,
2023-06-05 00:00:00+00:00,276.609633917255,276.609633917255,276.609633917255,276.609633917255,
2023-06-06 00:00:00+00:00,281.527479070694,281.527479070694,281.527479070694,281.527479070694,
2023-06-07 00:00:00+00:00,259.080181123437,259.080181123437,259.080181123437,259.080181123437,
2023-06-08 00:00:00+00:00,262.213651161066,262.213651161066,262.213651161066,262.213651161066,
2023-06-09 00:00:00+00:00,260.390478881779,260.390478881779,260.390478881779,260.390478881779,
2023-06-10 00:00:00+00:00,239.123607279425,239.123607279425,239.123607279425,239.123607279425,
2023-06-11 00:00:00+00:00,235.0473141098,235.0473141098,235.0473141098,235.0473141098,
2023-06-12 00:00:00+00:00,231.0014085205,231.0014085205,231.0014085205,231.0014085205,
2023-06-13 00:00:00+00:00,243.018792003056,243.018792003056,243.018792003056,243.018792003056,
2023-06-14 00:00:00+00:00,237.304980138628,237.304980138628,237.304980138628,237.304980138628,
2023-06-15 00:00:00+00:00,235.879959675459,235.879959675459,235.879959675459,235.879959675459,
2023-06-16 00:00:00+00:00,239.13303089062,239.13303089062,239.13303089062,239.13303089062,
2023-06-17 00:00:00+00:00,244.602396487161,244.602396487161,244.602396487161,244.602396487161,
2023-06-18 00:00:00+00:00,243.936932279226,243.936932279226,243.936932279226,243.936932279226,
2023-06-19 00:00:00+00:00,242.77221790667,242.77221790667,242.77221790667,242.77221790667,
2023-06-20 00:00:00+00:00,246.909941236251,246.909941236251,246.909941236251,246.909941236251,
2023-06-21 00:00:00+00:00,249.734108636168,249.734108636168,249.734108636168,249.734108636168,
2023-06-22 00:00:00+00:00,240.984354014303,240.984354014303,240.984354014303,240.984354014303,
2023-06-23 00:00:00+00:00,244.257210746226,244.257210746226,244.257210746226,244.257210746226,
2023-06-24 00:00:00+00:00,236.579640092311,236.579640092311,236.579640092311,236.579640092311,
2023-06-25 00:00:00+00:00,238.757369576433,238.757369576433,238.757369576433,238.757369576433,
2023-06-26 00:00:00+00:00,236.065220245958,236.065220245958,236.065220245958,236.065220245958,
2023-06-27 00:00:00+00:00,237.361927383144,237.361927383144,237.361927383144,237.361927383144,
2023-06-28 00:00:00+00:00,230.733307765138,230.733307765138,230.733307765138,230.733307765138,
2023-06-29 00:00:00+00:00,233.298927412687,233.298927412687,233.298927412687,233.298927412687,
2023-06-30 00:00:00+00:00,240.489598027981,240.489598027981,240.489598027981,240.489598027981,
2023-07-01 00:00:00+00:00,247.292396377411,247.292396377411,247.292396377411,247.292396377411,
2023-07-02 00:00:00+00:00,246.002388644198,246.002388644198,246.002388644198,246.002388644198,
2023-07-03 00:00:00+00:00,246.020635817349,246.020635817349,246.020635817349,246.020635817349,
2023-07-04 00:00:00+00:00,242.591415194677,242.591415194677,242.591415194677,242.591415194677,
2023-07-05 00:00:00+00:00,239.095935740778,239.095935740778,239.095935740778,239.095935740778,
2023-07-06 00:00:00+00:00,232.535318850065,232.535318850065,232.535318850065,232.535318850065,
2023-07-07 00:00:00+00:00,235.485497490548,235.485497490548,235.485497490548,235.485497490548,
2023-07-08 00:00:00+00:00,236.098722320078,236.098722320078,236.098722320078,236.098722320078,
2023-07-09 00:00:00+00:00,234.077793529182,234.077793529182,234.077793529182,234.077793529182,
2023-07-10 00:00:00+00:00,245.254275282685,245.254275282685,245.254275282685,245.254275282685,
2023-07-11 00:00:00+00:00,248.40648403598,248.40648403598,248.40648403598,248.40648403598,
2023-07-12 00:00:00+00:00,243.980309600467,243.980309600467,243.980309600467,243.980309600467,
2023-07-13 00:00:00+00:00,255.624207932963,255.624207932963,255.624207932963,255.624207932963,
2023-07-14 00:00:00+00:00,247.752390837615,247.752390837615,247.752390837615,247.752390837615,
2023-07-15 00:00:00+00:00,251.1356051748,251.1356051748,251.1356051748,251.1356051748,
2023-07-16 00:00:00+00:00,243.016989790877,243.016989790877,243.016989790877,243.016989790877,
2023-07-17 00:00:00+00:00,244.155672023606,244.155672023606,244.155672023606,244.155672023606,
2023-07-18 00:00:00+00:00,240.082671367682,240.082671367682,240.082671367682,240.082671367682,
2023-07-19 00:00:00+00:00,241.170490127164,241.170490127164,241.170490127164,241.170490127164,
2023-07-20 00:00:00+00:00,242.709591915145,242.709591915145,242.709591915145,242.709591915145,
2023-07-21 00:00:00+00:00,243.671950294443,243.671950294443,243.671950294443,243.671950294443,
2023-07-22 00:00:00+00:00,240.704965803283,240.704965803283,240.704965803283,240.704965803283,
2023-07-23 00:00:00+00:00,242.403983883842,242.403983883842,242.403983883842,242.403983883842,
2023-07-24 00:00:00+00:00,238.891125410226,238.891125410226,238.891125410226,238.891125410226,
2023-07-25 00:00:00+00:00,237.739470046497,237.739470046497,237.739470046497,237.739470046497,
2023-07-26 00:00:00+00:00,238.864418558031,238.864418558031,238.864418558031,238.864418558031,
2023-07-27 00:00:00+00:00,240.365195477673,240.365195477673,240.365195477673,240.365195477673,
2023-07-28 00:00:00+00:00,241.931725186244,241.931725186244,241.931725186244,241.931725186244,
2023-07-29 00:00:00+00:00,242.479726009884,242.479726009884,242.479726009884,242.479726009884,
2023-07-30 00:00:00+00:00,242.473996779063,242.473996779063,242.473996779063,242.473996779063,
2023-07-31 00:00:00+00:00,241.175962510811,241.175962510811,241.175962510811,241.175962510811,
2023-08-01 00:00:00+00:00,247.054660134447,247.054660134447,247.054660134447,247.054660134447,
2023-08-02 00:00:00+00:00,240.534117473092,240.534117473092,240.534117473092,240.534117473092,
2023-08-03 00:00:00+00:00,241.114309596719,241.114309596719,241.114309596719,241.114309596719,
2023-08-04 00:00:00+00:00,241.316343276721,241.316343276721,241.316343276721,241.316343276721,
2023-08-05 00:00:00+00:00,242.916647158727,242.916647158727,242.916647158727,242.916647158727,
2023-08-06 00:00:00+00:00,242.689535874631,242.689535874631,242.689535874631,242.689535874631,
2023-08-07 00:00:00+00:00,241.656656717423,241.656656717423,241.656656717423,241.656656717423,
2023-08-08 00:00:00+00:00,245.096521619063,245.096521619063,245.096521619063,245.096521619063,
2023-08-09 00:00:00+00:00,243.913671180272,243.913671180272,243.913671180272,243.913671180272,
2023-08-10 00:00:00+00:00,241.18972176846,241.18972176846,241.18972176846,241.18972176846,
2023-08-11 00:00:00+00:00,239.505151665328,239.505151665328,239.505151665328,239.505151665328,
2023-08-12 00:00:00+00:00,240.205799455623,240.205799455623,240.205799455623,240.205799455623,
2023-08-13 00:00:00+00:00,240.039426631084,240.039426631084,240.039426631084,240.039426631084,
2023-08-14 00:00:00+00:00,240.274986246627,240.274986246627,240.274986246627,240.274986246627,
2023-08-15 00:00:00+00:00,236.730293697,236.730293697,236.730293697,236.730293697,
2023-08-16 00:00:00+00:00,231.75546267572,231.75546267572,231.75546267572,231.75546267572,
2023-08-17 00:00:00+00:00,219.213989057698,219.213989057698,219.213989057698,219.213989057698,
2023-08-18 00:00:00+00:00,216.008266115511,216.008266115511,216.008266115511,216.008266115511,
2023-08-19 00:00:00+00:00,216.929814560525,216.929814560525,216.929814560525,216.929814560525,
2023-08-20 00:00:00+00:00,216.476501442103,216.476501442103,216.476501442103,216.476501442103,
2023-08-21 00:00:00+00:00,210.750527451068,210.750527451068,210.750527451068,210.750527451068,
2023-08-22 00:00:00+00:00,210.699223177074,210.699223177074,210.699223177074,210.699223177074,
2023-08-23 00:00:00+00:00,216.412900668565,216.412900668565,216.412900668565,216.412900668565,
2023-08-24 00:00:00+00:00,218.167931692662,218.167931692662,218.167931692662,218.167931692662,
2023-08-25 00:00:00+00:00,218.156177652381,218.156177652381,218.156177652381,218.156177652381,
2023-08-26 00:00:00+00:00,216.249369304197,216.249369304197,216.249369304197,216.249369304197,
2023-08-27 00:00:00+00:00,218.21874053761,218.21874053761,218.21874053761,218.21874053761,
2023-08-28 00:00:00+00:00,218.676692032746,218.676692032746,218.676692032746,218.676692032746,
2023-08-29 00:00:00+00:00,226.642171498863,226.642171498863,226.642171498863,226.642171498863,
2023-08-30 00:00:00+00:00,223.743102910073,223.743102910073,223.743102910073,223.743102910073,
2023-08-31 00:00:00+00:00,216.429942398292,216.429942398292,216.429942398292,216.429942398292,
2023-09-01 00:00:00+00:00,213.470609659177,213.470609659177,213.470609659177,213.470609659177,
2023-09-02 00:00:00+00:00,214.313826752612,214.313826752612,214.313826752612,214.313826752612,
2023-09-03 00:00:00+00:00,214.292622549028,214.292622549028,214.292622549028,214.292622549028,
2023-09-04 00:00:00+00:00,215.002804286796,215.002804286796,215.002804286796,215.002804286796,
2023-09-05 00:00:00+00:00,214.459880970599,214.459880970599,214.459880970599,214.459880970599,
2023-09-06 00:00:00+00:00,215.060688479225,215.060688479225,215.060688479225,215.060688479225,
2023-09-07 00:00:00+00:00,216.730706425632,216.730706425632,216.730706425632,216.730706425632,
2023-09-08 00:00:00+00:00,214.523426019449,214.523426019449,214.523426019449,214.523426019449,
2023-09-09 00:00:00+00:00,214.192766124306,214.192766124306,214.192766124306,214.192766124306,
2023-09-10 00:00:00+00:00,212.3156426523,212.3156426523,212.3156426523,212.3156426523,
2023-09-11 00:00:00+00:00,205.850516054639,205.850516054639,205.850516054639,205.850516054639,
2023-09-12 00:00:00+00:00,211.295018173544,211.295018173544,211.295018173544,211.295018173544,
2023-09-13 00:00:00+00:00,212.574799172487,212.574799172487,212.574799172487,212.574799172487,
2023-09-14 00:00:00+00:00,212.408690205812,212.408690205812,212.408690205812,212.408690205812,
2023-09-15 00:00:00+00:00,214.347413372189,214.347413372189,214.347413372189,214.347413372189,
2023-09-16 00:00:00+00:00,214.881352870038,214.881352870038,214.881352870038,214.881352870038,
2023-09-17 00:00:00+00:00,216.326058497632,216.326058497632,216.326058497632,216.326058497632,
2023-09-18 00:00:00+00:00,215.97497816444,215.97497816444,215.97497816444,215.97497816444,
2023-09-19 00:00:00+00:00,217.174362163839,217.174362163839,217.174362163839,217.174362163839,
2023-09-20 00:00:00+00:00,214.139681206951,214.139681206951,214.139681206951,214.139681206951,
2023-09-21 00:00:00+00:00,210.737670081908,210.737670081908,210.737670081908,210.737670081908,
2023-09-22 00:00:00+00:00,211.102975533496,211.102975533496,211.102975533496,211.102975533496,
2023-09-23 00:00:00+00:00,210.399397529253,210.399397529253,210.399397529253,210.399397529253,
2023-09-24 00:00:00+00:00,208.303608240796,208.303608240796,208.303608240796,208.303608240796,
2023-09-25 00:00:00+00:00,209.881573356303,209.881573356303,209.881573356303,209.881573356303,
2023-09-26 00:00:00+00:00,212.199459587313,212.199459587313,212.199459587313,212.199459587313,
2023-09-27 00:00:00+00:00,211.808788749927,211.808788749927,211.808788749927,211.808788749927,
2023-09-28 00:00:00+00:00,215.152401734734,215.152401734734,215.152401734734,215.152401734734,
2023-09-29 00:00:00+00:00,215.166856699041,215.166856699041,215.166856699041,215.166856699041,
2023-09-30 00:00:00+00:00,214.696528980734,214.696528980734,214.696528980734,214.696528980734,
2023-10-01 00:00:00+00:00,217.946176803562,217.946176803562,217.946176803562,217.946176803562,
2023-10-02 00:00:00+00:00,214.728110019259,214.728110019259,214.728110019259,214.728110019259,
2023-10-03 00:00:00+00:00,213.465093685135,213.465093685135,213.465093685135,213.465093685135,
2023-10-04 00:00:00+00:00,213.490315669694,213.490315669694,213.490315669694,213.490315669694,
2023-10-05 00:00:00+00:00,210.743226478754,210.743226478754,210.743226478754,210.743226478754,
2023-10-06 00:00:00+00:00,213.474031619755,213.474031619755,213.474031619755,213.474031619755,
2023-10-07 00:00:00+00:00,212.323236241701,212.323236241701,212.323236241701,212.323236241701,
2023-10-08 00:00:00+00:00,211.441316780065,211.441316780065,211.441316780065,211.441316780065,
2023-10-09 00:00:00+00:00,205.607068130471,205.607068130471,205.607068130471,205.607068130471,
2023-10-10 00:00:00+00:00,208.593046303172,208.593046303172,208.593046303172,208.593046303172,
2023-10-11 00:00:00+00:00,206.399019439457,206.399019439457,206.399019439457,206.399019439457,
2023-10-12 00:00:00+00:00,205.152072478567,205.152072478567,205.152072478567,205.152072478567,
2023-10-13 00:00:00+00:00,205.916843084607,205.916843084607,205.916843084607,205.916843084607,
2023-10-14 00:00:00+00:00,206.568659983842,206.568659983842,206.568659983842,206.568659983842,
2023-10-15 00:00:00+00:00,209.663555154697,209.663555154697,209.663555154697,209.663555154697,
2023-10-16 00:00:00+00:00,214.896554178999,214.896554178999,214.896554178999,214.896554178999,
2023-10-17 00:00:00+00:00,211.561897544784,211.561897544784,211.561897544784,211.561897544784,
2023-10-18 00:00:00+00:00,210.51889968193,210.51889968193,210.51889968193,210.51889968193,
2023-10-19 00:00:00+00:00,210.927903179787,210.927903179787,210.927903179787,210.927903179787,
2023-10-20 00:00:00+00:00,212.427630725648,212.427630725648,212.427630725648,212.427630725648,
2023-10-21 00:00:00+00:00,214.28809349463,214.28809349463,214.28809349463,214.28809349463,
2023-10-22 00:00:00+00:00,217.638721759802,217.638721759802,217.638721759802,217.638721759802,
2023-10-23 00:00:00+00:00,228.049558058776,228.049558058776,228.049558058776,228.049558058776,
2023-10-24 00:00:00+00:00,225.435773933218,225.435773933218,225.435773933218,225.435773933218,
2023-10-25 00:00:00+00:00,222.130078975396,222.130078975396,222.130078975396,222.130078975396,
2023-10-26 00:00:00+00:00,223.252418145249,223.252418145249,223.252418145249,223.252418145249,
2023-10-27 00:00:00+00:00,224.427143957332,224.427143957332,224.427143957332,224.427143957332,
2023-10-28 00:00:00+00:00,225.631967197043,225.631967197043,225.631967197043,225.631967197043,
2023-10-29 00:00:00+00:00,227.270141007036,227.270141007036,227.270141007036,227.270141007036,
2023-10-30 00:00:00+00:00,228.226036477907,228.226036477907,228.226036477907,228.226036477907,
2023-10-31 00:00:00+00:00,226.291768940955,226.291768940955,226.291768940955,226.291768940955,
2023-11-01 00:00:00+00:00,227.686636501889,227.686636501889,227.686636501889,227.686636501889,
2023-11-02 00:00:00+00:00,231.404254634795,231.404254634795,231.404254634795,231.404254634795,
2023-11-03 00:00:00+00:00,230.474114847085,230.474114847085,230.474114847085,230.474114847085,
2023-11-04 00:00:00+00:00,237.676141920247,237.676141920247,237.676141920247,237.676141920247,
2023-11-05 00:00:00+00:00,244.575619277864,244.575619277864,244.575619277864,244.575619277864,
2023-11-06 00:00:00+00:00,253.790251125498,253.790251125498,253.790251125498,253.790251125498,
2023-11-07 00:00:00+00:00,246.210801619543,246.210801619543,246.210801619543,246.210801619543,
2023-11-08 00:00:00+00:00,247.167739203676,247.167739203676,247.167739203676,247.167739203676,
2023-11-09 00:00:00+00:00,250.340548248971,250.340548248971,250.340548248971,250.340548248971,
2023-11-10 00:00:00+00:00,251.288635846293,251.288635846293,251.288635846293,251.288635846293,
2023-11-11 00:00:00+00:00,251.052250564466,251.052250564466,251.052250564466,251.052250564466,
2023-11-12 00:00:00+00:00,247.481649839354,247.481649839354,247.481649839354,247.481649839354,
2023-11-13 00:00:00+00:00,241.541829868587,241.541829868587,241.541829868587,241.541829868587,
2023-11-14 00:00:00+00:00,242.409398502557,242.409398502557,242.409398502557,242.409398502557,
2023-11-15 00:00:00+00:00,253.174527996973,253.174527996973,253.174527996973,253.174527996973,
2023-11-16 00:00:00+00:00,242.323990817974,242.323990817974,242.323990817974,242.323990817974,
2023-11-17 00:00:00+00:00,244.563270001045,244.563270001045,244.563270001045,244.563270001045,
2023-11-18 00:00:00+00:00,244.802946117355,244.802946117355,244.802946117355,244.802946117355,
2023-11-19 00:00:00+00:00,246.590557452219,246.590557452219,246.590557452219,246.590557452219,
2023-11-20 00:00:00+00:00,254.101545168359,254.101545168359,254.101545168359,254.101545168359,
2023-11-21 00:00:00+00:00,227.357302075444,227.357302075444,227.357302075444,227.357302075444,
2023-11-22 00:00:00+00:00,235.98253607534,235.98253607534,235.98253607534,235.98253607534,
2023-11-23 00:00:00+00:00,233.690038645096,233.690038645096,233.690038645096,233.690038645096,
2023-11-24 00:00:00+00:00,232.743864699394,232.743864699394,232.743864699394,232.743864699394,
2023-11-25 00:00:00+00:00,234.059959948651,234.059959948651,234.059959948651,234.059959948651,
2023-11-26 00:00:00+00:00,232.048873469449,232.048873469449,232.048873469449,232.048873469449,
2023-11-27 00:00:00+00:00,227.330954104956,227.330954104956,227.330954104956,227.330954104956,
2023-11-28 00:00:00+00:00,229.694641122355,229.694641122355,229.694641122355,229.694641122355,
2023-11-29 00:00:00+00:00,227.323118320966,227.323118320966,227.323118320966,227.323118320966,
2023-11-30 00:00:00+00:00,227.650553364241,227.650553364241,227.650553364241,227.650553364241,
2023-12-01 00:00:00+00:00,228.449874985503,228.449874985503,228.449874985503,228.449874985503,
2023-12-02 00:00:00+00:00,229.224894741032,229.224894741032,229.224894741032,229.224894741032,
2023-12-03 00:00:00+00:00,228.023265605888,228.023265605888,228.023265605888,228.023265605888,
2023-12-04 00:00:00+00:00,232.87482620909,232.87482620909,232.87482620909,232.87482620909,
2023-12-05 00:00:00+00:00,231.156443232468,231.156443232468,231.156443232468,231.156443232468,
2023-12-06 00:00:00+00:00,229.759012300181,229.759012300181,229.759012300181,229.759012300181,
2023-12-07 00:00:00+00:00,232.761599316047,232.761599316047,232.761599316047,232.761599316047,
2023-12-08 00:00:00+00:00,238.940417530822,238.940417530822,238.940417530822,238.940417530822,
2023-12-09 00:00:00+00:00,237.878325982255,237.878325982255,237.878325982255,237.878325982255,
2023-12-10 00:00:00+00:00,239.547078598343,239.547078598343,239.547078598343,239.547078598343,
2023-12-11 00:00:00+00:00,245.78100942813,245.78100942813,245.78100942813,245.78100942813,
2023-12-12 00:00:00+00:00,255.37547436741,255.37547436741,255.37547436741,255.37547436741,
2023-12-13 00:00:00+00:00,252.539219922366,252.539219922366,252.539219922366,252.539219922366,
2023-12-14 00:00:00+00:00,253.646326029336,253.646326029336,253.646326029336,253.646326029336,
2023-12-15 00:00:00+00:00,244.603795812731,244.603795812731,244.603795812731,244.603795812731,
2023-12-16 00:00:00+00:00,244.093297128451,244.093297128451,244.093297128451,244.093297128451,
2023-12-17 00:00:00+00:00,239.300529129204,239.300529129204,239.300529129204,239.300529129204,
2023-12-18 00:00:00+00:00,240.992715971377,240.992715971377,240.992715971377,240.992715971377,
2023-12-19 00:00:00+00:00,252.273781632703,252.273781632703,252.273781632703,252.273781632703,
2023-12-20 00:00:00+00:00,260.00954659152,260.00954659152,260.00954659152,260.00954659152,
2023-12-21 00:00:00+00:00,270.949256001795,270.949256001795,270.949256001795,270.949256001795,
2023-12-22 00:00:00+00:00,271.692907960825,271.692907960825,271.692907960825,271.692907960825,
2023-12-23 00:00:00+00:00,271.434558465075,271.434558465075,271.434558465075,271.434558465075,
2023-12-24 00:00:00+00:00,264.805369614402,264.805369614402,264.805369614402,264.805369614402,
2023-12-25 00:00:00+00:00,267.140728038958,267.140728038958,267.140728038958,267.140728038958,
2023-12-26 00:00:00+00:00,296.704325920852,296.704325920852,296.704325920852,296.704325920852,
2023-12-27 00:00:00+00:00,321.744648368465,321.744648368465,321.744648368465,321.744648368465,
2023-12-28 00:00:00+00:00,324.178371674797,324.178371674797,324.178371674797,324.178371674797,
2023-12-29 00:00:00+00:00,312.676005282328,312.676005282328,312.676005282328,312.676005282328,
2023-12-30 00:00:00+00:00,317.118592672435,317.118592672435,317.118592672435,317.118592672435,
2023-12-31 00:00:00+00:00,311.99128379874,311.99128379874,311.99128379874,311.99128379874,
2024-01-01 00:00:00+00:00,314.356641071169,314.356641071169,314.356641071169,314.356641071169,
2024-01-02 00:00:00+00:00,311.855661960006,311.855661960006,311.855661960006,311.855661960006,
2024-01-03 00:00:00+00:00,315.763481097225,315.763481097225,315.763481097225,315.763481097225,
2024-01-04 00:00:00+00:00,323.096074747652,323.096074747652,323.096074747652,323.096074747652,
2024-01-05 00:00:00+00:00,317.502448647726,317.502448647726,317.502448647726,317.502448647726,
2024-01-06 00:00:00+00:00,307.041492171747,307.041492171747,307.041492171747,307.041492171747,
2024-01-07 00:00:00+00:00,302.015578831274,302.015578831274,302.015578831274,302.015578831274,
2024-01-08 00:00:00+00:00,304.747272099104,304.747272099104,304.747272099104,304.747272099104,
2024-01-09 00:00:00+00:00,300.941961139562,300.941961139562,300.941961139562,300.941961139562,
2024-01-10 00:00:00+00:00,306.127481498696,306.127481498696,306.127481498696,306.127481498696,
2024-01-11 00:00:00+00:00,308.474992673241,308.474992673241,308.474992673241,308.474992673241,
2024-01-12 00:00:00+00:00,296.51137371157,296.51137371157,296.51137371157,296.51137371157,
2024-01-13 00:00:00+00:00,302.454394558502,302.454394558502,302.454394558502,302.454394558502,
2024-01-14 00:00:00+00:00,300.727142794154,300.727142794154,300.727142794154,300.727142794154,
2024-01-15 00:00:00+00:00,317.387914563717,317.387914563717,317.387914563717,317.387914563717,
2024-01-16 00:00:00+00:00,315.40815533687,315.40815533687,315.40815533687,315.40815533687,
2024-01-17 00:00:00+00:00,309.050869390585,309.050869390585,309.050869390585,309.050869390585,
2024-01-18 00:00:00+00:00,313.471777302646,313.471777302646,313.471777302646,313.471777302646,
2024-01-19 00:00:00+00:00,313.841376396374,313.841376396374,313.841376396374,313.841376396374,
2024-01-20 00:00:00+00:00,316.480203254832,316.480203254832,316.480203254832,316.480203254832,
2024-01-21 00:00:00+00:00,318.553617785509,318.553617785509,318.553617785509,318.553617785509,
2024-01-22 00:00:00+00:00,305.331635130376,305.331635130376,305.331635130376,305.331635130376,
2024-01-23 00:00:00+00:00,298.039586002169,298.039586002169,298.039586002169,298.039586002169,
2024-01-24 00:00:00+00:00,293.301178333518,293.301178333518,293.301178333518,293.301178333518,
2024-01-25 00:00:00+00:00,291.846040219713,291.846040219713,291.846040219713,291.846040219713,
2024-01-26 00:00:00+00:00,301.935450959159,301.935450959159,301.935450959159,301.935450959159,
2024-01-27 00:00:00+00:00,305.779545808701,305.779545808701,305.779545808701,305.779545808701,
2024-01-28 00:00:00+00:00,304.655588532683,304.655588532683,304.655588532683,304.655588532683,
2024-01-29 00:00:00+00:00,310.373563532762,310.373563532762,310.373563532762,310.373563532762,
2024-01-30 00:00:00+00:00,307.682330404853,307.682330404853,307.682330404853,307.682330404853,
2024-01-31 00:00:00+00:00,300.293682923471,300.293682923471,300.293682923471,300.293682923471,
2024-02-01 00:00:00+00:00,299.739289022805,299.739289022805,299.739289022805,299.739289022805,
2024-02-02 00:00:00+00:00,301.060455589356,301.060455589356,301.060455589356,301.060455589356,
2024-02-03 00:00:00+00:00,299.742188251445,299.742188251445,299.742188251445,299.742188251445,
2024-02-04 00:00:00+00:00,304.677491167493,304.677491167493,304.677491167493,304.677491167493,
2024-02-05 00:00:00+00:00,300.642105563604,300.642105563604,300.642105563604,300.642105563604,
2024-02-06 00:00:00+00:00,302.869241747334,302.869241747334,302.869241747334,302.869241747334,
2024-02-07 00:00:00+00:00,307.782338014905,307.782338014905,307.782338014905,307.782338014905,
2024-02-08 00:00:00+00:00,319.421116017087,319.421116017087,319.421116017087,319.421116017087,
2024-02-09 00:00:00+00:00,323.672440941311,323.672440941311,323.672440941311,323.672440941311,
2024-02-10 00:00:00+00:00,323.13786850746,323.13786850746,323.13786850746,323.13786850746,
2024-02-11 00:00:00+00:00,320.590807791947,320.590807791947,320.590807791947,320.590807791947,
2024-02-12 00:00:00+00:00,327.792999220333,327.792999220333,327.792999220333,327.792999220333,
2024-02-13 00:00:00+00:00,324.821980530901,324.821980530901,324.821980530901,324.821980530901,
2024-02-14 00:00:00+00:00,334.094607150376,334.094607150376,334.094607150376,334.094607150376,
2024-02-15 00:00:00+00:00,354.597423528785,354.597423528785,354.597423528785,354.597423528785,
2024-02-16 00:00:00+00:00,360.522695589975,360.522695589975,360.522695589975,360.522695589975,
2024-02-17 00:00:00+00:00,352.864802750168,352.864802750168,352.864802750168,352.864802750168,
2024-02-18 00:00:00+00:00,350.613750094735,350.613750094735,350.613750094735,350.613750094735,
2024-02-19 00:00:00+00:00,352.15664618445,352.15664618445,352.15664618445,352.15664618445,
2024-02-20 00:00:00+00:00,355.393580115177,355.393580115177,355.393580115177,355.393580115177,
2024-02-21 00:00:00+00:00,377.70105204297,377.70105204297,377.70105204297,377.70105204297,
2024-02-22 00:00:00+00:00,381.977885476745,381.977885476745,381.977885476745,381.977885476745,
2024-02-23 00:00:00+00:00,375.227989300979,375.227989300979,375.227989300979,375.227989300979,
2024-02-24 00:00:00+00:00,381.983123093671,381.983123093671,381.983123093671,381.983123093671,
2024-02-25 00:00:00+00:00,388.690040576209,388.690040576209,388.690040576209,388.690040576209,
2024-02-26 00:00:00+00:00,401.622418509106,401.622418509106,401.622418509106,401.622418509106,
2024-02-27 00:00:00+00:00,395.489858148014,395.489858148014,395.489858148014,395.489858148014,
2024-02-28 00:00:00+00:00,415.58614095665,415.58614095665,415.58614095665,415.58614095665,
2024-02-29 00:00:00+00:00,400.128392562529,400.128392562529,400.128392562529,400.128392562529,
2024-03-01 00:00:00+00:00,407.837137702655,407.837137702655,407.837137702655,407.837137702655,
2024-03-02 00:00:00+00:00,410.751415987993,410.751415987993,410.751415987993,410.751415987993,
2024-03-03 00:00:00+00:00,414.361512416043,414.361512416043,414.361512416043,414.361512416043,
2024-03-04 00:00:00+00:00,419.118551625627,419.118551625627,419.118551625627,419.118551625627,
2024-03-05 00:00:00+00:00,395.325378600472,395.325378600472,395.325378600472,395.325378600472,
2024-03-06 00:00:00+00:00,428.812734866953,428.812734866953,428.812734866953,428.812734866953,
2024-03-07 00:00:00+00:00,474.388881541657,474.388881541657,474.388881541657,474.388881541657,
2024-03-08 00:00:00+00:00,484.874608878876,484.874608878876,484.874608878876,484.874608878876,
2024-03-09 00:00:00+00:00,489.801311886055,489.801311886055,489.801311886055,489.801311886055,
2024-03-10 00:00:00+00:00,527.198952896463,527.198952896463,527.198952896463,527.198952896463,
2024-03-11 00:00:00+00:00,522.781761961135,522.781761961135,522.781761961135,522.781761961135,
2024-03-12 00:00:00+00:00,538.208422091115,538.208422091115,538.208422091115,538.208422091115,
2024-03-13 00:00:00+00:00,625.328072527378,625.328072527378,625.328072527378,625.328072527378,
2024-03-14 00:00:00+00:00,604.235812128593,604.235812128593,604.235812128593,604.235812128593,
2024-03-15 00:00:00+00:00,621.656440856666,621.656440856666,621.656440856666,621.656440856666,
2024-03-16 00:00:00+00:00,575.940938132607,575.940938132607,575.940938132607,575.940938132607,
2024-03-17 00:00:00+00:00,569.233326439892,569.233326439892,569.233326439892,569.233326439892,
2024-03-18 00:00:00+00:00,555.377245830233,555.377245830233,555.377245830233,555.377245830233,
2024-03-19 00:00:00+00:00,506.46807750901,506.46807750901,506.46807750901,506.46807750901,
2024-03-20 00:00:00+00:00,557.074915269232,557.074915269232,557.074915269232,557.074915269232,
2024-03-21 00:00:00+00:00,553.037629018089,553.037629018089,553.037629018089,553.037629018089,
2024-03-22 00:00:00+00:00,548.811901671438,548.811901671438,548.811901671438,548.811901671438,
2024-03-23 00:00:00+00:00,554.857287261072,554.857287261072,554.857287261072,554.857287261072,
2024-03-24 00:00:00+00:00,568.967474292732,568.967474292732,568.967474292732,568.967474292732,
2024-03-25 00:00:00+00:00,587.499157747807,587.499157747807,587.499157747807,587.499157747807,
2024-03-26 00:00:00+00:00,580.550785274218,580.550785274218,580.550785274218,580.550785274218,
2024-03-27 00:00:00+00:00,574.001905678476,574.001905678476,574.001905678476,574.001905678476,
2024-03-28 00:00:00+00:00,584.024130203731,584.024130203731,584.024130203731,584.024130203731,
2024-03-29 00:00:00+00:00,615.733156539077,615.733156539077,615.733156539077,615.733156539077,
2024-03-30 00:00:00+00:00,601.513435590668,601.513435590668,601.513435590668,601.513435590668,
2024-03-31 00:00:00+00:00,606.494149275264,606.494149275264,606.494149275264,606.494149275264,
2024-04-01 00:00:00+00:00,578.154175151585,578.154175151585,578.154175151585,578.154175151585,
2024-04-02 00:00:00+00:00,552.573922117783,552.573922117783,552.573922117783,552.573922117783,
2024-04-03 00:00:00+00:00,563.473323908132,563.473323908132,563.473323908132,563.473323908132,
2024-04-04 00:00:00+00:00,584.948577853234,584.948577853234,584.948577853234,584.948577853234,
2024-04-05 00:00:00+00:00,579.52792326697,579.52792326697,579.52792326697,579.52792326697,
2024-04-06 00:00:00+00:00,587.100831836471,587.100831836471,587.100831836471,587.100831836471,
2024-04-07 00:00:00+00:00,584.002116638928,584.002116638928,584.002116638928,584.002116638928,
2024-04-08 00:00:00+00:00,587.622430799345,587.622430799345,587.622430799345,587.622430799345,
2024-04-09 00:00:00+00:00,580.463374369236,580.463374369236,580.463374369236,580.463374369236,
2024-04-10 00:00:00+00:00,609.211371282982,609.211371282982,609.211371282982,609.211371282982,
2024-04-11 00:00:00+00:00,604.978776719864,604.978776719864,604.978776719864,604.978776719864,
2024-04-12 00:00:00+00:00,594.76486405024,594.76486405024,594.76486405024,594.76486405024,
2024-04-13 00:00:00+00:00,558.639955778368,558.639955778368,558.639955778368,558.639955778368,
2024-04-14 00:00:00+00:00,568.394860477298,568.394860477298,568.394860477298,568.394860477298,
2024-04-15 00:00:00+00:00,552.857923815629,552.857923815629,552.857923815629,552.857923815629,
2024-04-16 00:00:00+00:00,538.160614136544,538.160614136544,538.160614136544,538.160614136544,
2024-04-17 00:00:00+00:00,535.045986949287,535.045986949287,535.045986949287,535.045986949287,
2024-04-18 00:00:00+00:00,551.663292364689,551.663292364689,551.663292364689,551.663292364689,
2024-04-19 00:00:00+00:00,554.85384278119,554.85384278119,554.85384278119,554.85384278119,
2024-04-20 00:00:00+00:00,571.027948473517,571.027948473517,571.027948473517,571.027948473517,
2024-04-21 00:00:00+00:00,579.395502887102,579.395502887102,579.395502887102,579.395502887102,
2024-04-22 00:00:00+00:00,605.301700584815,605.301700584815,605.301700584815,605.301700584815,
2024-04-23 00:00:00+00:00,606.687759637159,606.687759637159,606.687759637159,606.687759637159,
2024-04-24 00:00:00+00:00,607.586505900676,607.586505900676,607.586505900676,607.586505900676,
2024-04-25 00:00:00+00:00,614.088830030634,614.088830030634,614.088830030634,614.088830030634,
2024-04-26 00:00:00+00:00,597.893628818226,597.893628818226,597.893628818226,597.893628818226,
2024-04-27 00:00:00+00:00,595.606404465702,595.606404465702,595.606404465702,595.606404465702,
2024-04-28 00:00:00+00:00,599.302340988929,599.302340988929,599.302340988929,599.302340988929,
2024-04-29 00:00:00+00:00,594.236275954438,594.236275954438,594.236275954438,594.236275954438,
2024-04-30 00:00:00+00:00,577.941431188413,577.941431188413,577.941431188413,577.941431188413,
2024-05-01 00:00:00+00:00,560.661415469848,560.661415469848,560.661415469848,560.661415469848,
2024-05-02 00:00:00+00:00,560.882306848894,560.882306848894,560.882306848894,560.882306848894,
2024-05-03 00:00:00+00:00,587.485286608556,587.485286608556,587.485286608556,587.485286608556,
2024-05-04 00:00:00+00:00,586.063074561848,586.063074561848,586.063074561848,586.063074561848,
2024-05-05 00:00:00+00:00,591.9142187003,591.9142187003,591.9142187003,591.9142187003,
2024-05-06 00:00:00+00:00,588.572485063579,588.572485063579,588.572485063579,588.572485063579,
2024-05-07 00:00:00+00:00,578.228066827274,578.228066827274,578.228066827274,578.228066827274,
2024-05-08 00:00:00+00:00,587.530425772139,587.530425772139,587.530425772139,587.530425772139,
2024-05-09 00:00:00+00:00,595.804019107887,595.804019107887,595.804019107887,595.804019107887,
2024-05-10 00:00:00+00:00,585.968433626183,585.968433626183,585.968433626183,585.968433626183,
2024-05-11 00:00:00+00:00,592.116911842055,592.116911842055,592.116911842055,592.116911842055,
2024-05-12 00:00:00+00:00,593.9642708558,593.9642708558,593.9642708558,593.9642708558,
2024-05-13 00:00:00+00:00,591.951507449144,591.951507449144,591.951507449144,591.951507449144,
2024-05-14 00:00:00+00:00,566.142725815049,566.142725815049,566.142725815049,566.142725815049,
2024-05-15 00:00:00+00:00,582.667378894323,582.667378894323,582.667378894323,582.667378894323,
2024-05-16 00:00:00+00:00,569.053091870654,569.053091870654,569.053091870654,569.053091870654,
2024-05-17 00:00:00+00:00,580.804146584463,580.804146584463,580.804146584463,580.804146584463,
2024-05-18 00:00:00+00:00,579.76531536214,579.76531536214,579.76531536214,579.76531536214,
2024-05-19 00:00:00+00:00,574.487721613792,574.487721613792,574.487721613792,574.487721613792,
2024-05-20 00:00:00+00:00,599.696820794012,599.696820794012,599.696820794012,599.696820794012,
2024-05-21 00:00:00+00:00,618.777394947002,618.777394947002,618.777394947002,618.777394947002,
2024-05-22 00:00:00+00:00,614.067630100808,614.067630100808,614.067630100808,614.067630100808,
2024-05-23 00:00:00+00:00,597.315531284724,597.315531284724,597.315531284724,597.315531284724,
2024-05-24 00:00:00+00:00,600.659404429438,600.659404429438,600.659404429438,600.659404429438,
2024-05-25 00:00:00+00:00,602.071346873788,602.071346873788,602.071346873788,602.071346873788,
2024-05-26 00:00:00+00:00,599.759085774227,599.759085774227,599.759085774227,599.759085774227,
2024-05-27 00:00:00+00:00,603.024163532117,603.024163532117,603.024163532117,603.024163532117,
2024-05-28 00:00:00+00:00,601.361236742794,601.361236742794,601.361236742794,601.361236742794,
2024-05-29 00:00:00+00:00,595.452613310642,595.452613310642,595.452613310642,595.452613310642,
2024-05-30 00:00:00+00:00,595.050708543931,595.050708543931,595.050708543931,595.050708543931,
2024-05-31 00:00:00+00:00,593.260814475901,593.260814475901,593.260814475901,593.260814475901,
2024-06-01 00:00:00+00:00,600.721498214457,600.721498214457,600.721498214457,600.721498214457,
2024-06-02 00:00:00+00:00,603.130626659167,603.130626659167,603.130626659167,603.130626659167,
2024-06-03 00:00:00+00:00,627.031542533197,627.031542533197,627.031542533197,627.031542533197,
2024-06-04 00:00:00+00:00,684.203051082885,684.203051082885,684.203051082885,684.203051082885,
2024-06-05 00:00:00+00:00,698.223089494417,698.223089494417,698.223089494417,698.223089494417,
2024-06-06 00:00:00+00:00,710.120691386023,710.120691386023,710.120691386023,710.120691386023,
2024-06-07 00:00:00+00:00,683.111291304174,683.111291304174,683.111291304174,683.111291304174,
2024-06-08 00:00:00+00:00,682.497007894472,682.497007894472,682.497007894472,682.497007894472,
2024-06-09 00:00:00+00:00,673.201461081441,673.201461081441,673.201461081441,673.201461081441,
2024-06-10 00:00:00+00:00,622.757149864651,622.757149864651,622.757149864651,622.757149864651,
2024-06-11 00:00:00+00:00,601.831800775456,601.831800775456,601.831800775456,601.831800775456,
2024-06-12 00:00:00+00:00,618.813086084662,618.813086084662,618.813086084662,618.813086084662,
2024-06-13 00:00:00+00:00,599.447035071879,599.447035071879,599.447035071879,599.447035071879,
2024-06-14 00:00:00+00:00,602.800595844001,602.800595844001,602.800595844001,602.800595844001,
2024-06-15 00:00:00+00:00,608.169769119697,608.169769119697,608.169769119697,608.169769119697,
2024-06-16 00:00:00+00:00,610.137935705399,610.137935705399,610.137935705399,610.137935705399,
2024-06-17 00:00:00+00:00,604.479741287701,604.479741287701,604.479741287701,604.479741287701,
2024-06-18 00:00:00+00:00,587.917486349179,587.917486349179,587.917486349179,587.917486349179,
2024-06-19 00:00:00+00:00,598.212676910581,598.212676910581,598.212676910581,598.212676910581,
2024-06-20 00:00:00+00:00,586.855031672593,586.855031672593,586.855031672593,586.855031672593,
2024-06-21 00:00:00+00:00,586.07058657621,586.07058657621,586.07058657621,586.07058657621,
2024-06-22 00:00:00+00:00,590.45863868704,590.45863868704,590.45863868704,590.45863868704,
2024-06-23 00:00:00+00:00,577.184759936964,577.184759936964,577.184759936964,577.184759936964,
2024-06-24 00:00:00+00:00,566.575937620943,566.575937620943,566.575937620943,566.575937620943,
2024-06-25 00:00:00+00:00,577.244225781314,577.244225781314,577.244225781314,577.244225781314,
2024-06-26 00:00:00+00:00,572.22362753578,572.22362753578,572.22362753578,572.22362753578,
2024-06-27 00:00:00+00:00,580.247094682338,580.247094682338,580.247094682338,580.247094682338,
2024-06-28 00:00:00+00:00,566.490654549968,566.490654549968,566.490654549968,566.490654549968,
2024-06-29 00:00:00+00:00,569.141095390096,569.141095390096,569.141095390096,569.141095390096,
2024-06-30 00:00:00+00:00,582.155605042323,582.155605042323,582.155605042323,582.155605042323,
2024-07-01 00:00:00+00:00,576.669657550589,576.669657550589,576.669657550589,576.669657550589,
2024-07-02 00:00:00+00:00,579.082888237682,579.082888237682,579.082888237682,579.082888237682,
2024-07-03 00:00:00+00:00,556.740282783111,556.740282783111,556.740282783111,556.740282783111,
2024-07-04 00:00:00+00:00,516.045361577616,516.045361577616,516.045361577616,516.045361577616,
2024-07-05 00:00:00+00:00,498.338191836935,498.338191836935,498.338191836935,498.338191836935,
2024-07-06 00:00:00+00:00,528.302312615352,528.302312615352,528.302312615352,528.302312615352,
2024-07-07 00:00:00+00:00,491.807529058946,491.807529058946,491.807529058946,491.807529058946,
2024-07-08 00:00:00+00:00,510.692148008101,510.692148008101,510.692148008101,510.692148008101,
2024-07-09 00:00:00+00:00,516.345836989361,516.345836989361,516.345836989361,516.345836989361,
2024-07-10 00:00:00+00:00,524.231115436717,524.231115436717,524.231115436717,524.231115436717,
2024-07-11 00:00:00+00:00,524.478260379274,524.478260379274,524.478260379274,524.478260379274,
2024-07-12 00:00:00+00:00,533.396277953847,533.396277953847,533.396277953847,533.396277953847,
2024-07-13 00:00:00+00:00,533.045147040239,533.045147040239,533.045147040239,533.045147040239,
2024-07-14 00:00:00+00:00,545.959794346665,545.959794346665,545.959794346665,545.959794346665,
2024-07-15 00:00:00+00:00,585.537365160033,585.537365160033,585.537365160033,585.537365160033,
2024-07-16 00:00:00+00:00,576.420186524114,576.420186524114,576.420186524114,576.420186524114,
2024-07-17 00:00:00+00:00,569.275238747008,569.275238747008,569.275238747008,569.275238747008,
2024-07-18 00:00:00+00:00,572.271143538438,572.271143538438,572.271143538438,572.271143538438,
2024-07-19 00:00:00+00:00,593.736082391571,593.736082391571,593.736082391571,593.736082391571,
2024-07-20 00:00:00+00:00,593.740071448584,593.740071448584,593.740071448584,593.740071448584,
2024-07-21 00:00:00+00:00,601.547126475591,601.547126475591,601.547126475591,601.547126475591,
2024-07-22 00:00:00+00:00,590.175790403937,590.175790403937,590.175790403937,590.175790403937,
2024-07-23 00:00:00+00:00,582.240613323947,582.240613323947,582.240613323947,582.240613323947,
2024-07-24 00:00:00+00:00,573.274787830986,573.274787830986,573.274787830986,573.274787830986,
2024-07-25 00:00:00+00:00,571.100110573023,571.100110573023,571.100110573023,571.100110573023,
2024-07-26 00:00:00+00:00,581.323191724961,581.323191724961,581.323191724961,581.323191724961,
2024-07-27 00:00:00+00:00,582.394425994274,582.394425994274,582.394425994274,582.394425994274,
2024-07-28 00:00:00+00:00,584.180936490828,584.180936490828,584.180936490828,584.180936490828,
2024-07-29 00:00:00+00:00,575.056634053594,575.056634053594,575.056634053594,575.056634053594,
2024-07-30 00:00:00+00:00,585.692028717039,585.692028717039,585.692028717039,585.692028717039,
2024-07-31 00:00:00+00:00,576.689465874518,576.689465874518,576.689465874518,576.689465874518,
2024-08-01 00:00:00+00:00,574.551902750434,574.551902750434,574.551902750434,574.551902750434,
2024-08-02 00:00:00+00:00,542.937761397675,542.937761397675,542.937761397675,542.937761397675,
2024-08-03 00:00:00+00:00,529.358933288578,529.358933288578,529.358933288578,529.358933288578,
2024-08-04 00:00:00+00:00,498.293538506055,498.293538506055,498.293538506055,498.293538506055,
2024-08-05 00:00:00+00:00,467.069421251382,467.069421251382,467.069421251382,467.069421251382,
2024-08-06 00:00:00+00:00,484.817756711115,484.817756711115,484.817756711115,484.817756711115,
2024-08-07 00:00:00+00:00,475.046225820041,475.046225820041,475.046225820041,475.046225820041,
2024-08-08 00:00:00+00:00,517.972786865808,517.972786865808,517.972786865808,517.972786865808,
2024-08-09 00:00:00+00:00,508.399105865279,508.399105865279,508.399105865279,508.399105865279,
2024-08-10 00:00:00+00:00,523.326428883934,523.326428883934,523.326428883934,523.326428883934,
2024-08-11 00:00:00+00:00,504.287091803941,504.287091803941,504.287091803941,504.287091803941,
2024-08-12 00:00:00+00:00,518.912265814338,518.912265814338,518.912265814338,518.912265814338,
2024-08-13 00:00:00+00:00,523.609494068294,523.609494068294,523.609494068294,523.609494068294,
2024-08-14 00:00:00+00:00,524.255662568663,524.255662568663,524.255662568663,524.255662568663,
2024-08-15 00:00:00+00:00,520.29872285143,520.29872285143,520.29872285143,520.29872285143,
2024-08-16 00:00:00+00:00,519.926358597817,519.926358597817,519.926358597817,519.926358597817,
2024-08-17 00:00:00+00:00,542.188891982597,542.188891982597,542.188891982597,542.188891982597,
2024-08-18 00:00:00+00:00,532.945196383348,532.945196383348,532.945196383348,532.945196383348,
2024-08-19 00:00:00+00:00,559.606638039301,559.606638039301,559.606638039301,559.606638039301,
2024-08-20 00:00:00+00:00,571.590879709029,571.590879709029,571.590879709029,571.590879709029,
2024-08-21 00:00:00+00:00,569.383759290449,569.383759290449,569.383759290449,569.383759290449,
2024-08-22 00:00:00+00:00,584.171601122518,584.171601122518,584.171601122518,584.171601122518,
2024-08-23 00:00:00+00:00,592.65050433137,592.65050433137,592.65050433137,592.65050433137,
2024-08-24 00:00:00+00:00,580.094106267792,580.094106267792,580.094106267792,580.094106267792,
2024-08-25 00:00:00+00:00,575.542591360458,575.542591360458,575.542591360458,575.542591360458,
2024-08-26 00:00:00+00:00,549.446671562779,549.446671562779,549.446671562779,549.446671562779,
2024-08-27 00:00:00+00:00,534.350845712663,534.350845712663,534.350845712663,534.350845712663,
2024-08-28 00:00:00+00:00,537.185310468199,537.185310468199,537.185310468199,537.185310468199,
2024-08-29 00:00:00+00:00,536.613762522091,536.613762522091,536.613762522091,536.613762522091,
2024-08-30 00:00:00+00:00,535.396294730619,535.396294730619,535.396294730619,535.396294730619,
2024-08-31 00:00:00+00:00,532.622301256847,532.622301256847,532.622301256847,532.622301256847,
2024-09-01 00:00:00+00:00,511.934702751587,511.934702751587,511.934702751587,511.934702751587,
2024-09-02 00:00:00+00:00,526.556019765334,526.556019765334,526.556019765334,526.556019765334,
2024-09-03 00:00:00+00:00,520.30592419401,520.30592419401,520.30592419401,520.30592419401,
2024-09-04 00:00:00+00:00,508.789398331778,508.789398331778,508.789398331778,508.789398331778,
2024-09-05 00:00:00+00:00,501.834415463032,501.834415463032,501.834415463032,501.834415463032,
2024-09-06 00:00:00+00:00,486.285744189178,486.285744189178,486.285744189178,486.285744189178,
2024-09-07 00:00:00+00:00,492.525900421795,492.525900421795,492.525900421795,492.525900421795,
2024-09-08 00:00:00+00:00,503.388648242765,503.388648242765,503.388648242765,503.388648242765,
2024-09-09 00:00:00+00:00,519.40541003732,519.40541003732,519.40541003732,519.40541003732,
2024-09-10 00:00:00+00:00,518.121528915141,518.121528915141,518.121528915141,518.121528915141,
2024-09-11 00:00:00+00:00,530.054600282586,530.054600282586,530.054600282586,530.054600282586,
2024-09-12 00:00:00+00:00,543.643208885565,543.643208885565,543.643208885565,543.643208885565,
2024-09-13 00:00:00+00:00,556.956363542482,556.956363542482,556.956363542482,556.956363542482,
2024-09-14 00:00:00+00:00,553.540935008025,553.540935008025,553.540935008025,553.540935008025,
2024-09-15 00:00:00+00:00,554.253318437224,554.253318437224,554.253318437224,554.253318437224,
2024-09-16 00:00:00+00:00,533.660730277327,533.660730277327,533.660730277327,533.660730277327,
2024-09-17 00:00:00+00:00,545.341161847354,545.341161847354,545.341161847354,545.341161847354,
2024-09-18 00:00:00+00:00,558.177034932348,558.177034932348,558.177034932348,558.177034932348,
2024-09-19 00:00:00+00:00,565.830287751258,565.830287751258,565.830287751258,565.830287751258,
2024-09-20 00:00:00+00:00,568.173143251859,568.173143251859,568.173143251859,568.173143251859,
2024-09-21 00:00:00+00:00,589.345316103708,589.345316103708,589.345316103708,589.345316103708,
2024-09-22 00:00:00+00:00,587.684299925484,587.684299925484,587.684299925484,587.684299925484,
2024-09-23 00:00:00+00:00,604.71359638415,604.71359638415,604.71359638415,604.71359638415,
2024-09-24 00:00:00+00:00,606.998562727674,606.998562727674,606.998562727674,606.998562727674,
2024-09-25 00:00:00+00:00,586.212915105259,586.212915105259,586.212915105259,586.212915105259,
2024-09-26 00:00:00+00:00,595.759225769816,595.759225769816,595.759225769816,595.759225769816,
2024-09-27 00:00:00+00:00,608.133447221162,608.133447221162,608.133447221162,608.133447221162,
2024-09-28 00:00:00+00:00,600.634535486099,600.634535486099,600.634535486099,600.634535486099,
2024-09-29 00:00:00+00:00,596.067257018055,596.067257018055,596.067257018055,596.067257018055,
2024-09-30 00:00:00+00:00,567.412318287019,567.412318287019,567.412318287019,567.412318287019,
2024-10-01 00:00:00+00:00,547.95592038544,547.95592038544,547.95592038544,547.95592038544,
2024-10-02 00:00:00+00:00,542.925068145466,542.925068145466,542.925068145466,542.925068145466,
2024-10-03 00:00:00+00:00,544.335912540026,544.335912540026,544.335912540026,544.335912540026,
2024-10-04 00:00:00+00:00,555.264419206283,555.264419206283,555.264419206283,555.264419206283,
2024-10-05 00:00:00+00:00,562.780580677714,562.780580677714,562.780580677714,562.780580677714,
2024-10-06 00:00:00+00:00,570.142605297144,570.142605297144,570.142605297144,570.142605297144,
2024-10-07 00:00:00+00:00,566.255190255271,566.255190255271,566.255190255271,566.255190255271,
2024-10-08 00:00:00+00:00,580.26484807595,580.26484807595,580.26484807595,580.26484807595,
2024-10-09 00:00:00+00:00,570.21061605272,570.21061605272,570.21061605272,570.21061605272,
2024-10-10 00:00:00+00:00,562.096167559227,562.096167559227,562.096167559227,562.096167559227,
2024-10-11 00:00:00+00:00,573.088785882156,573.088785882156,573.088785882156,573.088785882156,
2024-10-12 00:00:00+00:00,576.588462859851,576.588462859851,576.588462859851,576.588462859851,
2024-10-13 00:00:00+00:00,571.310759093333,571.310759093333,571.310759093333,571.310759093333,
2024-10-14 00:00:00+00:00,589.154541054846,589.154541054846,589.154541054846,589.154541054846,
2024-10-15 00:00:00+00:00,593.518775597633,593.518775597633,593.518775597633,593.518775597633,
2024-10-16 00:00:00+00:00,601.155804840711,601.155804840711,601.155804840711,601.155804840711,
2024-10-17 00:00:00+00:00,591.88399964719,591.88399964719,591.88399964719,591.88399964719,
2024-10-18 00:00:00+00:00,599.608186392382,599.608186392382,599.608186392382,599.608186392382,
2024-10-19 00:00:00+00:00,597.882951298306,597.882951298306,597.882951298306,597.882951298306,
2024-10-20 00:00:00+00:00,605.43102370807,605.43102370807,605.43102370807,605.43102370807,
2024-10-21 00:00:00+00:00,599.181889240232,599.181889240232,599.181889240232,599.181889240232,
2024-10-22 00:00:00+00:00,593.55291542428,593.55291542428,593.55291542428,593.55291542428,
2024-10-23 00:00:00+00:00,584.310966601758,584.310966601758,584.310966601758,584.310966601758,
2024-10-24 00:00:00+00:00,593.664017131469,593.664017131469,593.664017131469,593.664017131469,
2024-10-25 00:00:00+00:00,571.304699221401,571.304699221401,571.304699221401,571.304699221401,
2024-10-26 00:00:00+00:00,582.78696207931,582.78696207931,582.78696207931,582.78696207931,
2024-10-27 00:00:00+00:00,588.968483287669,588.968483287669,588.968483287669,588.968483287669,
2024-10-28 00:00:00+00:00,600.398730383067,600.398730383067,600.398730383067,600.398730383067,
2024-10-29 00:00:00+00:00,605.409294413599,605.409294413599,605.409294413599,605.409294413599,
2024-10-30 00:00:00+00:00,596.521270612891,596.521270612891,596.521270612891,596.521270612891,
2024-10-31 00:00:00+00:00,576.398197616661,576.398197616661,576.398197616661,576.398197616661,
2024-11-01 00:00:00+00:00,572.633784000674,572.633784000674,572.633784000674,572.633784000674,
2024-11-02 00:00:00+00:00,567.580637105058,567.580637105058,567.580637105058,567.580637105058,
2024-11-03 00:00:00+00:00,557.517790418672,557.517790418672,557.517790418672,557.517790418672,
2024-11-04 00:00:00+00:00,552.013608949409,552.013608949409,552.013608949409,552.013608949409,
2024-11-05 00:00:00+00:00,564.759560678915,564.759560678915,564.759560678915,564.759560678915,
2024-11-06 00:00:00+00:00,592.230760762597,592.230760762597,592.230760762597,592.230760762597,
2024-11-07 00:00:00+00:00,598.162606247424,598.162606247424,598.162606247424,598.162606247424,
2024-11-08 00:00:00+00:00,597.537901111893,597.537901111893,597.537901111893,597.537901111893,
2024-11-09 00:00:00+00:00,625.06466293405,625.06466293405,625.06466293405,625.06466293405,
2024-11-10 00:00:00+00:00,628.006142025419,628.006142025419,628.006142025419,628.006142025419,
2024-11-11 00:00:00+00:00,653.272018397811,653.272018397811,653.272018397811,653.272018397811,
2024-11-12 00:00:00+00:00,628.079375577929,628.079375577929,628.079375577929,628.079375577929,
2024-11-13 00:00:00+00:00,620.515272195135,620.515272195135,620.515272195135,620.515272195135,
2024-11-14 00:00:00+00:00,620.843345604545,620.843345604545,620.843345604545,620.843345604545,
2024-11-15 00:00:00+00:00,619.179166798432,619.179166798432,619.179166798432,619.179166798432,
2024-11-16 00:00:00+00:00,622.404859830145,622.404859830145,622.404859830145,622.404859830145,
2024-11-17 00:00:00+00:00,617.098558659801,617.098558659801,617.098558659801,617.098558659801,
2024-11-18 00:00:00+00:00,616.825328820688,616.825328820688,616.825328820688,616.825328820688,
2024-11-19 00:00:00+00:00,616.075231114932,616.075231114932,616.075231114932,616.075231114932,
2024-11-20 00:00:00+00:00,607.395877653933,607.395877653933,607.395877653933,607.395877653933,
2024-11-21 00:00:00+00:00,623.349599296082,623.349599296082,623.349599296082,623.349599296082,
2024-11-22 00:00:00+00:00,632.380493837899,632.380493837899,632.380493837899,632.380493837899,
2024-11-23 00:00:00+00:00,651.511162782162,651.511162782162,651.511162782162,651.511162782162,
2024-11-24 00:00:00+00:00,661.191749283234,661.191749283234,661.191749283234,661.191749283234,
2024-11-25 00:00:00+00:00,637.140205617494,637.140205617494,637.140205617494,637.140205617494,
2024-11-26 00:00:00+00:00,613.202646935605,613.202646935605,613.202646935605,613.202646935605,
2024-11-27 00:00:00+00:00,645.12999959967,645.12999959967,645.12999959967,645.12999959967,
2024-11-28 00:00:00+00:00,654.759255152788,654.759255152788,654.759255152788,654.759255152788,
2024-11-29 00:00:00+00:00,653.861941365534,653.861941365534,653.861941365534,653.861941365534,
2024-11-30 00:00:00+00:00,655.006546285557,655.006546285557,655.006546285557,655.006546285557,
2024-12-01 00:00:00+00:00,656.959493075733,656.959493075733,656.959493075733,656.959493075733,
2024-12-02 00:00:00+00:00,645.962654555183,645.962654555183,645.962654555183,645.962654555183,
2024-12-03 00:00:00+00:00,738.514951277177,738.514951277177,738.514951277177,738.514951277177,
2024-12-04 00:00:00+00:00,736.277485138067,736.277485138067,736.277485138067,736.277485138067,
2024-12-05 00:00:00+00:00,717.898192066976,717.898192066976,717.898192066976,717.898192066976,
2024-12-06 00:00:00+00:00,732.117485774681,732.117485774681,732.117485774681,732.117485774681,
2024-12-07 00:00:00+00:00,751.378856226839,751.378856226839,751.378856226839,751.378856226839,
2024-12-08 00:00:00+00:00,741.955640566286,741.955640566286,741.955640566286,741.955640566286,
2024-12-09 00:00:00+00:00,687.805819916755,687.805819916755,687.805819916755,687.805819916755,
2024-12-10 00:00:00+00:00,677.471793737999,677.471793737999,677.471793737999,677.471793737999,
2024-12-11 00:00:00+00:00,711.54390114416,711.54390114416,711.54390114416,711.54390114416,
2024-12-12 00:00:00+00:00,705.445529090648,705.445529090648,705.445529090648,705.445529090648,
2024-12-13 00:00:00+00:00,726.180055322583,726.180055322583,726.180055322583,726.180055322583,
2024-12-14 00:00:00+00:00,715.66333127404,715.66333127404,715.66333127404,715.66333127404,
2024-12-15 00:00:00+00:00,720.323717939197,720.323717939197,720.323717939197,720.323717939197,
2024-12-16 00:00:00+00:00,720.391001832166,720.391001832166,720.391001832166,720.391001832166,
2024-12-17 00:00:00+00:00,717.00794651991,717.00794651991,717.00794651991,717.00794651991,
2024-12-18 00:00:00+00:00,688.834695039633,688.834695039633,688.834695039633,688.834695039633,
2024-12-19 00:00:00+00:00,668.369014075483,668.369014075483,668.369014075483,668.369014075483,
2024-12-20 00:00:00+00:00,678.164463639756,678.164463639756,678.164463639756,678.164463639756,
2024-12-21 00:00:00+00:00,661.456879791884,661.456879791884,661.456879791884,661.456879791884,
2024-12-22 00:00:00+00:00,648.899294830396,648.899294830396,648.899294830396,648.899294830396,
2024-12-23 00:00:00+00:00,692.903609558756,692.903609558756,692.903609558756,692.903609558756,
2024-12-24 00:00:00+00:00,696.720647422533,696.720647422533,696.720647422533,696.720647422533,
2024-12-25 00:00:00+00:00,701.82409034878,701.82409034878,701.82409034878,701.82409034878,
2024-12-26 00:00:00+00:00,687.265037249405,687.265037249405,687.265037249405,687.265037249405,
2024-12-27 00:00:00+00:00,689.84167665094,689.84167665094,689.84167665094,689.84167665094,
2024-12-28 00:00:00+00:00,720.834994169637,720.834994169637,720.834994169637,720.834994169637,
2024-12-29 00:00:00+00:00,693.155980211104,693.155980211104,693.155980211104,693.155980211104,
2024-12-30 00:00:00+00:00,702.183990019219,702.183990019219,702.183990019219,702.183990019219,
2024-12-31 00:00:00+00:00,699.834467918772,699.834467918772,699.834467918772,699.834467918772,
2025-01-01 00:00:00+00:00,706.24709213317,706.24709213317,706.24709213317,706.24709213317,
2025-01-02 00:00:00+00:00,705.469636351102,705.469636351102,705.469636351102,705.469636351102,
2025-01-03 00:00:00+00:00,713.268846436593,713.268846436593,713.268846436593,713.268846436593,
2025-01-04 00:00:00+00:00,713.784932577293,713.784932577293,713.784932577293,713.784932577293,
2025-01-05 00:00:00+00:00,709.252585947731,709.252585947731,709.252585947731,709.252585947731,
2025-01-06 00:00:00+00:00,731.629244847028,731.629244847028,731.629244847028,731.629244847028,
2025-01-07 00:00:00+00:00,696.572606221473,696.572606221473,696.572606221473,696.572606221473,
2025-01-08 00:00:00+00:00,696.122018718468,696.122018718468,696.122018718468,696.122018718468,
2025-01-09 00:00:00+00:00,685.454604325964,685.454604325964,685.454604325964,685.454604325964,
2025-01-10 00:00:00+00:00,693.594453787918,693.594453787918,693.594453787918,693.594453787918,
2025-01-11 00:00:00+00:00,697.026182340089,697.026182340089,697.026182340089,697.026182340089,
2025-01-12 00:00:00+00:00,692.240421186367,692.240421186367,692.240421186367,692.240421186367,
2025-01-13 00:00:00+00:00,687.484839917833,687.484839917833,687.484839917833,687.484839917833,
2025-01-14 00:00:00+00:00,698.777462164731,698.777462164731,698.777462164731,698.777462164731,
2025-01-15 00:00:00+00:00,713.997265774634,713.997265774634,713.997265774634,713.997265774634,
2025-01-16 00:00:00+00:00,708.532851291488,708.532851291488,708.532851291488,708.532851291488,
2025-01-17 00:00:00+00:00,721.717937771614,721.717937771614,721.717937771614,721.717937771614,
2025-01-18 00:00:00+00:00,708.817204251181,708.817204251181,708.817204251181,708.817204251181,
2025-01-19 00:00:00+00:00,681.349235294341,681.349235294341,681.349235294341,681.349235294341,
2025-01-20 00:00:00+00:00,682.824170315808,682.824170315808,682.824170315808,682.824170315808,
2025-01-21 00:00:00+00:00,691.613035438275,691.613035438275,691.613035438275,691.613035438275,
2025-01-22 00:00:00+00:00,694.902783708664,694.902783708664,694.902783708664,694.902783708664,
2025-01-23 00:00:00+00:00,690.431259811619,690.431259811619,690.431259811619,690.431259811619,
2025-01-24 00:00:00+00:00,679.798920495414,679.798920495414,679.798920495414,679.798920495414,
2025-01-25 00:00:00+00:00,686.917129333039,686.917129333039,686.917129333039,686.917129333039,
2025-01-26 00:00:00+00:00,666.265889487624,666.265889487624,666.265889487624,666.265889487624,
2025-01-27 00:00:00+00:00,679.035952494773,679.035952494773,679.035952494773,679.035952494773,
2025-01-28 00:00:00+00:00,661.010825360469,661.010825360469,661.010825360469,661.010825360469,
2025-01-29 00:00:00+00:00,669.196688267025,669.196688267025,669.196688267025,669.196688267025,
2025-01-30 00:00:00+00:00,678.383731323886,678.383731323886,678.383731323886,678.383731323886,
2025-01-31 00:00:00+00:00,677.048488976464,677.048488976464,677.048488976464,677.048488976464,
2025-02-01 00:00:00+00:00,653.475707138127,653.475707138127,653.475707138127,653.475707138127,
2025-02-02 00:00:00+00:00,613.754865045898,613.754865045898,613.754865045898,613.754865045898,
2025-02-03 00:00:00+00:00,616.733448027806,616.733448027806,616.733448027806,616.733448027806,
2025-02-04 00:00:00+00:00,571.489970574547,571.489970574547,571.489970574547,571.489970574547,
2025-02-05 00:00:00+00:00,568.871285321478,568.871285321478,568.871285321478,568.871285321478,
2025-02-06 00:00:00+00:00,573.176296428713,573.176296428713,573.176296428713,573.176296428713,
2025-02-07 00:00:00+00:00,577.359490007918,577.359490007918,577.359490007918,577.359490007918,
2025-02-08 00:00:00+00:00,615.011786515787,615.011786515787,615.011786515787,615.011786515787,
2025-02-09 00:00:00+00:00,615.388028000871,615.388028000871,615.388028000871,615.388028000871,
2025-02-10 00:00:00+00:00,617.372220241808,617.372220241808,617.372220241808,617.372220241808,
2025-02-11 00:00:00+00:00,643.789471847731,643.789471847731,643.789471847731,643.789471847731,
2025-02-12 00:00:00+00:00,698.552368444786,698.552368444786,698.552368444786,698.552368444786,
2025-02-13 00:00:00+00:00,669.711765153963,669.711765153963,669.711765153963,669.711765153963,
2025-02-14 00:00:00+00:00,656.799485934182,656.799485934182,656.799485934182,656.799485934182,
2025-02-15 00:00:00+00:00,662.233765176273,662.233765176273,662.233765176273,662.233765176273,
2025-02-16 00:00:00+00:00,676.046205265884,676.046205265884,676.046205265884,676.046205265884,
2025-02-17 00:00:00+00:00,667.328469158893,667.328469158893,667.328469158893,667.328469158893,
2025-02-18 00:00:00+00:00,646.686721731008,646.686721731008,646.686721731008,646.686721731008,
2025-02-19 00:00:00+00:00,651.962476185254,651.962476185254,651.962476185254,651.962476185254,
2025-02-20 00:00:00+00:00,657.713765010078,657.713765010078,657.713765010078,657.713765010078,
2025-02-21 00:00:00+00:00,646.214811276821,646.214811276821,646.214811276821,646.214811276821,
2025-02-22 00:00:00+00:00,669.098626824876,669.098626824876,669.098626824876,669.098626824876,
2025-02-23 00:00:00+00:00,657.337030651534,657.337030651534,657.337030651534,657.337030651534,
2025-02-24 00:00:00+00:00,615.425106820949,615.425106820949,615.425106820949,615.425106820949,
2025-02-25 00:00:00+00:00,624.202381077187,624.202381077187,624.202381077187,624.202381077187,
2025-02-26 00:00:00+00:00,611.283615762083,611.283615762083,611.283615762083,611.283615762083,
2025-02-27 00:00:00+00:00,604.790338460817,604.790338460817,604.790338460817,604.790338460817,
2025-02-28 00:00:00+00:00,586.695933988243,586.695933988243,586.695933988243,586.695933988243,
2025-03-01 00:00:00+00:00,606.935306665846,606.935306665846,606.935306665846,606.935306665846,
2025-03-02 00:00:00+00:00,623.357304208983,623.357304208983,623.357304208983,623.357304208983,
2025-03-03 00:00:00+00:00,576.55620505761,576.55620505761,576.55620505761,576.55620505761,
2025-03-04 00:00:00+00:00,583.145226976601,583.145226976601,583.145226976601,583.145226976601,
2025-03-05 00:00:00+00:00,598.076506934905,598.076506934905,598.076506934905,598.076506934905,
2025-03-06 00:00:00+00:00,597.107002429623,597.107002429623,597.107002429623,597.107002429623,
2025-03-07 00:00:00+00:00,592.731861091657,592.731861091657,592.731861091657,592.731861091657,
2025-03-08 00:00:00+00:00,593.421320468072,593.421320468072,593.421320468072,593.421320468072,
2025-03-09 00:00:00+00:00,554.36041594944,554.36041594944,554.36041594944,554.36041594944,
2025-03-10 00:00:00+00:00,533.383143807512,533.383143807512,533.383143807512,533.383143807512,
2025-03-11 00:00:00+00:00,552.153577630294,552.153577630294,552.153577630294,552.153577630294,
2025-03-12 00:00:00+00:00,569.863111555133,569.863111555133,569.863111555133,569.863111555133,
2025-03-13 00:00:00+00:00,578.459110748059,578.459110748059,578.459110748059,578.459110748059,
2025-03-14 00:00:00+00:00,587.937012962161,587.937012962161,587.937012962161,587.937012962161,
2025-03-15 00:00:00+00:00,618.422290705078,618.422290705078,618.422290705078,618.422290705078,
2025-03-16 00:00:00+00:00,600.74980299482,600.74980299482,600.74980299482,600.74980299482,
2025-03-17 00:00:00+00:00,629.492765140556,629.492765140556,629.492765140556,629.492765140556,
2025-03-18 00:00:00+00:00,627.796870346639,627.796870346639,627.796870346639,627.796870346639,
2025-03-19 00:00:00+00:00,619.35960496267,619.35960496267,619.35960496267,619.35960496267,
2025-03-20 00:00:00+00:00,629.694708221684,629.694708221684,629.694708221684,629.694708221684,
2025-03-21 00:00:00+00:00,635.098171185134,635.098171185134,635.098171185134,635.098171185134,
2025-03-22 00:00:00+00:00,626.12742309513,626.12742309513,626.12742309513,626.12742309513,
2025-03-23 00:00:00+00:00,622.42759977266,622.42759977266,622.42759977266,622.42759977266,
2025-03-24 00:00:00+00:00,635.913759173804,635.913759173804,635.913759173804,635.913759173804,
2025-03-25 00:00:00+00:00,629.687394855847,629.687394855847,629.687394855847,629.687394855847,
2025-03-26 00:00:00+00:00,617.148661134514,617.148661134514,617.148661134514,617.148661134514,
2025-03-27 00:00:00+00:00,637.486296206424,637.486296206424,637.486296206424,637.486296206424,
2025-03-28 00:00:00+00:00,619.00672599396,619.00672599396,619.00672599396,619.00672599396,
2025-03-29 00:00:00+00:00,602.393920808274,602.393920808274,602.393920808274,602.393920808274,
2025-03-30 00:00:00+00:00,600.710890661584,600.710890661584,600.710890661584,600.710890661584,
2025-03-31 00:00:00+00:00,604.946081963439,604.946081963439,604.946081963439,604.946081963439,
2025-04-01 00:00:00+00:00,610.872921967644,610.872921967644,610.872921967644,610.872921967644,
2025-04-02 00:00:00+00:00,589.805676867369,589.805676867369,589.805676867369,589.805676867369,
2025-04-03 00:00:00+00:00,591.59222916499,591.59222916499,591.59222916499,591.59222916499,
2025-04-04 00:00:00+00:00,597.228761627894,597.228761627894,597.228761627894,597.228761627894,
2025-04-05 00:00:00+00:00,592.658551000659,592.658551000659,592.658551000659,592.658551000659,
2025-04-06 00:00:00+00:00,552.254636578815,552.254636578815,552.254636578815,552.254636578815,
2025-04-07 00:00:00+00:00,555.506475478795,555.506475478795,555.506475478795,555.506475478795,
2025-04-08 00:00:00+00:00,553.206949855434,553.206949855434,553.206949855434,553.206949855434,
2025-04-09 00:00:00+00:00,582.445685057384,582.445685057384,582.445685057384,582.445685057384,
2025-04-10 00:00:00+00:00,577.003128288139,577.003128288139,577.003128288139,577.003128288139,
2025-04-11 00:00:00+00:00,586.152169738543,586.152169738543,586.152169738543,586.152169738543,
2025-04-12 00:00:00+00:00,596.951520775124,596.951520775124,596.951520775124,596.951520775124,
2025-04-13 00:00:00+00:00,583.608802341831,583.608802341831,583.608802341831,583.608802341831,
2025-04-14 00:00:00+00:00,584.81731754477,584.81731754477,584.81731754477,584.81731754477,
2025-04-15 00:00:00+00:00,579.910717626482,579.910717626482,579.910717626482,579.910717626482,
2025-04-16 00:00:00+00:00,583.065157504289,583.065157504289,583.065157504289,583.065157504289,
2025-04-17 00:00:00+00:00,590.237296040212,590.237296040212,590.237296040212,590.237296040212,
2025-04-18 00:00:00+00:00,591.970093572147,591.970093572147,591.970093572147,591.970093572147,
2025-04-19 00:00:00+00:00,592.199349259023,592.199349259023,592.199349259023,592.199349259023,
2025-04-20 00:00:00+00:00,592.820829475596,592.820829475596,592.820829475596,592.820829475596,
2025-04-21 00:00:00+00:00,596.964533111981,596.964533111981,596.964533111981,596.964533111981,
2025-04-22 00:00:00+00:00,617.092510329017,617.092510329017,617.092510329017,617.092510329017,
2025-04-23 00:00:00+00:00,606.505153599137,606.505153599137,606.505153599137,606.505153599137,
2025-04-24 00:00:00+00:00,601.653105206503,601.653105206503,601.653105206503,601.653105206503,
2025-04-25 00:00:00+00:00,600.159179475103,600.159179475103,600.159179475103,600.159179475103,
2025-04-26 00:00:00+00:00,607.361298022989,607.361298022989,607.361298022989,607.361298022989,
2025-04-27 00:00:00+00:00,603.742649258437,603.742649258437,603.742649258437,603.742649258437,
2025-04-28 00:00:00+00:00,606.202538638755,606.202538638755,606.202538638755,606.202538638755,
2025-04-29 00:00:00+00:00,600.023887915959,600.023887915959,600.023887915959,600.023887915959,
2025-04-30 00:00:00+00:00,599.903816694589,599.903816694589,599.903816694589,599.903816694589,
2025-05-01 00:00:00+00:00,599.49637240438,599.49637240438,599.49637240438,599.49637240438,
2025-05-02 00:00:00+00:00,601.441946880014,601.441946880014,601.441946880014,601.441946880014,
2025-05-03 00:00:00+00:00,599.305671450942,599.305671450942,599.305671450942,599.305671450942,
2025-05-04 00:00:00+00:00,585.883114856269,585.883114856269,585.883114856269,585.883114856269,
2025-05-05 00:00:00+00:00,598.190065776087,598.190065776087,598.190065776087,598.190065776087,
2025-05-06 00:00:00+00:00,602.32215352884,602.32215352884,602.32215352884,602.32215352884,
2025-05-07 00:00:00+00:00,603.08544711397,603.08544711397,603.08544711397,603.08544711397,
2025-05-08 00:00:00+00:00,627.184308653737,627.184308653737,627.184308653737,627.184308653737,
2025-05-09 00:00:00+00:00,664.032070970363,664.032070970363,664.032070970363,664.032070970363,
2025-05-10 00:00:00+00:00,662.033615033506,662.033615033506,662.033615033506,662.033615033506,
2025-05-11 00:00:00+00:00,650.85849662156,650.85849662156,650.85849662156,650.85849662156,
2025-05-12 00:00:00+00:00,661.034892192478,661.034892192478,661.034892192478,661.034892192478,
2025-05-13 00:00:00+00:00,665.668167333248,665.668167333248,665.668167333248,665.668167333248,
2025-05-14 00:00:00+00:00,651.796254252004,651.796254252004,651.796254252004,651.796254252004,
2025-05-15 00:00:00+00:00,650.216773707956,650.216773707956,650.216773707956,650.216773707956,
2025-05-16 00:00:00+00:00,646.945978749882,646.945978749882,646.945978749882,646.945978749882,
2025-05-17 00:00:00+00:00,639.70920590082,639.70920590082,639.70920590082,639.70920590082,
2025-05-18 00:00:00+00:00,648.725832355284,648.725832355284,648.725832355284,648.725832355284,
2025-05-19 00:00:00+00:00,650.259941761651,650.259941761651,650.259941761651,650.259941761651,
2025-05-20 00:00:00+00:00,651.069394713334,651.069394713334,651.069394713334,651.069394713334,
2025-05-21 00:00:00+00:00,674.664474576317,674.664474576317,674.664474576317,674.664474576317,
2025-05-22 00:00:00+00:00,686.181674619002,686.181674619002,686.181674619002,686.181674619002,
2025-05-23 00:00:00+00:00,656.638193176366,656.638193176366,656.638193176366,656.638193176366,
2025-05-24 00:00:00+00:00,668.044645433181,668.044645433181,668.044645433181,668.044645433181,
2025-05-25 00:00:00+00:00,670.080379965566,670.080379965566,670.080379965566,670.080379965566,
2025-05-26 00:00:00+00:00,673.856946012202,673.856946012202,673.856946012202,673.856946012202,
2025-05-27 00:00:00+00:00,687.444879800625,687.444879800625,687.444879800625,687.444879800625,
2025-05-28 00:00:00+00:00,687.326403838527,687.326403838527,687.326403838527,687.326403838527,
2025-05-29 00:00:00+00:00,675.48699028286,675.48699028286,675.48699028286,675.48699028286,
2025-05-30 00:00:00+00:00,655.592877256875,655.592877256875,655.592877256875,655.592877256875,
2025-05-31 00:00:00+00:00,658.61155676673,658.61155676673,658.61155676673,658.61155676673,
2025-06-01 00:00:00+00:00,661.556153690376,661.556153690376,661.556153690376,661.556153690376,
2025-06-02 00:00:00+00:00,666.190352582236,666.190352582236,666.190352582236,666.190352582236,
2025-06-03 00:00:00+00:00,661.614731255486,661.614731255486,661.614731255486,661.614731255486,
2025-06-04 00:00:00+00:00,663.810638291619,663.810638291619,663.810638291619,663.810638291619,
2025-06-05 00:00:00+00:00,634.297201161969,634.297201161969,634.297201161969,634.297201161969,
2025-06-06 00:00:00+00:00,643.468756060254,643.468756060254,643.468756060254,643.468756060254,
2025-06-07 00:00:00+00:00,651.378796601884,651.378796601884,651.378796601884,651.378796601884,
2025-06-08 00:00:00+00:00,652.408999136107,652.408999136107,652.408999136107,652.408999136107,
2025-06-09 00:00:00+00:00,665.446817142788,665.446817142788,665.446817142788,665.446817142788,
2025-06-10 00:00:00+00:00,673.30162296741,673.30162296741,673.30162296741,673.30162296741,
2025-06-11 00:00:00+00:00,667.530941180518,667.530941180518,667.530941180518,667.530941180518,
2025-06-12 00:00:00+00:00,656.325644556391,656.325644556391,656.325644556391,656.325644556391,
2025-06-13 00:00:00+00:00,655.126081286109,655.126081286109,655.126081286109,655.126081286109,
2025-06-14 00:00:00+00:00,645.62850915087,645.62850915087,645.62850915087,645.62850915087,
2025-06-15 00:00:00+00:00,648.059848468062,648.059848468062,648.059848468062,648.059848468062,
2025-06-16 00:00:00+00:00,652.872449775917,652.872449775917,652.872449775917,652.872449775917,
2025-06-17 00:00:00+00:00,648.432441136239,648.432441136239,648.432441136239,648.432441136239,
2025-06-18 00:00:00+00:00,644.638009132255,644.638009132255,644.638009132255,644.638009132255,
2025-06-19 00:00:00+00:00,644.666137364371,644.666137364371,644.666137364371,644.666137364371,
2025-06-20 00:00:00+00:00,641.23860483038,641.23860483038,641.23860483038,641.23860483038,
2025-06-21 00:00:00+00:00,627.165399563505,627.165399563505,627.165399563505,627.165399563505,
2025-06-22 00:00:00+00:00,616.155259864992,616.155259864992,616.155259864992,616.155259864992,
2025-06-23 00:00:00+00:00,640.835328658818,640.835328658818,640.835328658818,640.835328658818,
2025-06-24 00:00:00+00:00,643.296425236625,643.296425236625,643.296425236625,643.296425236625,
2025-06-25 00:00:00+00:00,645.809999410911,645.809999410911,645.809999410911,645.809999410911,
2025-06-26 00:00:00+00:00,642.437802190861,642.437802190861,642.437802190861,642.437802190861,
2025-06-27 00:00:00+00:00,646.145942107937,646.145942107937,646.145942107937,646.145942107937,
2025-06-28 00:00:00+00:00,648.934834260445,648.934834260445,648.934834260445,648.934834260445,
2025-06-29 00:00:00+00:00,655.018722023886,655.018722023886,655.018722023886,655.018722023886,
2025-06-30 00:00:00+00:00,657.163446057308,657.163446057308,657.163446057308,657.163446057308,
2025-07-01 00:00:00+00:00,645.960729670231,645.960729670231,645.960729670231,645.960729670231,
2025-07-02 00:00:00+00:00,660.360900163598,660.360900163598,660.360900163598,660.360900163598,
2025-07-03 00:00:00+00:00,663.274698208386,663.274698208386,663.274698208386,663.274698208386,
2025-07-04 00:00:00+00:00,653.707680770816,653.707680770816,653.707680770816,653.707680770816,
2025-07-05 00:00:00+00:00,656.207081229774,656.207081229774,656.207081229774,656.207081229774,
2025-07-06 00:00:00+00:00,662.951932731394,662.951932731394,662.951932731394,662.951932731394,
2025-07-07 00:00:00+00:00,660.884702461314,660.884702461314,660.884702461314,660.884702461314,
2025-07-08 00:00:00+00:00,660.62569380876,660.62569380876,660.62569380876,660.62569380876,
2025-07-09 00:00:00+00:00,669.592558138913,669.592558138913,669.592558138913,669.592558138913,
2025-07-10 00:00:00+00:00,685.363163812063,685.363163812063,685.363163812063,685.363163812063,
2025-07-11 00:00:00+00:00,689.773724971169,689.773724971169,689.773724971169,689.773724971169,
2025-07-12 00:00:00+00:00,685.667917235097,685.667917235097,685.667917235097,685.667917235097,
2025-07-13 00:00:00+00:00,691.711835875656,691.711835875656,691.711835875656,691.711835875656,
2025-07-14 00:00:00+00:00,689.884795875734,689.884795875734,689.884795875734,689.884795875734,
2025-07-15 00:00:00+00:00,690.99488328611,690.99488328611,690.99488328611,690.99488328611,
2025-07-16 00:00:00+00:00,708.477799633467,708.477799633467,708.477799633467,708.477799633467,
2025-07-17 00:00:00+00:00,722.807980644412,722.807980644412,722.807980644412,722.807980644412,
2025-07-18 00:00:00+00:00,728.92552087346,728.92552087346,728.92552087346,728.92552087346,
2025-07-19 00:00:00+00:00,732.964578182587,732.964578182587,732.964578182587,732.964578182587,
2025-07-20 00:00:00+00:00,757.37675503127,757.37675503127,757.37675503127,757.37675503127,
2025-07-21 00:00:00+00:00,765.852794828788,765.852794828788,765.852794828788,765.852794828788,
2025-07-22 00:00:00+00:00,785.608468559637,785.608468559637,785.608468559637,785.608468559637,
2025-07-23 00:00:00+00:00,776.303737754887,776.303737754887,776.303737754887,776.303737754887,
2025-07-24 00:00:00+00:00,771.867736240707,771.867736240707,771.867736240707,771.867736240707,
2025-07-25 00:00:00+00:00,784.59736860068,784.59736860068,784.59736860068,784.59736860068,
2025-07-26 00:00:00+00:00,794.391734242808,794.391734242808,794.391734242808,794.391734242808,
2025-07-27 00:00:00+00:00,843.198883318915,843.198883318915,843.198883318915,843.198883318915,
2025-07-28 00:00:00+00:00,823.469722475033,823.469722475033,823.469722475033,823.469722475033,
2025-07-29 00:00:00+00:00,805.662833284884,805.662833284884,805.662833284884,805.662833284884,
2025-07-30 00:00:00+00:00,792.531928208092,792.531928208092,792.531928208092,792.531928208092,
2025-07-31 00:00:00+00:00,785.349207888375,785.349207888375,785.349207888375,785.349207888375,
2025-08-01 00:00:00+00:00,755.638686246578,755.638686246578,755.638686246578,755.638686246578,
2025-08-02 00:00:00+00:00,735.548553615454,735.548553615454,735.548553615454,735.548553615454,
2025-08-03 00:00:00+00:00,752.335333128972,752.335333128972,752.335333128972,752.335333128972,
2025-08-04 00:00:00+00:00,768.760562302701,768.760562302701,768.760562302701,768.760562302701,
2025-08-05 00:00:00+00:00,755.131593673559,755.131593673559,755.131593673559,755.131593673559,
2025-08-06 00:00:00+00:00,769.570294333686,769.570294333686,769.570294333686,769.570294333686,
2025-08-07 00:00:00+00:00,786.890329341982,786.890329341982,786.890329341982,786.890329341982,
2025-08-08 00:00:00+00:00,793.995542443149,793.995542443149,793.995542443149,793.995542443149,
2025-08-09 00:00:00+00:00,799.138316000373,799.138316000373,799.138316000373,799.138316000373,
2025-08-10 00:00:00+00:00,804.622434701275,804.622434701275,804.622434701275,804.622434701275,
2025-08-11 00:00:00+00:00,806.331728377235,806.331728377235,806.331728377235,806.331728377235,
2025-08-12 00:00:00+00:00,834.271771576801,834.271771576801,834.271771576801,834.271771576801,
2025-08-13 00:00:00+00:00,849.126459136449,849.126459136449,849.126459136449,849.126459136449,
2025-08-14 00:00:00+00:00,841.617532629078,841.617532629078,841.617532629078,841.617532629078,
2025-08-15 00:00:00+00:00,827.308181695941,827.308181695941,827.308181695941,827.308181695941,
2025-08-16 00:00:00+00:00,837.82021798969,837.82021798969,837.82021798969,837.82021798969,
2025-08-17 00:00:00+00:00,857.266626527498,857.266626527498,857.266626527498,857.266626527498,
2025-08-18 00:00:00+00:00,849.578171193584,849.578171193584,849.578171193584,849.578171193584,
2025-08-19 00:00:00+00:00,826.701785395836,826.701785395836,826.701785395836,826.701785395836,
2025-08-20 00:00:00+00:00,871.119859330573,871.119859330573,871.119859330573,871.119859330573,
2025-08-21 00:00:00+00:00,839.232675785087,839.232675785087,839.232675785087,839.232675785087,
2025-08-22 00:00:00+00:00,898.775953529606,898.775953529606,898.775953529606,898.775953529606,
2025-08-23 00:00:00+00:00,880.940820068769,880.940820068769,880.940820068769,880.940820068769,
2025-08-24 00:00:00+00:00,876.912870979546,876.912870979546,876.912870979546,876.912870979546,
2025-08-25 00:00:00+00:00,839.798588166632,839.798588166632,839.798588166632,839.798588166632,
2025-08-26 00:00:00+00:00,864.70385424688,864.70385424688,864.70385424688,864.70385424688,
2025-08-27 00:00:00+00:00,856.438843182403,856.438843182403,856.438843182403,856.438843182403,
2025-08-28 00:00:00+00:00,874.80858764052,874.80858764052,874.80858764052,874.80858764052,
2025-08-29 00:00:00+00:00,862.596284229964,862.596284229964,862.596284229964,862.596284229964,
2025-08-30 00:00:00+00:00,862.669847563115,862.669847563115,862.669847563115,862.669847563115,
2025-08-31 00:00:00+00:00,858.505740392662,858.505740392662,858.505740392662,858.505740392662,
2025-09-01 00:00:00+00:00,845.497219463967,845.497219463967,845.497219463967,845.497219463967,
2025-09-02 00:00:00+00:00,851.764811907618,851.764811907618,851.764811907618,851.764811907618,
2025-09-03 00:00:00+00:00,855.073438042418,855.073438042418,855.073438042418,855.073438042418,
2025-09-04 00:00:00+00:00,845.760243710059,845.760243710059,845.760243710059,845.760243710059,
2025-09-05 00:00:00+00:00,850.02753819959,850.02753819959,850.02753819959,850.02753819959,
2025-09-06 00:00:00+00:00,861.758637201404,861.758637201404,861.758637201404,861.758637201404,
2025-09-07 00:00:00+00:00,880.964014385832,880.964014385832,880.964014385832,880.964014385832,
2025-09-08 00:00:00+00:00,878.487216855304,878.487216855304,878.487216855304,878.487216855304,
2025-09-09 00:00:00+00:00,879.835377609335,879.835377609335,879.835377609335,879.835377609335,
2025-09-10 00:00:00+00:00,893.761024326864,893.761024326864,893.761024326864,893.761024326864,
2025-09-11 00:00:00+00:00,902.285929074468,902.285929074468,902.285929074468,902.285929074468,
2025-09-12 00:00:00+00:00,924.875628806065,924.875628806065,924.875628806065,924.875628806065,
2025-09-13 00:00:00+00:00,933.63881768749,933.63881768749,933.63881768749,933.63881768749,
2025-09-14 00:00:00+00:00,927.317099062029,927.317099062029,927.317099062029,927.317099062029,
2025-09-15 00:00:00+00:00,919.486927357817,919.486927357817,919.486927357817,919.486927357817,
2025-09-16 00:00:00+00:00,955.418537830646,955.418537830646,955.418537830646,955.418537830646,
2025-09-17 00:00:00+00:00,989.245221024374,989.245221024374,989.245221024374,989.245221024374,
2025-09-18 00:00:00+00:00,982.334165563661,982.334165563661,982.334165563661,982.334165563661,
2025-09-19 00:00:00+00:00,982.138517150236,982.138517150236,982.138517150236,982.138517150236,
2025-09-20 00:00:00+00:00,1041.91193815252,1041.91193815252,1041.91193815252,1041.91193815252,
2025-09-21 00:00:00+00:00,1048.52484657369,1048.52484657369,1048.52484657369,1048.52484657369,
2025-09-22 00:00:00+00:00,993.076526250106,993.076526250106,993.076526250106,993.076526250106,
2025-09-23 00:00:00+00:00,1016.21782682615,1016.21782682615,1016.21782682615,1016.21782682615,
2025-09-24 00:00:00+00:00,1017.73270921379,1017.73270921379,1017.73270921379,1017.73270921379,
2025-09-25 00:00:00+00:00,945.352999193466,945.352999193466,945.352999193466,945.352999193466,
2025-09-26 00:00:00+00:00,959.416584132511,959.416584132511,959.416584132511,959.416584132511,
2025-09-27 00:00:00+00:00,969.104782843544,969.104782843544,969.104782843544,969.104782843544,
2025-09-28 00:00:00+00:00,991.997083138057,991.997083138057,991.997083138057,991.997083138057,
2025-09-29 00:00:00+00:00,1031.25080859524,1031.25080859524,1031.25080859524,1031.25080859524,
2025-09-30 00:00:00+00:00,1007.43168470426,1007.43168470426,1007.43168470426,1007.43168470426,
2025-10-01 00:00:00+00:00,1025.47274170053,1025.47274170053,1025.47274170053,1025.47274170053,
2025-10-02 00:00:00+00:00,1090.89987616855,1090.89987616855,1090.89987616855,1090.89987616855,
2025-10-03 00:00:00+00:00,1184.82001368894,1184.82001368894,1184.82001368894,1184.82001368894,
2025-10-04 00:00:00+00:00,1149.54866300743,1149.54866300743,1149.54866300743,1149.54866300743,
2025-10-05 00:00:00+00:00,1163.88582735102,1163.88582735102,1163.88582735102,1163.88582735102,
2025-10-06 00:00:00+00:00,1222.29188535227,1222.29188535227,1222.29188535227,1222.29188535227,
2025-10-07 00:00:00+00:00,1310.23335728639,1310.23335728639,1310.23335728639,1310.23335728639,
2025-10-08 00:00:00+00:00,1303.24336827041,1303.24336827041,1303.24336827041,1303.24336827041,
2025-10-09 00:00:00+00:00,1254.84407981369,1254.84407981369,1254.84407981369,1254.84407981369,
2025-10-10 00:00:00+00:00,1117.608350751,1117.608350751,1117.608350751,1117.608350751,
2025-10-11 00:00:00+00:00,1140.42632828566,1140.42632828566,1140.42632828566,1140.42632828566,
2025-10-12 00:00:00+00:00,1299.42111852986,1299.42111852986,1299.42111852986,1299.42111852986,
2025-10-13 00:00:00+00:00,1294.56811929427,1294.56811929427,1294.56811929427,1294.56811929427,
2025-10-14 00:00:00+00:00,1215.93348649755,1215.93348649755,1215.93348649755,1215.93348649755,
2025-10-15 00:00:00+00:00,1162.4603103717,1162.4603103717,1162.4603103717,1162.4603103717,
2025-10-16 00:00:00+00:00,1148.08026125288,1148.08026125288,1148.08026125288,1148.08026125288,
2025-10-17 00:00:00+00:00,1073.30821880073,1073.30821880073,1073.30821880073,1073.30821880073,
2025-10-18 00:00:00+00:00,1092.97918066135,1092.97918066135,1092.97918066135,1092.97918066135,
2025-10-19 00:00:00+00:00,1111.18964546084,1111.18964546084,1111.18964546084,1111.18964546084,
2025-10-20 00:00:00+00:00,1100.73313717544,1100.73313717544,1100.73313717544,1100.73313717544,
2025-10-21 00:00:00+00:00,1060.09866056514,1060.09866056514,1060.09866056514,1060.09866056514,
2025-10-22 00:00:00+00:00,1070.66181557978,1070.66181557978,1070.66181557978,1070.66181557978,
2025-10-23 00:00:00+00:00,1125.14502906717,1125.14502906717,1125.14502906717,1125.14502906717,
2025-10-24 00:00:00+00:00,1108.7698948935,1108.7698948935,1108.7698948935,1108.7698948935,
2025-10-25 00:00:00+00:00,1116.4844715224,1116.4844715224,1116.4844715224,1116.4844715224,
2025-10-26 00:00:00+00:00,1139.15811078637,1139.15811078637,1139.15811078637,1139.15811078637,
2025-10-27 00:00:00+00:00,1138.76447830982,1138.76447830982,1138.76447830982,1138.76447830982,
2025-10-28 00:00:00+00:00,1103.55772388179,1103.55772388179,1103.55772388179,1103.55772388179,
2025-10-29 00:00:00+00:00,1107.87320817781,1107.87320817781,1107.87320817781,1107.87320817781,
2025-10-30 00:00:00+00:00,1074.63292214265,1074.63292214265,1074.63292214265,1074.63292214265,
2025-10-31 00:00:00+00:00,1089.05239400059,1089.05239400059,1089.05239400059,1089.05239400059,
2025-11-01 00:00:00+00:00,1094.47712000624,1094.47712000624,1094.47712000624,1094.47712000624,
2025-11-02 00:00:00+00:00,1082.41789433532,1082.41789433532,1082.41789433532,1082.41789433532,
2025-11-03 00:00:00+00:00,990.642103139648,990.642103139648,990.642103139648,990.642103139648,
2025-11-04 00:00:00+00:00,936.651296973223,936.651296973223,936.651296973223,936.651296973223,
2025-11-05 00:00:00+00:00,959.251070853027,959.251070853027,959.251070853027,959.251070853027,
2025-11-06 00:00:00+00:00,947.500916776451,947.500916776451,947.500916776451,947.500916776451,
2025-11-07 00:00:00+00:00,989.85008618802,989.85008618802,989.85008618802,989.85008618802,
2025-11-08 00:00:00+00:00,991.138962599822,991.138962599822,991.138962599822,991.138962599822,
2025-11-09 00:00:00+00:00,996.01165998777,996.01165998777,996.01165998777,996.01165998777,
2025-11-10 00:00:00+00:00,993.24093121157,993.24093121157,993.24093121157,993.24093121157,
2025-11-11 00:00:00+00:00,960.064500325169,960.064500325169,960.064500325169,960.064500325169,
2025-11-12 00:00:00+00:00,953.454353283264,953.454353283264,953.454353283264,953.454353283264,
2025-11-13 00:00:00+00:00,928.180809594006,928.180809594006,928.180809594006,928.180809594006,
2025-11-14 00:00:00+00:00,916.115552866484,916.115552866484,916.115552866484,916.115552866484,
2025-11-15 00:00:00+00:00,933.11101055671,933.11101055671,933.11101055671,933.11101055671,
2025-11-16 00:00:00+00:00,926.272127662887,926.272127662887,926.272127662887,926.272127662887,
2025-11-17 00:00:00+00:00,905.170425765317,905.170425765317,905.170425765317,905.170425765317,
2025-11-18 00:00:00+00:00,932.585155924046,932.585155924046,932.585155924046,932.585155924046,
2025-11-19 00:00:00+00:00,894.556526371564,894.556526371564,894.556526371564,894.556526371564,
2025-11-20 00:00:00+00:00,869.948752817076,869.948752817076,869.948752817076,869.948752817076,
2025-11-21 00:00:00+00:00,828.454191514369,828.454191514369,828.454191514369,828.454191514369,
2025-11-22 00:00:00+00:00,834.188215443307,834.188215443307,834.188215443307,834.188215443307,
2025-11-23 00:00:00+00:00,844.828392388124,844.828392388124,844.828392388124,844.828392388124,
2025-11-24 00:00:00+00:00,864.909675768147,864.909675768147,864.909675768147,864.909675768147,
2025-11-25 00:00:00+00:00,863.632426566055,863.632426566055,863.632426566055,863.632426566055,
2025-11-26 00:00:00+00:00,891.744309060385,891.744309060385,891.744309060385,891.744309060385,
2025-11-27 00:00:00+00:00,895.036521317618,895.036521317618,895.036521317618,895.036521317618,
2025-11-28 00:00:00+00:00,888.196540463238,888.196540463238,888.196540463238,888.196540463238,
2025-11-29 00:00:00+00:00,873.778554655182,873.778554655182,873.778554655182,873.778554655182,
2025-11-30 00:00:00+00:00,880.405501567759,880.405501567759,880.405501567759,880.405501567759,
2025-12-01 00:00:00+00:00,828.792954228768,828.792954228768,828.792954228768,828.792954228768,
2025-12-02 00:00:00+00:00,878.053360087341,878.053360087341,878.053360087341,878.053360087341,
2025-12-03 00:00:00+00:00,920.240098734866,920.240098734866,920.240098734866,920.240098734866,
2025-12-04 00:00:00+00:00,900.866256527373,900.866256527373,900.866256527373,900.866256527373,
2025-12-05 00:00:00+00:00,883.047950967143,883.047950967143,883.047950967143,883.047950967143,
2025-12-06 00:00:00+00:00,890.447708273991,890.447708273991,890.447708273991,890.447708273991,
2025-12-07 00:00:00+00:00,892.178599857712,892.178599857712,892.178599857712,892.178599857712,
2025-12-08 00:00:00+00:00,898.42015641743,898.42015641743,898.42015641743,898.42015641743,
2025-12-09 00:00:00+00:00,900.193141279418,900.193141279418,900.193141279418,900.193141279418,
2025-12-10 00:00:00+00:00,896.061777831385,896.061777831385,896.061777831385,896.061777831385,
2025-12-11 00:00:00+00:00,886.154042051963,886.154042051963,886.154042051963,886.154042051963,
2025-12-12 00:00:00+00:00,882.04018728704,882.04018728704,882.04018728704,882.04018728704,
2025-12-13 00:00:00+00:00,896.565536723459,896.565536723459,896.565536723459,896.565536723459,
2025-12-14 00:00:00+00:00,876.849194360809,876.849194360809,876.849194360809,876.849194360809,
2025-12-15 00:00:00+00:00,857.445110539194,857.445110539194,857.445110539194,857.445110539194,
2025-12-16 00:00:00+00:00,873.775024438603,873.775024438603,873.775024438603,873.775024438603,
2025-12-17 00:00:00+00:00,842.031322068743,842.031322068743,842.031322068743,842.031322068743,
2025-12-18 00:00:00+00:00,829.125651950012,829.125651950012,829.125651950012,829.125651950012,
2025-12-19 00:00:00+00:00,855.611686255987,855.611686255987,855.611686255987,855.611686255987,
2025-12-20 00:00:00+00:00,852.763529647401,852.763529647401,852.763529647401,852.763529647401,
2025-12-21 00:00:00+00:00,857.443785346057,857.443785346057,857.443785346057,857.443785346057,
2025-12-22 00:00:00+00:00,857.631546321119,857.631546321119,857.631546321119,857.631546321119,
2025-12-23 00:00:00+00:00,843.290696944566,843.290696944566,843.290696944566,843.290696944566,
2025-12-24 00:00:00+00:00,846.564431728692,846.564431728692,846.564431728692,846.564431728692,
2025-12-25 00:00:00+00:00,831.138785417982,831.138785417982,831.138785417982,831.138785417982,
2025-12-26 00:00:00+00:00,834.091617717424,834.091617717424,834.091617717424,834.091617717424,
2025-12-27 00:00:00+00:00,843.388465514259,843.388465514259,843.388465514259,843.388465514259,
2025-12-28 00:00:00+00:00,858.038102341625,858.038102341625,858.038102341625,858.038102341625,
2025-12-29 00:00:00+00:00,851.485047788897,851.485047788897,851.485047788897,851.485047788897,
2025-12-30 00:00:00+00:00,860.798478317724,860.798478317724,860.798478317724,860.798478317724,
2025-12-31 00:00:00+00:00,863.406482936881,863.406482936881,863.406482936881,863.406482936881,
2026-01-01 00:00:00+00:00,862.929763161791,862.929763161791,862.929763161791,862.929763161791,
2026-01-02 00:00:00+00:00,881.730123120652,881.730123120652,881.730123120652,881.730123120652,
2026-01-03 00:00:00+00:00,878.652320589668,878.652320589668,878.652320589668,878.652320589668,
2026-01-04 00:00:00+00:00,894.158976207235,894.158976207235,894.158976207235,894.158976207235,
2026-01-05 00:00:00+00:00,911.330863385859,911.330863385859,911.330863385859,911.330863385859,
2026-01-06 00:00:00+00:00,917.743058713317,917.743058713317,917.743058713317,917.743058713317,
2026-01-07 00:00:00+00:00,898.835960232777,898.835960232777,898.835960232777,898.835960232777,
2026-01-08 00:00:00+00:00,892.491407101662,892.491407101662,892.491407101662,892.491407101662,
2026-01-09 00:00:00+00:00,895.915658569021,895.915658569021,895.915658569021,895.915658569021,
2026-01-10 00:00:00+00:00,905.509259430922,905.509259430922,905.509259430922,905.509259430922,
2026-01-11 00:00:00+00:00,902.088810092133,902.088810092133,902.088810092133,902.088810092133,
2026-01-12 00:00:00+00:00,905.190536138852,905.190536138852,905.190536138852,905.190536138852,
2026-01-13 00:00:00+00:00,943.275072650587,943.275072650587,943.275072650587,943.275072650587,
2026-01-14 00:00:00+00:00,948.600701005968,948.600701005968,948.600701005968,948.600701005968,
2026-01-15 00:00:00+00:00,930.895406788129,930.895406788129,930.895406788129,930.895406788129,
2026-01-16 00:00:00+00:00,937.67049215101,937.67049215101,937.67049215101,937.67049215101,
2026-01-17 00:00:00+00:00,946.950255422734,946.950255422734,946.950255422734,946.950255422734,
2026-01-18 00:00:00+00:00,938.210251060855,938.210251060855,938.210251060855,938.210251060855,
2026-01-19 00:00:00+00:00,922.882448337569,922.882448337569,922.882448337569,922.882448337569,
2026-01-20 00:00:00+00:00,885.100744683585,885.100744683585,885.100744683585,885.100744683585,
2026-01-21 00:00:00+00:00,884.408893921086,884.408893921086,884.408893921086,884.408893921086,
2026-01-22 00:00:00+00:00,886.444102706827,886.444102706827,886.444102706827,886.444102706827,
2026-01-23 00:00:00+00:00,890.325874965461,890.325874965461,890.325874965461,890.325874965461,
2026-01-24 00:00:00+00:00,886.10659878579,886.10659878579,886.10659878579,886.10659878579,
2026-01-25 00:00:00+00:00,863.524323333651,863.524323333651,863.524323333651,863.524323333651,
2026-01-26 00:00:00+00:00,878.710744750989,878.710744750989,878.710744750989,878.710744750989,
2026-01-27 00:00:00+00:00,898.508131280101,898.508131280101,898.508131280101,898.508131280101,
2026-01-28 00:00:00+00:00,901.36723993983,901.36723993983,901.36723993983,901.36723993983,
2026-01-29 00:00:00+00:00,866.741800176866,866.741800176866,866.741800176866,866.741800176866,
2026-01-30 00:00:00+00:00,856.761173279837,856.761173279837,856.761173279837,856.761173279837,
2026-01-31 00:00:00+00:00,780.07769734328,780.07769734328,780.07769734328,780.07769734328,
2026-02-01 00:00:00+00:00,757.970941415766,757.970941415766,757.970941415766,757.970941415766,
2026-02-02 00:00:00+00:00,774.57554074131,774.57554074131,774.57554074131,774.57554074131,
2026-02-03 00:00:00+00:00,755.267552025271,755.267552025271,755.267552025271,755.267552025271,
2026-02-04 00:00:00+00:00,697.522879956189,697.522879956189,697.522879956189,697.522879956189,
2026-02-05 00:00:00+00:00,612.282220501509,612.282220501509,612.282220501509,612.282220501509,
2026-02-06 00:00:00+00:00,659.00647503469,659.00647503469,659.00647503469,659.00647503469,
2026-02-07 00:00:00+00:00,646.622041099045,646.622041099045,646.622041099045,646.622041099045,
2026-02-08 00:00:00+00:00,640.723145925779,640.723145925779,640.723145925779,640.723145925779,
2026-02-09 00:00:00+00:00,636.925214857223,636.925214857223,636.925214857223,636.925214857223,
2026-02-10 00:00:00+00:00,619.179773218093,619.179773218093,619.179773218093,619.179773218093,
2026-02-11 00:00:00+00:00,606.663577376391,606.663577376391,606.663577376391,606.663577376391,
2026-02-12 00:00:00+00:00,613.442637395466,613.442637395466,613.442637395466,613.442637395466,
2026-02-13 00:00:00+00:00,618.891439396274,618.891439396274,618.891439396274,618.891439396274,
2026-02-14 00:00:00+00:00,632.707593614702,632.707593614702,632.707593614702,632.707593614702,
2026-02-15 00:00:00+00:00,613.674123207559,613.674123207559,613.674123207559,613.674123207559,
2026-02-16 00:00:00+00:00,626.39546419235,626.39546419235,626.39546419235,626.39546419235,
2026-02-17 00:00:00+00:00,617.037120875677,617.037120875677,617.037120875677,617.037120875677,
2026-02-18 00:00:00+00:00,604.297102879483,604.297102879483,604.297102879483,604.297102879483,
2026-02-19 00:00:00+00:00,607.013775698196,607.013775698196,607.013775698196,607.013775698196,
2026-02-20 00:00:00+00:00,625.558693209598,625.558693209598,625.558693209598,625.558693209598,
2026-02-21 00:00:00+00:00,625.773864004381,625.773864004381,625.773864004381,625.773864004381,
2026-02-22 00:00:00+00:00,614.222147974492,614.222147974492,614.222147974492,614.222147974492,
2026-02-23 00:00:00+00:00,596.778733874568,596.778733874568,596.778733874568,596.778733874568,
2026-02-24 00:00:00+00:00,584.436107169666,584.436107169666,584.436107169666,584.436107169666,
2026-02-25 00:00:00+00:00,628.871716738792,628.871716738792,628.871716738792,628.871716738792,
2026-02-26 00:00:00+00:00,625.886014872145,625.886014872145,625.886014872145,625.886014872145,
2026-02-27 00:00:00+00:00,613.731771052248,613.731771052248,613.731771052248,613.731771052248,
2026-02-28 00:00:00+00:00,616.85524536279,616.85524536279,616.85524536279,616.85524536279,
2026-03-01 00:00:00+00:00,618.995708025253,618.995708025253,618.995708025253,618.995708025253,
2026-03-02 00:00:00+00:00,637.985797074282,637.985797074282,637.985797074282,637.985797074282,
2026-03-03 00:00:00+00:00,634.039308024269,634.039308024269,634.039308024269,634.039308024269,
2026-03-04 00:00:00+00:00,658.150951284292,658.150951284292,658.150951284292,658.150951284292,
2026-03-05 00:00:00+00:00,648.244932441357,648.244932441357,648.244932441357,648.244932441357,
2026-03-06 00:00:00+00:00,627.768949225009,627.768949225009,627.768949225009,627.768949225009,
2026-03-07 00:00:00+00:00,620.266500066956,620.266500066956,620.266500066956,620.266500066956,
2026-03-08 00:00:00+00:00,613.142084424699,613.142084424699,613.142084424699,613.142084424699,
2026-03-09 00:00:00+00:00,635.111855977051,635.111855977051,635.111855977051,635.111855977051,
2026-03-10 00:00:00+00:00,641.967296359729,641.967296359729,641.967296359729,641.967296359729,
2026-03-11 00:00:00+00:00,651.730885481981,651.730885481981,651.730885481981,651.730885481981,
2026-03-12 00:00:00+00:00,652.739430003701,652.739430003701,652.739430003701,652.739430003701,
2026-03-13 00:00:00+00:00,655.696143477423,655.696143477423,655.696143477423,655.696143477423,
2026-03-14 00:00:00+00:00,657.389298827054,657.389298827054,657.389298827054,657.389298827054,
2026-03-15 00:00:00+00:00,673.886636767322,673.886636767322,673.886636767322,673.886636767322,
2026-03-16 00:00:00+00:00,679.157105680171,679.157105680171,679.157105680171,679.157105680171,
2026-03-17 00:00:00+00:00,669.751000173451,669.751000173451,669.751000173451,669.751000173451,
2026-03-18 00:00:00+00:00,651.974579681877,651.974579681877,651.974579681877,651.974579681877,
2026-03-19 00:00:00+00:00,639.310098435382,639.310098435382,639.310098435382,639.310098435382,
2026-03-20 00:00:00+00:00,642.11187734558,642.11187734558,642.11187734558,642.11187734558,
2026-03-21 00:00:00+00:00,637.439991485792,637.439991485792,637.439991485792,637.439991485792,
2026-03-22 00:00:00+00:00,627.608073195493,627.608073195493,627.608073195493,627.608073195493,
2026-03-23 00:00:00+00:00,637.796707134997,637.796707134997,637.796707134997,637.796707134997,
2026-03-24 00:00:00+00:00,638.49472532388,638.49472532388,638.49472532388,638.49472532388,
2026-03-25 00:00:00+00:00,647.360545187079,647.360545187079,647.360545187079,647.360545187079,
2026-03-26 00:00:00+00:00,628.444472994293,628.444472994293,628.444472994293,628.444472994293,
2026-03-27 00:00:00+00:00,612.052123924699,612.052123924699,612.052123924699,612.052123924699,
2026-03-28 00:00:00+00:00,611.018392534628,611.018392534628,611.018392534628,611.018392534628,
2026-03-29 00:00:00+00:00,605.466269327092,605.466269327092,605.466269327092,605.466269327092,
2026-03-30 00:00:00+00:00,608.183088508864,608.183088508864,608.183088508864,608.183088508864,
2026-03-31 00:00:00+00:00,616.543091837817,616.543091837817,616.543091837817,616.543091837817,
2026-04-01 00:00:00+00:00,610.732146150336,610.732146150336,610.732146150336,610.732146150336,
2026-04-02 00:00:00+00:00,583.181680307053,583.181680307053,583.181680307053,583.181680307053,
2026-04-03 00:00:00+00:00,587.772657461438,587.772657461438,587.772657461438,587.772657461438,
2026-04-04 00:00:00+00:00,593.240436951372,593.240436951372,593.240436951372,593.240436951372,
2026-04-05 00:00:00+00:00,601.771696709157,601.771696709157,601.771696709157,601.771696709157,
2026-04-06 00:00:00+00:00,599.517746054992,599.517746054992,599.517746054992,599.517746054992,
2026-04-07 00:00:00+00:00,621.443085474662,621.443085474662,621.443085474662,621.443085474662,
2026-04-08 00:00:00+00:00,601.323875676149,601.323875676149,601.323875676149,601.323875676149,
2026-04-09 00:00:00+00:00,603.21011774963,603.21011774963,603.21011774963,603.21011774963,
2026-04-10 00:00:00+00:00,606.148142266746,606.148142266746,606.148142266746,606.148142266746,
2026-04-11 00:00:00+00:00,607.763699390581,607.763699390581,607.763699390581,607.763699390581,
2026-04-12 00:00:00+00:00,591.900686661622,591.900686661622,591.900686661622,591.900686661622,
2026-04-13 00:00:00+00:00,615.915613870123,615.915613870123,615.915613870123,615.915613870123,
2026-04-14 00:00:00+00:00,614.323447098768,614.323447098768,614.323447098768,614.323447098768,
2026-04-15 00:00:00+00:00,622.530771807246,622.530771807246,622.530771807246,622.530771807246,
2026-04-16 00:00:00+00:00,635.626899573324,635.626899573324,635.626899573324,635.626899573324,
2026-04-17 00:00:00+00:00,643.203857755886,643.203857755886,643.203857755886,643.203857755886,
2026-04-18 00:00:00+00:00,630.707632499606,630.707632499606,630.707632499606,630.707632499606,
2026-04-19 00:00:00+00:00,616.827428310195,616.827428310195,616.827428310195,616.827428310195,
2026-04-20 00:00:00+00:00,628.959904539204,628.959904539204,628.959904539204,628.959904539204,
2026-04-21 00:00:00+00:00,631.066334865498,631.066334865498,631.066334865498,631.066334865498,
2026-04-22 00:00:00+00:00,638.375164328236,638.375164328236,638.375164328236,638.375164328236,
2026-04-23 00:00:00+00:00,638.505498551738,638.505498551738,638.505498551738,638.505498551738,
2026-04-24 00:00:00+00:00,636.574191325089,636.574191325089,636.574191325089,636.574191325089,
2026-04-25 00:00:00+00:00,629.041699559625,629.041699559625,629.041699559625,629.041699559625,
2026-04-26 00:00:00+00:00,635.73030206746,635.73030206746,635.73030206746,635.73030206746,
2026-04-27 00:00:00+00:00,626.097753995049,626.097753995049,626.097753995049,626.097753995049,
2026-04-28 00:00:00+00:00,623.914169372168,623.914169372168,623.914169372168,623.914169372168,
2026-04-29 00:00:00+00:00,617.303655035872,617.303655035872,617.303655035872,617.303655035872,
2026-04-30 00:00:00+00:00,614.976193476457,614.976193476457,614.976193476457,614.976193476457,
2026-05-01 00:00:00+00:00,615.176340540316,615.176340540316,615.176340540316,615.176340540316,
2026-05-02 00:00:00+00:00,618.259282221288,618.259282221288,618.259282221288,618.259282221288,
2026-05-03 00:00:00+00:00,618.234106581874,618.234106581874,618.234106581874,618.234106581874,
2026-05-04 00:00:00+00:00,622.926386748535,622.926386748535,622.926386748535,622.926386748535,
2026-05-05 00:00:00+00:00,630.522967245217,630.522967245217,630.522967245217,630.522967245217,
2026-05-06 00:00:00+00:00,647.275742462848,647.275742462848,647.275742462848,647.275742462848,
2026-05-07 00:00:00+00:00,636.725554034278,636.725554034278,636.725554034278,636.725554034278,
2026-05-08 00:00:00+00:00,648.780024660027,648.780024660027,648.780024660027,648.780024660027,
2026-05-09 00:00:00+00:00,649.769985902222,649.769985902222,649.769985902222,649.769985902222,
2026-05-10 00:00:00+00:00,664.683836081027,664.683836081027,664.683836081027,664.683836081027,
2026-05-11 00:00:00+00:00,670.147088045742,670.147088045742,670.147088045742,670.147088045742,
2026-05-12 00:00:00+00:00,664.748888441412,664.748888441412,664.748888441412,664.748888441412,
2026-05-13 00:00:00+00:00,671.725836603887,671.725836603887,671.725836603887,671.725836603887,
2026-05-14 00:00:00+00:00,678.50855364569,678.50855364569,678.50855364569,678.50855364569,
2026-05-15 00:00:00+00:00,671.887955731335,671.887955731335,671.887955731335,671.887955731335,
2026-05-16 00:00:00+00:00,656.16974097602,656.16974097602,656.16974097602,656.16974097602,
2026-05-17 00:00:00+00:00,648.822295766777,648.822295766777,648.822295766777,648.822295766777,
2026-05-18 00:00:00+00:00,643.460693912181,643.460693912181,643.460693912181,643.460693912181,
2026-05-19 00:00:00+00:00,639.761244417895,639.761244417895,639.761244417895,639.761244417895,
2026-05-20 00:00:00+00:00,648.317132387771,648.317132387771,648.317132387771,648.317132387771,
2026-05-21 00:00:00+00:00,657.402875281484,657.402875281484,657.402875281484,657.402875281484,
2026-05-22 00:00:00+00:00,650.158289869199,650.158289869199,650.158289869199,650.158289869199,
2026-05-23 00:00:00+00:00,655.774562128537,655.774562128537,655.774562128537,655.774562128537,
2026-05-24 00:00:00+00:00,,,,,
