timestamp,open,high,low,close,volume
2017-01-01 00:00:00+00:00,997.257357977791,997.257357977791,997.257357977791,997.257357977791,
2017-01-02 00:00:00+00:00,1017.07788609001,1017.07788609001,1017.07788609001,1017.07788609001,
2017-01-03 00:00:00+00:00,1032.60905318527,1032.60905318527,1032.60905318527,1032.60905318527,
2017-01-04 00:00:00+00:00,1134.49644535359,1134.49644535359,1134.49644535359,1134.49644535359,
2017-01-05 00:00:00+00:00,1000.49812893045,1000.49812893045,1000.49812893045,1000.49812893045,
2017-01-06 00:00:00+00:00,892.463955639977,892.463955639977,892.463955639977,892.463955639977,
2017-01-07 00:00:00+00:00,903.453283635301,903.453283635301,903.453283635301,903.453283635301,
2017-01-08 00:00:00+00:00,912.484997077732,912.484997077732,912.484997077732,912.484997077732,
2017-01-09 00:00:00+00:00,903.508666803039,903.508666803039,903.508666803039,903.508666803039,
2017-01-10 00:00:00+00:00,906.498947399182,906.498947399182,906.498947399182,906.498947399182,
2017-01-11 00:00:00+00:00,788.314655990649,788.314655990649,788.314655990649,788.314655990649,
2017-01-12 00:00:00+00:00,807.109833547633,807.109833547633,807.109833547633,807.109833547633,
2017-01-13 00:00:00+00:00,826.746927410871,826.746927410871,826.746927410871,826.746927410871,
2017-01-14 00:00:00+00:00,820.045157276447,820.045157276447,820.045157276447,820.045157276447,
2017-01-15 00:00:00+00:00,824.547065166569,824.547065166569,824.547065166569,824.547065166569,
2017-01-16 00:00:00+00:00,830.838035067212,830.838035067212,830.838035067212,830.838035067212,
2017-01-17 00:00:00+00:00,906.026828112215,906.026828112215,906.026828112215,906.026828112215,
2017-01-18 00:00:00+00:00,881.259815371128,881.259815371128,881.259815371128,881.259815371128,
2017-01-19 00:00:00+00:00,902.263869959088,902.263869959088,902.263869959088,902.263869959088,
2017-01-20 00:00:00+00:00,895.174516189363,895.174516189363,895.174516189363,895.174516189363,
2017-01-21 00:00:00+00:00,924.46825949737,924.46825949737,924.46825949737,924.46825949737,
2017-01-22 00:00:00+00:00,922.467077381648,922.467077381648,922.467077381648,922.467077381648,
2017-01-23 00:00:00+00:00,919.115744126242,919.115744126242,919.115744126242,919.115744126242,
2017-01-24 00:00:00+00:00,887.743193804792,887.743193804792,887.743193804792,887.743193804792,
2017-01-25 00:00:00+00:00,895.690033255406,895.690033255406,895.690033255406,895.690033255406,
2017-01-26 00:00:00+00:00,916.6674685564,916.6674685564,916.6674685564,916.6674685564,
2017-01-27 00:00:00+00:00,920.454463471654,920.454463471654,920.454463471654,920.454463471654,
2017-01-28 00:00:00+00:00,922.774948568089,922.774948568089,922.774948568089,922.774948568089,
2017-01-29 00:00:00+00:00,915.63202314436,915.63202314436,915.63202314436,915.63202314436,
2017-01-30 00:00:00+00:00,920.313260783168,920.313260783168,920.313260783168,920.313260783168,
2017-01-31 00:00:00+00:00,968.499105669199,968.499105669199,968.499105669199,968.499105669199,
2017-02-01 00:00:00+00:00,987.532590414962,987.532590414962,987.532590414962,987.532590414962,
2017-02-02 00:00:00+00:00,1007.7043659848,1007.7043659848,1007.7043659848,1007.7043659848,
2017-02-03 00:00:00+00:00,1015.30203945061,1015.30203945061,1015.30203945061,1015.30203945061,
2017-02-04 00:00:00+00:00,1033.78597299825,1033.78597299825,1033.78597299825,1033.78597299825,
2017-02-05 00:00:00+00:00,1014.56787574518,1014.56787574518,1014.56787574518,1014.56787574518,
2017-02-06 00:00:00+00:00,1023.3174811806,1023.3174811806,1023.3174811806,1023.3174811806,
2017-02-07 00:00:00+00:00,1053.62445902981,1053.62445902981,1053.62445902981,1053.62445902981,
2017-02-08 00:00:00+00:00,1052.36764535359,1052.36764535359,1052.36764535359,1052.36764535359,
2017-02-09 00:00:00+00:00,982.751939450614,982.751939450614,982.751939450614,982.751939450614,
2017-02-10 00:00:00+00:00,996.650153126827,996.650153126827,996.650153126827,996.650153126827,
2017-02-11 00:00:00+00:00,1011.37532220923,1011.37532220923,1011.37532220923,1011.37532220923,
2017-02-12 00:00:00+00:00,1006.29646487434,1006.29646487434,1006.29646487434,1006.29646487434,
2017-02-13 00:00:00+00:00,999.953184979545,999.953184979545,999.953184979545,999.953184979545,
2017-02-14 00:00:00+00:00,1012.2134635301,1012.2134635301,1012.2134635301,1012.2134635301,
2017-02-15 00:00:00+00:00,1013.90384050263,1013.90384050263,1013.90384050263,1013.90384050263,
2017-02-16 00:00:00+00:00,1036.80686475745,1036.80686475745,1036.80686475745,1036.80686475745,
2017-02-17 00:00:00+00:00,1058.66992033898,1058.66992033898,1058.66992033898,1058.66992033898,
2017-02-18 00:00:00+00:00,1060.66880488019,1060.66880488019,1060.66880488019,1060.66880488019,
2017-02-19 00:00:00+00:00,1058.78640035067,1058.78640035067,1058.78640035067,1058.78640035067,
2017-02-20 00:00:00+00:00,1088.68842922268,1088.68842922268,1088.68842922268,1088.68842922268,
2017-02-21 00:00:00+00:00,1128.85529316189,1128.85529316189,1128.85529316189,1128.85529316189,
2017-02-22 00:00:00+00:00,1129.70179064874,1129.70179064874,1129.70179064874,1129.70179064874,
2017-02-23 00:00:00+00:00,1188.86178550555,1188.86178550555,1188.86178550555,1188.86178550555,
2017-02-24 00:00:00+00:00,1185.48889158387,1185.48889158387,1185.48889158387,1185.48889158387,
2017-02-25 00:00:00+00:00,1151.60473687902,1151.60473687902,1151.60473687902,1151.60473687902,
2017-02-26 00:00:00+00:00,1181.71086586791,1181.71086586791,1181.71086586791,1181.71086586791,
2017-02-27 00:00:00+00:00,1194.15245014611,1194.15245014611,1194.15245014611,1194.15245014611,
2017-02-28 00:00:00+00:00,1188.39994073641,1188.39994073641,1188.39994073641,1188.39994073641,
2017-03-01 00:00:00+00:00,1228.45965061368,1228.45965061368,1228.45965061368,1228.45965061368,
2017-03-02 00:00:00+00:00,1262.93146738749,1262.93146738749,1262.93146738749,1262.93146738749,
2017-03-03 00:00:00+00:00,1289.36319111631,1289.36319111631,1289.36319111631,1289.36319111631,
2017-03-04 00:00:00+00:00,1268.94066440678,1268.94066440678,1268.94066440678,1268.94066440678,
2017-03-05 00:00:00+00:00,1276.27368293396,1276.27368293396,1276.27368293396,1276.27368293396,
2017-03-06 00:00:00+00:00,1282.25465663355,1282.25465663355,1282.25465663355,1282.25465663355,
2017-03-07 00:00:00+00:00,1234.47646206897,1234.47646206897,1234.47646206897,1234.47646206897,
2017-03-08 00:00:00+00:00,1152.13938924606,1152.13938924606,1152.13938924606,1152.13938924606,
2017-03-09 00:00:00+00:00,1193.45552659264,1193.45552659264,1193.45552659264,1193.45552659264,
2017-03-10 00:00:00+00:00,1098.53014903565,1098.53014903565,1098.53014903565,1098.53014903565,
2017-03-11 00:00:00+00:00,1176.822921391,1176.822921391,1176.822921391,1176.822921391,
2017-03-12 00:00:00+00:00,1231.74835663355,1231.74835663355,1231.74835663355,1231.74835663355,
2017-03-13 00:00:00+00:00,1239.39629631794,1239.39629631794,1239.39629631794,1239.39629631794,
2017-03-14 00:00:00+00:00,1246.53656487434,1246.53656487434,1246.53656487434,1246.53656487434,
2017-03-15 00:00:00+00:00,1258.65138147282,1258.65138147282,1258.65138147282,1258.65138147282,
2017-03-16 00:00:00+00:00,1178.02075037989,1178.02075037989,1178.02075037989,1178.02075037989,
2017-03-17 00:00:00+00:00,1072.08253816482,1072.08253816482,1072.08253816482,1072.08253816482,
2017-03-18 00:00:00+00:00,962.569056165985,962.569056165985,962.569056165985,962.569056165985,
2017-03-19 00:00:00+00:00,1020.22025353594,1020.22025353594,1020.22025353594,1020.22025353594,
2017-03-20 00:00:00+00:00,1037.7563458796,1037.7563458796,1037.7563458796,1037.7563458796,
2017-03-21 00:00:00+00:00,1111.81826358854,1111.81826358854,1111.81826358854,1111.81826358854,
2017-03-22 00:00:00+00:00,1037.30257013442,1037.30257013442,1037.30257013442,1037.30257013442,
2017-03-23 00:00:00+00:00,1028.17285628288,1028.17285628288,1028.17285628288,1028.17285628288,
2017-03-24 00:00:00+00:00,935.063496201052,935.063496201052,935.063496201052,935.063496201052,
2017-03-25 00:00:00+00:00,968.543329281122,968.543329281122,968.543329281122,968.543329281122,
2017-03-26 00:00:00+00:00,962.95805458796,962.95805458796,962.95805458796,962.95805458796,
2017-03-27 00:00:00+00:00,1042.91919777908,1042.91919777908,1042.91919777908,1042.91919777908,
2017-03-28 00:00:00+00:00,1045.16293161894,1045.16293161894,1045.16293161894,1045.16293161894,
2017-03-29 00:00:00+00:00,1039.68861578025,1039.68861578025,1039.68861578025,1039.68861578025,
2017-03-30 00:00:00+00:00,1037.98766142607,1037.98766142607,1037.98766142607,1037.98766142607,
2017-03-31 00:00:00+00:00,1081.74353109293,1081.74353109293,1081.74353109293,1081.74353109293,
2017-04-01 00:00:00+00:00,1089.52477182934,1089.52477182934,1089.52477182934,1089.52477182934,
2017-04-02 00:00:00+00:00,1105.56295575687,1105.56295575687,1105.56295575687,1105.56295575687,
2017-04-03 00:00:00+00:00,1144.6647710111,1144.6647710111,1144.6647710111,1144.6647710111,
2017-04-04 00:00:00+00:00,1141.92191870251,1141.92191870251,1141.92191870251,1141.92191870251,
2017-04-05 00:00:00+00:00,1135.81164377557,1135.81164377557,1135.81164377557,1135.81164377557,
2017-04-06 00:00:00+00:00,1194.59645938048,1194.59645938048,1194.59645938048,1194.59645938048,
2017-04-07 00:00:00+00:00,1191.73145108124,1191.73145108124,1191.73145108124,1191.73145108124,
2017-04-08 00:00:00+00:00,1184.41772033898,1184.41772033898,1184.41772033898,1184.41772033898,
2017-04-09 00:00:00+00:00,1213.63413980129,1213.63413980129,1213.63413980129,1213.63413980129,
2017-04-10 00:00:00+00:00,1211.64987621274,1211.64987621274,1211.64987621274,1211.64987621274,
2017-04-11 00:00:00+00:00,1229.78493290473,1229.78493290473,1229.78493290473,1229.78493290473,
2017-04-12 00:00:00+00:00,1216.11436785506,1216.11436785506,1216.11436785506,1216.11436785506,
2017-04-13 00:00:00+00:00,1172.5583396844,1172.5583396844,1172.5583396844,1172.5583396844,
2017-04-14 00:00:00+00:00,1174.33323354763,1174.33323354763,1174.33323354763,1174.33323354763,
2017-04-15 00:00:00+00:00,1175.56218901227,1175.56218901227,1175.56218901227,1175.56218901227,
2017-04-16 00:00:00+00:00,1173.6913798948,1173.6913798948,1173.6913798948,1173.6913798948,
2017-04-17 00:00:00+00:00,1191.90120146113,1191.90120146113,1191.90120146113,1191.90120146113,
2017-04-18 00:00:00+00:00,1202.13145803624,1202.13145803624,1202.13145803624,1202.13145803624,
2017-04-19 00:00:00+00:00,1209.56090888369,1209.56090888369,1209.56090888369,1209.56090888369,
2017-04-20 00:00:00+00:00,1235.80307451783,1235.80307451783,1235.80307451783,1235.80307451783,
2017-04-21 00:00:00+00:00,1247.33607025132,1247.33607025132,1247.33607025132,1247.33607025132,
2017-04-22 00:00:00+00:00,1243.55039257744,1243.55039257744,1243.55039257744,1243.55039257744,
2017-04-23 00:00:00+00:00,1250.00148322618,1250.00148322618,1250.00148322618,1250.00148322618,
2017-04-24 00:00:00+00:00,1257.23944225599,1257.23944225599,1257.23944225599,1257.23944225599,
2017-04-25 00:00:00+00:00,1279.86471741672,1279.86471741672,1279.86471741672,1279.86471741672,
2017-04-26 00:00:00+00:00,1296.48545745178,1296.48545745178,1296.48545745178,1296.48545745178,
2017-04-27 00:00:00+00:00,1345.8899556692,1345.8899556692,1345.8899556692,1345.8899556692,
2017-04-28 00:00:00+00:00,1347.98515552309,1347.98515552309,1347.98515552309,1347.98515552309,
2017-04-29 00:00:00+00:00,1357.71525341905,1357.71525341905,1357.71525341905,1357.71525341905,
2017-04-30 00:00:00+00:00,1381.9563722969,1381.9563722969,1381.9563722969,1381.9563722969,
2017-05-01 00:00:00+00:00,1436.9414880187,1436.9414880187,1436.9414880187,1436.9414880187,
2017-05-02 00:00:00+00:00,1463.81906846873,1463.81906846873,1463.81906846873,1463.81906846873,
2017-05-03 00:00:00+00:00,1519.40894447691,1519.40894447691,1519.40894447691,1519.40894447691,
2017-05-04 00:00:00+00:00,1539.8300515488,1539.8300515488,1539.8300515488,1539.8300515488,
2017-05-05 00:00:00+00:00,1529.85044301578,1529.85044301578,1529.85044301578,1529.85044301578,
2017-05-06 00:00:00+00:00,1573.28550961426,1573.28550961426,1573.28550961426,1573.28550961426,
2017-05-07 00:00:00+00:00,1526.26777171245,1526.26777171245,1526.26777171245,1526.26777171245,
2017-05-08 00:00:00+00:00,1685.08649631794,1685.08649631794,1685.08649631794,1685.08649631794,
2017-05-09 00:00:00+00:00,1719.22801355932,1719.22801355932,1719.22801355932,1719.22801355932,
2017-05-10 00:00:00+00:00,1782.499,1782.499,1782.499,1782.499,
2017-05-11 00:00:00+00:00,1835.48754821742,1835.48754821742,1835.48754821742,1835.48754821742,
2017-05-12 00:00:00+00:00,1704.66164108708,1704.66164108708,1704.66164108708,1704.66164108708,
2017-05-13 00:00:00+00:00,1779.84025669199,1779.84025669199,1779.84025669199,1779.84025669199,
2017-05-14 00:00:00+00:00,1794.59355055523,1794.59355055523,1794.59355055523,1794.59355055523,
2017-05-15 00:00:00+00:00,1736.88284611338,1736.88284611338,1736.88284611338,1736.88284611338,
2017-05-16 00:00:00+00:00,1757.02694856809,1757.02694856809,1757.02694856809,1757.02694856809,
2017-05-17 00:00:00+00:00,1808.74606469901,1808.74606469901,1808.74606469901,1808.74606469901,
2017-05-18 00:00:00+00:00,1894.24726455289,1894.24726455289,1894.24726455289,1894.24726455289,
2017-05-19 00:00:00+00:00,1967.54554769141,1967.54554769141,1967.54554769141,1967.54554769141,
2017-05-20 00:00:00+00:00,2048.11767799532,2048.11767799532,2048.11767799532,2048.11767799532,
2017-05-21 00:00:00+00:00,2045.22249316189,2045.22249316189,2045.22249316189,2045.22249316189,
2017-05-22 00:00:00+00:00,2078.94350002922,2078.94350002922,2078.94350002922,2078.94350002922,
2017-05-23 00:00:00+00:00,2257.28836382233,2257.28836382233,2257.28836382233,2257.28836382233,
2017-05-24 00:00:00+00:00,2415.00722665108,2415.00722665108,2415.00722665108,2415.00722665108,
2017-05-25 00:00:00+00:00,2319.60137866745,2319.60137866745,2319.60137866745,2319.60137866745,
2017-05-26 00:00:00+00:00,2279.4185836353,2279.4185836353,2279.4185836353,2279.4185836353,
2017-05-27 00:00:00+00:00,2044.30049982466,2044.30049982466,2044.30049982466,2044.30049982466,
2017-05-28 00:00:00+00:00,2225.7008666277,2225.7008666277,2225.7008666277,2225.7008666277,
2017-05-29 00:00:00+00:00,2284.71579748685,2284.71579748685,2284.71579748685,2284.71579748685,
2017-05-30 00:00:00+00:00,2167.26447790766,2167.26447790766,2167.26447790766,2167.26447790766,
2017-05-31 00:00:00+00:00,2299.43261025716,2299.43261025716,2299.43261025716,2299.43261025716,
2017-06-01 00:00:00+00:00,2399.88763194039,2399.88763194039,2399.88763194039,2399.88763194039,
2017-06-02 00:00:00+00:00,2479.4238943308,2479.4238943308,2479.4238943308,2479.4238943308,
2017-06-03 00:00:00+00:00,2549.55195151958,2549.55195151958,2549.55195151958,2549.55195151958,
2017-06-04 00:00:00+00:00,2524.99383354763,2524.99383354763,2524.99383354763,2524.99383354763,
2017-06-05 00:00:00+00:00,2685.31891671537,2685.31891671537,2685.31891671537,2685.31891671537,
2017-06-06 00:00:00+00:00,2871.34167735243,2871.34167735243,2871.34167735243,2871.34167735243,
2017-06-07 00:00:00+00:00,2706.76000885447,2706.76000885447,2706.76000885447,2706.76000885447,
2017-06-08 00:00:00+00:00,2802.56354681473,2802.56354681473,2802.56354681473,2802.56354681473,
2017-06-09 00:00:00+00:00,2804.87226691993,2804.87226691993,2804.87226691993,2804.87226691993,
2017-06-10 00:00:00+00:00,2916.3278597896,2916.3278597896,2916.3278597896,2916.3278597896,
2017-06-11 00:00:00+00:00,2974.21455920514,2974.21455920514,2974.21455920514,2974.21455920514,
2017-06-12 00:00:00+00:00,2665.43326995909,2665.43326995909,2665.43326995909,2665.43326995909,
2017-06-13 00:00:00+00:00,2707.13782402104,2707.13782402104,2707.13782402104,2707.13782402104,
2017-06-14 00:00:00+00:00,2443.82445137347,2443.82445137347,2443.82445137347,2443.82445137347,
2017-06-15 00:00:00+00:00,2409.886764173,2409.886764173,2409.886764173,2409.886764173,
2017-06-16 00:00:00+00:00,2476.35909538282,2476.35909538282,2476.35909538282,2476.35909538282,
2017-06-17 00:00:00+00:00,2652.75536335476,2652.75536335476,2652.75536335476,2652.75536335476,
2017-06-18 00:00:00+00:00,2508.21420742256,2508.21420742256,2508.21420742256,2508.21420742256,
2017-06-19 00:00:00+00:00,2589.64221338399,2589.64221338399,2589.64221338399,2589.64221338399,
2017-06-20 00:00:00+00:00,2733.22655628288,2733.22655628288,2733.22655628288,2733.22655628288,
2017-06-21 00:00:00+00:00,2639.26131420222,2639.26131420222,2639.26131420222,2639.26131420222,
2017-06-22 00:00:00+00:00,2686.64751431911,2686.64751431911,2686.64751431911,2686.64751431911,
2017-06-23 00:00:00+00:00,2685.87047101111,2685.87047101111,2685.87047101111,2685.87047101111,
2017-06-24 00:00:00+00:00,2562.18914874342,2562.18914874342,2562.18914874342,2562.18914874342,
2017-06-25 00:00:00+00:00,2497.72894137931,2497.72894137931,2497.72894137931,2497.72894137931,
2017-06-26 00:00:00+00:00,2426.36505119813,2426.36505119813,2426.36505119813,2426.36505119813,
2017-06-27 00:00:00+00:00,2530.34553600234,2530.34553600234,2530.34553600234,2530.34553600234,
2017-06-28 00:00:00+00:00,2562.79226420222,2562.79226420222,2562.79226420222,2562.79226420222,
2017-06-29 00:00:00+00:00,2540.44303161894,2540.44303161894,2540.44303161894,2540.44303161894,
2017-06-30 00:00:00+00:00,2452.71206428989,2452.71206428989,2452.71206428989,2452.71206428989,
2017-07-01 00:00:00+00:00,2412.3662131502,2412.3662131502,2412.3662131502,2412.3662131502,
2017-07-02 00:00:00+00:00,2518.8721873758,2518.8721873758,2518.8721873758,2518.8721873758,
2017-07-03 00:00:00+00:00,2551.92743173583,2551.92743173583,2551.92743173583,2551.92743173583,
2017-07-04 00:00:00+00:00,2599.74474991233,2599.74474991233,2599.74474991233,2599.74474991233,
2017-07-05 00:00:00+00:00,2608.10489117475,2608.10489117475,2608.10489117475,2608.10489117475,
2017-07-06 00:00:00+00:00,2603.19547369959,2603.19547369959,2603.19547369959,2603.19547369959,
2017-07-07 00:00:00+00:00,2495.78092220923,2495.78092220923,2495.78092220923,2495.78092220923,
2017-07-08 00:00:00+00:00,2553.4941581239,2553.4941581239,2553.4941581239,2553.4941581239,
2017-07-09 00:00:00+00:00,2506.17321355932,2506.17321355932,2506.17321355932,2506.17321355932,
2017-07-10 00:00:00+00:00,2319.36689736996,2319.36689736996,2319.36689736996,2319.36689736996,
2017-07-11 00:00:00+00:00,2319.16744061952,2319.16744061952,2319.16744061952,2319.16744061952,
2017-07-12 00:00:00+00:00,2374.88626645237,2374.88626645237,2374.88626645237,2374.88626645237,
2017-07-13 00:00:00+00:00,2343.73834824664,2343.73834824664,2343.73834824664,2343.73834824664,
2017-07-14 00:00:00+00:00,2214.82523728814,2214.82523728814,2214.82523728814,2214.82523728814,
2017-07-15 00:00:00+00:00,1989.63319023963,1989.63319023963,1989.63319023963,1989.63319023963,
2017-07-16 00:00:00+00:00,1910.74954161309,1910.74954161309,1910.74954161309,1910.74954161309,
2017-07-17 00:00:00+00:00,2215.74629614261,2215.74629614261,2215.74629614261,2215.74629614261,
2017-07-18 00:00:00+00:00,2303.7611458796,2303.7611458796,2303.7611458796,2303.7611458796,
2017-07-19 00:00:00+00:00,2257.06523588545,2257.06523588545,2257.06523588545,2257.06523588545,
2017-07-20 00:00:00+00:00,2823.89792635885,2823.89792635885,2823.89792635885,2823.89792635885,
2017-07-21 00:00:00+00:00,2666.1397182934,2666.1397182934,2666.1397182934,2666.1397182934,
2017-07-22 00:00:00+00:00,2829.75405496786,2829.75405496786,2829.75405496786,2829.75405496786,
2017-07-23 00:00:00+00:00,2753.24386493279,2753.24386493279,2753.24386493279,2753.24386493279,
2017-07-24 00:00:00+00:00,2755.1595242256,2755.1595242256,2755.1595242256,2755.1595242256,
2017-07-25 00:00:00+00:00,2558.69299894798,2558.69299894798,2558.69299894798,2558.69299894798,
2017-07-26 00:00:00+00:00,2522.32464628872,2522.32464628872,2522.32464628872,2522.32464628872,
2017-07-27 00:00:00+00:00,2665.14754649328,2665.14754649328,2665.14754649328,2665.14754649328,
2017-07-28 00:00:00+00:00,2793.83348486265,2793.83348486265,2793.83348486265,2793.83348486265,
2017-07-29 00:00:00+00:00,2706.4507654588,2706.4507654588,2706.4507654588,2706.4507654588,
2017-07-30 00:00:00+00:00,2749.3845277031,2749.3845277031,2749.3845277031,2749.3845277031,
2017-07-31 00:00:00+00:00,2862.61129088252,2862.61129088252,2862.61129088252,2862.61129088252,
2017-08-01 00:00:00+00:00,2727.38918199883,2727.38918199883,2727.38918199883,2727.38918199883,
2017-08-02 00:00:00+00:00,2690.14567197545,2690.14567197545,2690.14567197545,2690.14567197545,
2017-08-03 00:00:00+00:00,2789.74631244886,2789.74631244886,2789.74631244886,2789.74631244886,
2017-08-04 00:00:00+00:00,2860.27284324956,2860.27284324956,2860.27284324956,2860.27284324956,
2017-08-05 00:00:00+00:00,3237.42336329632,3237.42336329632,3237.42336329632,3237.42336329632,
2017-08-06 00:00:00+00:00,3230.11670894214,3230.11670894214,3230.11670894214,3230.11670894214,
2017-08-07 00:00:00+00:00,3392.56241864407,3392.56241864407,3392.56241864407,3392.56241864407,
2017-08-08 00:00:00+00:00,3425.67661659848,3425.67661659848,3425.67661659848,3425.67661659848,
2017-08-09 00:00:00+00:00,3347.21543161894,3347.21543161894,3347.21543161894,3347.21543161894,
2017-08-10 00:00:00+00:00,3437.03215546464,3437.03215546464,3437.03215546464,3437.03215546464,
2017-08-11 00:00:00+00:00,3660.52053728813,3660.52053728813,3660.52053728813,3660.52053728813,
2017-08-12 00:00:00+00:00,3871.08240619521,3871.08240619521,3871.08240619521,3871.08240619521,
2017-08-13 00:00:00+00:00,4063.80105271771,4063.80105271771,4063.80105271771,4063.80105271771,
2017-08-14 00:00:00+00:00,4304.60393120982,4304.60393120982,4304.60393120982,4304.60393120982,
2017-08-15 00:00:00+00:00,4160.0305458796,4160.0305458796,4160.0305458796,4160.0305458796,
2017-08-16 00:00:00+00:00,4364.67857463472,4364.67857463472,4364.67857463472,4364.67857463472,
2017-08-17 00:00:00+00:00,4308.51686142607,4308.51686142607,4308.51686142607,4308.51686142607,
2017-08-18 00:00:00+00:00,4108.50716218586,4108.50716218586,4108.50716218586,4108.50716218586,
2017-08-19 00:00:00+00:00,4160.33245686733,4160.33245686733,4160.33245686733,4160.33245686733,
2017-08-20 00:00:00+00:00,4085.8103943308,4085.8103943308,4085.8103943308,4085.8103943308,
2017-08-21 00:00:00+00:00,3992.62603524255,3992.62603524255,3992.62603524255,3992.62603524255,
2017-08-22 00:00:00+00:00,4074.33046125073,4074.33046125073,4074.33046125073,4074.33046125073,
2017-08-23 00:00:00+00:00,4146.9153452367,4146.9153452367,4146.9153452367,4146.9153452367,
2017-08-24 00:00:00+00:00,4325.81642799532,4325.81642799532,4325.81642799532,4325.81642799532,
2017-08-25 00:00:00+00:00,4353.13177255991,4353.13177255991,4353.13177255991,4353.13177255991,
2017-08-26 00:00:00+00:00,4341.97871677382,4341.97871677382,4341.97871677382,4341.97871677382,
2017-08-27 00:00:00+00:00,4344.90344476914,4344.90344476914,4344.90344476914,4344.90344476914,
2017-08-28 00:00:00+00:00,4379.76392068966,4379.76392068966,4379.76392068966,4379.76392068966,
2017-08-29 00:00:00+00:00,4600.45683097604,4600.45683097604,4600.45683097604,4600.45683097604,
2017-08-30 00:00:00+00:00,4586.63273670368,4586.63273670368,4586.63273670368,4586.63273670368,
2017-08-31 00:00:00+00:00,4740.35621770894,4740.35621770894,4740.35621770894,4740.35621770894,
2017-09-01 00:00:00+00:00,4918.16624488603,4918.16624488603,4918.16624488603,4918.16624488603,
2017-09-02 00:00:00+00:00,4595.02001782583,4595.02001782583,4595.02001782583,4595.02001782583,
2017-09-03 00:00:00+00:00,4625.296314436,4625.296314436,4625.296314436,4625.296314436,
2017-09-04 00:00:00+00:00,4374.75349649328,4374.75349649328,4374.75349649328,4374.75349649328,
2017-09-05 00:00:00+00:00,4454.05253769725,4454.05253769725,4454.05253769725,4454.05253769725,
2017-09-06 00:00:00+00:00,4607.51652980713,4607.51652980713,4607.51652980713,4607.51652980713,
2017-09-07 00:00:00+00:00,4635.11187580362,4635.11187580362,4635.11187580362,4635.11187580362,
2017-09-08 00:00:00+00:00,4345.45765634132,4345.45765634132,4345.45765634132,4345.45765634132,
2017-09-09 00:00:00+00:00,4335.593449737,4335.593449737,4335.593449737,4335.593449737,
2017-09-10 00:00:00+00:00,4261.84352104033,4261.84352104033,4261.84352104033,4261.84352104033,
2017-09-11 00:00:00+00:00,4212.54757334892,4212.54757334892,4212.54757334892,4212.54757334892,
2017-09-12 00:00:00+00:00,4164.31943424898,4164.31943424898,4164.31943424898,4164.31943424898,
2017-09-13 00:00:00+00:00,3887.11858679135,3887.11858679135,3887.11858679135,3887.11858679135,
2017-09-14 00:00:00+00:00,3247.4687390415,3247.4687390415,3247.4687390415,3247.4687390415,
2017-09-15 00:00:00+00:00,3699.22294389246,3699.22294389246,3699.22294389246,3699.22294389246,
2017-09-16 00:00:00+00:00,3711.23435067212,3711.23435067212,3711.23435067212,3711.23435067212,
2017-09-17 00:00:00+00:00,3711.85620397428,3711.85620397428,3711.85620397428,3711.85620397428,
2017-09-18 00:00:00+00:00,4080.42844301578,4080.42844301578,4080.42844301578,4080.42844301578,
2017-09-19 00:00:00+00:00,3925.73619023963,3925.73619023963,3925.73619023963,3925.73619023963,
2017-09-20 00:00:00+00:00,3895.777078609,3895.777078609,3895.777078609,3895.777078609,
2017-09-21 00:00:00+00:00,3617.24346580947,3617.24346580947,3617.24346580947,3617.24346580947,
2017-09-22 00:00:00+00:00,3619.2137182934,3619.2137182934,3619.2137182934,3619.2137182934,
2017-09-23 00:00:00+00:00,3775.60059409702,3775.60059409702,3775.60059409702,3775.60059409702,
2017-09-24 00:00:00+00:00,3676.89694418469,3676.89694418469,3676.89694418469,3676.89694418469,
2017-09-25 00:00:00+00:00,3918.73807130333,3918.73807130333,3918.73807130333,3918.73807130333,
2017-09-26 00:00:00+00:00,3890.09093687902,3890.09093687902,3890.09093687902,3890.09093687902,
2017-09-27 00:00:00+00:00,4207.78748538866,4207.78748538866,4207.78748538866,4207.78748538866,
2017-09-28 00:00:00+00:00,4187.76979631794,4187.76979631794,4187.76979631794,4187.76979631794,
2017-09-29 00:00:00+00:00,4155.01011981298,4155.01011981298,4155.01011981298,4155.01011981298,
2017-09-30 00:00:00+00:00,4334.54461250731,4334.54461250731,4334.54461250731,4334.54461250731,
2017-10-01 00:00:00+00:00,4382.08689801286,4382.08689801286,4382.08689801286,4382.08689801286,
2017-10-02 00:00:00+00:00,4386.8757150789,4386.8757150789,4386.8757150789,4386.8757150789,
2017-10-03 00:00:00+00:00,4306.56464202221,4306.56464202221,4306.56464202221,4306.56464202221,
2017-10-04 00:00:00+00:00,4216.68482144944,4216.68482144944,4216.68482144944,4216.68482144944,
2017-10-05 00:00:00+00:00,4319.42091583869,4319.42091583869,4319.42091583869,4319.42091583869,
2017-10-06 00:00:00+00:00,4365.91571040327,4365.91571040327,4365.91571040327,4365.91571040327,
2017-10-07 00:00:00+00:00,4438.85593308007,4438.85593308007,4438.85593308007,4438.85593308007,
2017-10-08 00:00:00+00:00,4600.73979661017,4600.73979661017,4600.73979661017,4600.73979661017,
2017-10-09 00:00:00+00:00,4777.53465692577,4777.53465692577,4777.53465692577,4777.53465692577,
2017-10-10 00:00:00+00:00,4741.07791496201,4741.07791496201,4741.07791496201,4741.07791496201,
2017-10-11 00:00:00+00:00,4814.96711805962,4814.96711805962,4814.96711805962,4814.96711805962,
2017-10-12 00:00:00+00:00,5393.66898275862,5393.66898275862,5393.66898275862,5393.66898275862,
2017-10-13 00:00:00+00:00,5614.07751461134,5614.07751461134,5614.07751461134,5614.07751461134,
2017-10-14 00:00:00+00:00,5785.73831502046,5785.73831502046,5785.73831502046,5785.73831502046,
2017-10-15 00:00:00+00:00,5689.86505961426,5689.86505961426,5689.86505961426,5689.86505961426,
2017-10-16 00:00:00+00:00,5756.14881180596,5756.14881180596,5756.14881180596,5756.14881180596,
2017-10-17 00:00:00+00:00,5590.41632437171,5590.41632437171,5590.41632437171,5590.41632437171,
2017-10-18 00:00:00+00:00,5583.8704257744,5583.8704257744,5583.8704257744,5583.8704257744,
2017-10-19 00:00:00+00:00,5708.31299094097,5708.31299094097,5708.31299094097,5708.31299094097,
2017-10-20 00:00:00+00:00,6000.88313033314,6000.88313033314,6000.88313033314,6000.88313033314,
2017-10-21 00:00:00+00:00,6030.20789275278,6030.20789275278,6030.20789275278,6030.20789275278,
2017-10-22 00:00:00+00:00,5996.59813880772,5996.59813880772,5996.59813880772,5996.59813880772,
2017-10-23 00:00:00+00:00,5888.25001665693,5888.25001665693,5888.25001665693,5888.25001665693,
2017-10-24 00:00:00+00:00,5517.77535330216,5517.77535330216,5517.77535330216,5517.77535330216,
2017-10-25 00:00:00+00:00,5736.01780157802,5736.01780157802,5736.01780157802,5736.01780157802,
2017-10-26 00:00:00+00:00,5900.31772910579,5900.31772910579,5900.31772910579,5900.31772910579,
2017-10-27 00:00:00+00:00,5771.94504617183,5771.94504617183,5771.94504617183,5771.94504617183,
2017-10-28 00:00:00+00:00,5762.38857685564,5762.38857685564,5762.38857685564,5762.38857685564,
2017-10-29 00:00:00+00:00,6174.72884482758,6174.72884482758,6174.72884482758,6174.72884482758,
2017-10-30 00:00:00+00:00,6119.25638398597,6119.25638398597,6119.25638398597,6119.25638398597,
2017-10-31 00:00:00+00:00,6428.51463705435,6428.51463705435,6428.51463705435,6428.51463705435,
2017-11-01 00:00:00+00:00,6726.41183459965,6726.41183459965,6726.41183459965,6726.41183459965,
2017-11-02 00:00:00+00:00,7043.77793892461,7043.77793892461,7043.77793892461,7043.77793892461,
2017-11-03 00:00:00+00:00,7198.63211075394,7198.63211075394,7198.63211075394,7198.63211075394,
2017-11-04 00:00:00+00:00,7420.498078609,7420.498078609,7420.498078609,7420.498078609,
2017-11-05 00:00:00+00:00,7371.13902980713,7371.13902980713,7371.13902980713,7371.13902980713,
2017-11-06 00:00:00+00:00,6985.26384395091,6985.26384395091,6985.26384395091,6985.26384395091,
2017-11-07 00:00:00+00:00,7118.20254383402,7118.20254383402,7118.20254383402,7118.20254383402,
2017-11-08 00:00:00+00:00,7451.21278667446,7451.21278667446,7451.21278667446,7451.21278667446,
2017-11-09 00:00:00+00:00,7117.73804967855,7117.73804967855,7117.73804967855,7117.73804967855,
2017-11-10 00:00:00+00:00,6620.56733635301,6620.56733635301,6620.56733635301,6620.56733635301,
2017-11-11 00:00:00+00:00,6346.72144915254,6346.72144915254,6346.72144915254,6346.72144915254,
2017-11-12 00:00:00+00:00,5829.09782758621,5829.09782758621,5829.09782758621,5829.09782758621,
2017-11-13 00:00:00+00:00,6519.44517212157,6519.44517212157,6519.44517212157,6519.44517212157,
2017-11-14 00:00:00+00:00,6592.37439713618,6592.37439713618,6592.37439713618,6592.37439713618,
2017-11-15 00:00:00+00:00,7257.37321215664,7257.37321215664,7257.37321215664,7257.37321215664,
2017-11-16 00:00:00+00:00,7833.7044333723,7833.7044333723,7833.7044333723,7833.7044333723,
2017-11-17 00:00:00+00:00,7729.03327001753,7729.03327001753,7729.03327001753,7729.03327001753,
2017-11-18 00:00:00+00:00,7796.15424108708,7796.15424108708,7796.15424108708,7796.15424108708,
2017-11-19 00:00:00+00:00,8018.32068848626,8018.32068848626,8018.32068848626,8018.32068848626,
2017-11-20 00:00:00+00:00,8269.87425745178,8269.87425745178,8269.87425745178,8269.87425745178,
2017-11-21 00:00:00+00:00,8091.99808357686,8091.99808357686,8091.99808357686,8091.99808357686,
2017-11-22 00:00:00+00:00,8249.59733021625,8249.59733021625,8249.59733021625,8249.59733021625,
2017-11-23 00:00:00+00:00,8071.66982144945,8071.66982144945,8071.66982144945,8071.66982144945,
2017-11-24 00:00:00+00:00,8232.42233313851,8232.42233313851,8232.42233313851,8232.42233313851,
2017-11-25 00:00:00+00:00,8760.1654421391,8760.1654421391,8760.1654421391,8760.1654421391,
2017-11-26 00:00:00+00:00,9319.90331472823,9319.90331472823,9319.90331472823,9319.90331472823,
2017-11-27 00:00:00+00:00,9730.72857948568,9730.72857948568,9730.72857948568,9730.72857948568,
2017-11-28 00:00:00+00:00,9932.19418001169,9932.19418001169,9932.19418001169,9932.19418001169,
2017-11-29 00:00:00+00:00,9800.02755172414,9800.02755172414,9800.02755172414,9800.02755172414,
2017-11-30 00:00:00+00:00,9996.71497194623,9996.71497194623,9996.71497194623,9996.71497194623,
2017-12-01 00:00:00+00:00,10808.9583325541,10808.9583325541,10808.9583325541,10808.9583325541,
2017-12-02 00:00:00+00:00,10934.8599856809,10934.8599856809,10934.8599856809,10934.8599856809,
2017-12-03 00:00:00+00:00,11213.9426554646,11213.9426554646,11213.9426554646,11213.9426554646,
2017-12-04 00:00:00+00:00,11562.1285669199,11562.1285669199,11562.1285669199,11562.1285669199,
2017-12-05 00:00:00+00:00,11736.7540672122,11736.7540672122,11736.7540672122,11736.7540672122,
2017-12-06 00:00:00+00:00,13992.1323372297,13992.1323372297,13992.1323372297,13992.1323372297,
2017-12-07 00:00:00+00:00,17032.2933763881,17032.2933763881,17032.2933763881,17032.2933763881,
2017-12-08 00:00:00+00:00,16298.4873386908,16298.4873386908,16298.4873386908,16298.4873386908,
2017-12-09 00:00:00+00:00,15050.0219541204,15050.0219541204,15050.0219541204,15050.0219541204,
2017-12-10 00:00:00+00:00,15474.9995432496,15474.9995432496,15474.9995432496,15474.9995432496,
2017-12-11 00:00:00+00:00,16873.4977849211,16873.4977849211,16873.4977849211,16873.4977849211,
2017-12-12 00:00:00+00:00,17433.9307381648,17433.9307381648,17433.9307381648,17433.9307381648,
2017-12-13 00:00:00+00:00,16515.15257218,16515.15257218,16515.15257218,16515.15257218,
2017-12-14 00:00:00+00:00,16602.8928033314,16602.8928033314,16602.8928033314,16602.8928033314,
2017-12-15 00:00:00+00:00,17702.0021721216,17702.0021721216,17702.0021721216,17702.0021721216,
2017-12-16 00:00:00+00:00,19640.5138834015,19640.5138834015,19640.5138834015,19640.5138834015,
2017-12-17 00:00:00+00:00,19250.467650789,19250.467650789,19250.467650789,19250.467650789,
2017-12-18 00:00:00+00:00,18982.0250242548,18982.0250242548,18982.0250242548,18982.0250242548,
2017-12-19 00:00:00+00:00,17653.3260894214,17653.3260894214,17653.3260894214,17653.3260894214,
2017-12-20 00:00:00+00:00,16453.6272603741,16453.6272603741,16453.6272603741,16453.6272603741,
2017-12-21 00:00:00+00:00,15633.8336504968,15633.8336504968,15633.8336504968,15633.8336504968,
2017-12-22 00:00:00+00:00,14305.7183436587,14305.7183436587,14305.7183436587,14305.7183436587,
2017-12-23 00:00:00+00:00,14910.8581049094,14910.8581049094,14910.8581049094,14910.8581049094,
2017-12-24 00:00:00+00:00,14026.3468661601,14026.3468661601,14026.3468661601,14026.3468661601,
2017-12-25 00:00:00+00:00,14080.9422600818,14080.9422600818,14080.9422600818,14080.9422600818,
2017-12-26 00:00:00+00:00,15727.1454792519,15727.1454792519,15727.1454792519,15727.1454792519,
2017-12-27 00:00:00+00:00,15389.0005739334,15389.0005739334,15389.0005739334,15389.0005739334,
2017-12-28 00:00:00+00:00,14289.4522095266,14289.4522095266,14289.4522095266,14289.4522095266,
2017-12-29 00:00:00+00:00,14571.7460821157,14571.7460821157,14571.7460821157,14571.7460821157,
2017-12-30 00:00:00+00:00,12948.7158828171,12948.7158828171,12948.7158828171,12948.7158828171,
2017-12-31 00:00:00+00:00,13921.4806414378,13921.4806414378,13921.4806414378,13921.4806414378,
2018-01-01 00:00:00+00:00,13464.6536116306,13464.6536116306,13464.6536116306,13464.6536116306,
2018-01-02 00:00:00+00:00,14754.322204851,14754.322204851,14754.322204851,14754.322204851,
2018-01-03 00:00:00+00:00,15010.2861595558,15010.2861595558,15010.2861595558,15010.2861595558,
2018-01-04 00:00:00+00:00,15070.3007986558,15070.3007986558,15070.3007986558,15070.3007986558,
2018-01-05 00:00:00+00:00,16997.2274079486,16997.2274079486,16997.2274079486,16997.2274079486,
2018-01-06 00:00:00+00:00,17103.589279661,17103.589279661,17103.589279661,17103.589279661,
2018-01-07 00:00:00+00:00,16231.6949994155,16231.6949994155,16231.6949994155,16231.6949994155,
2018-01-08 00:00:00+00:00,14937.4150894214,14937.4150894214,14937.4150894214,14937.4150894214,
2018-01-09 00:00:00+00:00,14378.5862174167,14378.5862174167,14378.5862174167,14378.5862174167,
2018-01-10 00:00:00+00:00,14669.0882656341,14669.0882656341,14669.0882656341,14669.0882656341,
2018-01-11 00:00:00+00:00,13186.7549427236,13186.7549427236,13186.7549427236,13186.7549427236,
2018-01-12 00:00:00+00:00,13789.4436639392,13789.4436639392,13789.4436639392,13789.4436639392,
2018-01-13 00:00:00+00:00,14231.2250645821,14231.2250645821,14231.2250645821,14231.2250645821,
2018-01-14 00:00:00+00:00,13681.0654611338,13681.0654611338,13681.0654611338,13681.0654611338,
2018-01-15 00:00:00+00:00,13591.6961966686,13591.6961966686,13591.6961966686,13591.6961966686,
2018-01-16 00:00:00+00:00,11431.0401052016,11431.0401052016,11431.0401052016,11431.0401052016,
2018-01-17 00:00:00+00:00,11159.6085905903,11159.6085905903,11159.6085905903,11159.6085905903,
2018-01-18 00:00:00+00:00,11246.0397302747,11246.0397302747,11246.0397302747,11246.0397302747,
2018-01-19 00:00:00+00:00,11440.2555616598,11440.2555616598,11440.2555616598,11440.2555616598,
2018-01-20 00:00:00+00:00,12768.4045856224,12768.4045856224,12768.4045856224,12768.4045856224,
2018-01-21 00:00:00+00:00,11422.3942589129,11422.3942589129,11422.3942589129,11422.3942589129,
2018-01-22 00:00:00+00:00,10737.3505774401,10737.3505774401,10737.3505774401,10737.3505774401,
2018-01-23 00:00:00+00:00,10849.3918793103,10849.3918793103,10849.3918793103,10849.3918793103,
2018-01-24 00:00:00+00:00,11225.8961747516,11225.8961747516,11225.8961747516,11225.8961747516,
2018-01-25 00:00:00+00:00,11130.4649473992,11130.4649473992,11130.4649473992,11130.4649473992,
2018-01-26 00:00:00+00:00,11035.5546098773,11035.5546098773,11035.5546098773,11035.5546098773,
2018-01-27 00:00:00+00:00,11320.9701852718,11320.9701852718,11320.9701852718,11320.9701852718,
2018-01-28 00:00:00+00:00,11615.95871128,11615.95871128,11615.95871128,11615.95871128,
2018-01-29 00:00:00+00:00,11132.5543138515,11132.5543138515,11132.5543138515,11132.5543138515,
2018-01-30 00:00:00+00:00,9959.54671537113,9959.54671537113,9959.54671537113,9959.54671537113,
2018-01-31 00:00:00+00:00,10050.0957971946,10050.0957971946,10050.0957971946,10050.0957971946,
2018-02-01 00:00:00+00:00,9039.86507510228,9039.86507510228,9039.86507510228,9039.86507510228,
2018-02-02 00:00:00+00:00,8786.0773798948,8786.0773798948,8786.0773798948,8786.0773798948,
2018-02-03 00:00:00+00:00,9132.10032232613,9132.10032232613,9132.10032232613,9132.10032232613,
2018-02-04 00:00:00+00:00,8250.52689596727,8250.52689596727,8250.52689596727,8250.52689596727,
2018-02-05 00:00:00+00:00,6849.54255932203,6849.54255932203,6849.54255932203,6849.54255932203,
2018-02-06 00:00:00+00:00,7738.64395967271,7738.64395967271,7738.64395967271,7738.64395967271,
2018-02-07 00:00:00+00:00,7624.59538953828,7624.59538953828,7624.59538953828,7624.59538953828,
2018-02-08 00:00:00+00:00,8218.58085184103,8218.58085184103,8218.58085184103,8218.58085184103,
2018-02-09 00:00:00+00:00,8660.45346785505,8660.45346785505,8660.45346785505,8660.45346785505,
2018-02-10 00:00:00+00:00,8530.29280479252,8530.29280479252,8530.29280479252,8530.29280479252,
2018-02-11 00:00:00+00:00,8096.72848129749,8096.72848129749,8096.72848129749,8096.72848129749,
2018-02-12 00:00:00+00:00,8907.67017913501,8907.67017913501,8907.67017913501,8907.67017913501,
2018-02-13 00:00:00+00:00,8523.96693191116,8523.96693191116,8523.96693191116,8523.96693191116,
2018-02-14 00:00:00+00:00,9467.3010327294,9467.3010327294,9467.3010327294,9467.3010327294,
2018-02-15 00:00:00+00:00,10106.7330835769,10106.7330835769,10106.7330835769,10106.7330835769,
2018-02-16 00:00:00+00:00,10189.3164833431,10189.3164833431,10189.3164833431,10189.3164833431,
2018-02-17 00:00:00+00:00,11085.5984143776,11085.5984143776,11085.5984143776,11085.5984143776,
2018-02-18 00:00:00+00:00,10452.0919772063,10452.0919772063,10452.0919772063,10452.0919772063,
2018-02-19 00:00:00+00:00,11139.3557305669,11139.3557305669,11139.3557305669,11139.3557305669,
2018-02-20 00:00:00+00:00,11245.9323179427,11245.9323179427,11245.9323179427,11245.9323179427,
2018-02-21 00:00:00+00:00,10458.8650888369,10458.8650888369,10458.8650888369,10458.8650888369,
2018-02-22 00:00:00+00:00,9878.15894272355,9878.15894272355,9878.15894272355,9878.15894272355,
2018-02-23 00:00:00+00:00,10159.0656125073,10159.0656125073,10159.0656125073,10159.0656125073,
2018-02-24 00:00:00+00:00,9686.60177995325,9686.60177995325,9686.60177995325,9686.60177995325,
2018-02-25 00:00:00+00:00,9603.22747749854,9603.22747749854,9603.22747749854,9603.22747749854,
2018-02-26 00:00:00+00:00,10312.3657130333,10312.3657130333,10312.3657130333,10312.3657130333,
2018-02-27 00:00:00+00:00,10654.1072948568,10654.1072948568,10654.1072948568,10654.1072948568,
2018-02-28 00:00:00+00:00,10307.0249663939,10307.0249663939,10307.0249663939,10307.0249663939,
2018-03-01 00:00:00+00:00,10923.6308617767,10923.6308617767,10923.6308617767,10923.6308617767,
2018-03-02 00:00:00+00:00,11014.0584672706,11014.0584672706,11014.0584672706,11014.0584672706,
2018-03-03 00:00:00+00:00,11425.6805654588,11425.6805654588,11425.6805654588,11425.6805654588,
2018-03-04 00:00:00+00:00,11462.5831975453,11462.5831975453,11462.5831975453,11462.5831975453,
2018-03-05 00:00:00+00:00,11540.6623205728,11540.6623205728,11540.6623205728,11540.6623205728,
2018-03-06 00:00:00+00:00,10677.0352308591,10677.0352308591,10677.0352308591,10677.0352308591,
2018-03-07 00:00:00+00:00,9903.0850490941,9903.0850490941,9903.0850490941,9903.0850490941,
2018-03-08 00:00:00+00:00,9330.47545295149,9330.47545295149,9330.47545295149,9330.47545295149,
2018-03-09 00:00:00+00:00,9278.13918439509,9278.13918439509,9278.13918439509,9278.13918439509,
2018-03-10 00:00:00+00:00,8786.56042314436,8786.56042314436,8786.56042314436,8786.56042314436,
2018-03-11 00:00:00+00:00,9513.53539976622,9513.53539976622,9513.53539976622,9513.53539976622,
2018-03-12 00:00:00+00:00,9147.89018059615,9147.89018059615,9147.89018059615,9147.89018059615,
2018-03-13 00:00:00+00:00,9160.54293278784,9160.54293278784,9160.54293278784,9160.54293278784,
2018-03-14 00:00:00+00:00,8222.12723904149,8222.12723904149,8222.12723904149,8222.12723904149,
2018-03-15 00:00:00+00:00,8268.58912244302,8268.58912244302,8268.58912244302,8268.58912244302,
2018-03-16 00:00:00+00:00,8376.90449824664,8376.90449824664,8376.90449824664,8376.90449824664,
2018-03-17 00:00:00+00:00,7881.66192051432,7881.66192051432,7881.66192051432,7881.66192051432,
2018-03-18 00:00:00+00:00,8189.01671917008,8189.01671917008,8189.01671917008,8189.01671917008,
2018-03-19 00:00:00+00:00,8537.0156233197,8537.0156233197,8537.0156233197,8537.0156233197,
2018-03-20 00:00:00+00:00,8895.54717913501,8895.54717913501,8895.54717913501,8895.54717913501,
2018-03-21 00:00:00+00:00,8879.5942565751,8879.5942565751,8879.5942565751,8879.5942565751,
2018-03-22 00:00:00+00:00,8710.66493512566,8710.66493512566,8710.66493512566,8710.66493512566,
2018-03-23 00:00:00+00:00,8771.74632349503,8771.74632349503,8771.74632349503,8771.74632349503,
2018-03-24 00:00:00+00:00,8610.9885163647,8610.9885163647,8610.9885163647,8610.9885163647,
2018-03-25 00:00:00+00:00,8440.61092255991,8440.61092255991,8440.61092255991,8440.61092255991,
2018-03-26 00:00:00+00:00,8171.18435447107,8171.18435447107,8171.18435447107,8171.18435447107,
2018-03-27 00:00:00+00:00,7837.26531940386,7837.26531940386,7837.26531940386,7837.26531940386,
2018-03-28 00:00:00+00:00,7933.64272969024,7933.64272969024,7933.64272969024,7933.64272969024,
2018-03-29 00:00:00+00:00,7108.5708132671,7108.5708132671,7108.5708132671,7108.5708132671,
2018-03-30 00:00:00+00:00,6832.14906633548,6832.14906633548,6832.14906633548,6832.14906633548,
2018-03-31 00:00:00+00:00,6922.2812969024,6922.2812969024,6922.2812969024,6922.2812969024,
2018-04-01 00:00:00+00:00,6804.52487931035,6804.52487931035,6804.52487931035,6804.52487931035,
2018-04-02 00:00:00+00:00,7033.25960958504,7033.25960958504,7033.25960958504,7033.25960958504,
2018-04-03 00:00:00+00:00,7420.80051548802,7420.80051548802,7420.80051548802,7420.80051548802,
2018-04-04 00:00:00+00:00,6780.54360140269,6780.54360140269,6780.54360140269,6780.54360140269,
2018-04-05 00:00:00+00:00,6798.42261659848,6798.42261659848,6798.42261659848,6798.42261659848,
2018-04-06 00:00:00+00:00,6610.49234979544,6610.49234979544,6610.49234979544,6610.49234979544,
2018-04-07 00:00:00+00:00,6886.46947194623,6886.46947194623,6886.46947194623,6886.46947194623,
2018-04-08 00:00:00+00:00,7009.99610432496,7009.99610432496,7009.99610432496,7009.99610432496,
2018-04-09 00:00:00+00:00,6736.89282378726,6736.89282378726,6736.89282378726,6736.89282378726,
2018-04-10 00:00:00+00:00,6816.71861542957,6816.71861542957,6816.71861542957,6816.71861542957,
2018-04-11 00:00:00+00:00,6944.78585710111,6944.78585710111,6944.78585710111,6944.78585710111,
2018-04-12 00:00:00+00:00,7904.33027527762,7904.33027527762,7904.33027527762,7904.33027527762,
2018-04-13 00:00:00+00:00,7919.06469462303,7919.06469462303,7919.06469462303,7919.06469462303,
2018-04-14 00:00:00+00:00,8006.41794330801,8006.41794330801,8006.41794330801,8006.41794330801,
2018-04-15 00:00:00+00:00,8342.27110140269,8342.27110140269,8342.27110140269,8342.27110140269,
2018-04-16 00:00:00+00:00,8046.98213354763,8046.98213354763,8046.98213354763,8046.98213354763,
2018-04-17 00:00:00+00:00,7887.73795791935,7887.73795791935,7887.73795791935,7887.73795791935,
2018-04-18 00:00:00+00:00,8162.83486177674,8162.83486177674,8162.83486177674,8162.83486177674,
2018-04-19 00:00:00+00:00,8272.96731589714,8272.96731589714,8272.96731589714,8272.96731589714,
2018-04-20 00:00:00+00:00,8839.5011320865,8839.5011320865,8839.5011320865,8839.5011320865,
2018-04-21 00:00:00+00:00,8863.54082904734,8863.54082904734,8863.54082904734,8863.54082904734,
2018-04-22 00:00:00+00:00,8800.95908708358,8800.95908708358,8800.95908708358,8800.95908708358,
2018-04-23 00:00:00+00:00,8930.78463354763,8930.78463354763,8930.78463354763,8930.78463354763,
2018-04-24 00:00:00+00:00,9652.21378872005,9652.21378872005,9652.21378872005,9652.21378872005,
2018-04-25 00:00:00+00:00,8855.50893658679,8855.50893658679,8855.50893658679,8855.50893658679,
2018-04-26 00:00:00+00:00,9264.72742694331,9264.72742694331,9264.72742694331,9264.72742694331,
2018-04-27 00:00:00+00:00,8981.33079018118,8981.33079018118,8981.33079018118,8981.33079018118,
2018-04-28 00:00:00+00:00,9341.82468468732,9341.82468468732,9341.82468468732,9341.82468468732,
2018-04-29 00:00:00+00:00,9396.99762974869,9396.99762974869,9396.99762974869,9396.99762974869,
2018-04-30 00:00:00+00:00,9228.7264836353,9228.7264836353,9228.7264836353,9228.7264836353,
2018-05-01 00:00:00+00:00,9072.16875745178,9072.16875745178,9072.16875745178,9072.16875745178,
2018-05-02 00:00:00+00:00,9204.12764056108,9204.12764056108,9204.12764056108,9204.12764056108,
2018-05-03 00:00:00+00:00,9750.70014640561,9750.70014640561,9750.70014640561,9750.70014640561,
2018-05-04 00:00:00+00:00,9696.64290999416,9696.64290999416,9696.64290999416,9696.64290999416,
2018-05-05 00:00:00+00:00,9795.92577206312,9795.92577206312,9795.92577206312,9795.92577206312,
2018-05-06 00:00:00+00:00,9595.08681940386,9595.08681940386,9595.08681940386,9595.08681940386,
2018-05-07 00:00:00+00:00,9339.5108471654,9339.5108471654,9339.5108471654,9339.5108471654,
2018-05-08 00:00:00+00:00,9212.36963471654,9212.36963471654,9212.36963471654,9212.36963471654,
2018-05-09 00:00:00+00:00,9293.04227352425,9293.04227352425,9293.04227352425,9293.04227352425,
2018-05-10 00:00:00+00:00,9037.53050905903,9037.53050905903,9037.53050905903,9037.53050905903,
2018-05-11 00:00:00+00:00,8419.75858737581,8419.75858737581,8419.75858737581,8419.75858737581,
2018-05-12 00:00:00+00:00,8485.77526680304,8485.77526680304,8485.77526680304,8485.77526680304,
2018-05-13 00:00:00+00:00,8695.83309380479,8695.83309380479,8695.83309380479,8695.83309380479,
2018-05-14 00:00:00+00:00,8671.07417475161,8671.07417475161,8671.07417475161,8671.07417475161,
2018-05-15 00:00:00+00:00,8488.463421391,8488.463421391,8488.463421391,8488.463421391,
2018-05-16 00:00:00+00:00,8327.75620134424,8327.75620134424,8327.75620134424,8327.75620134424,
2018-05-17 00:00:00+00:00,8050.51623933372,8050.51623933372,8050.51623933372,8050.51623933372,
2018-05-18 00:00:00+00:00,8233.08645528931,8233.08645528931,8233.08645528931,8233.08645528931,
2018-05-19 00:00:00+00:00,8229.48293571011,8229.48293571011,8229.48293571011,8229.48293571011,
2018-05-20 00:00:00+00:00,8511.44883021625,8511.44883021625,8511.44883021625,8511.44883021625,
2018-05-21 00:00:00+00:00,8398.62312653419,8398.62312653419,8398.62312653419,8398.62312653419,
2018-05-22 00:00:00+00:00,8007.52653214495,8007.52653214495,8007.52653214495,8007.52653214495,
2018-05-23 00:00:00+00:00,7520.86767913501,7520.86767913501,7520.86767913501,7520.86767913501,
2018-05-24 00:00:00+00:00,7575.62448597312,7575.62448597312,7575.62448597312,7575.62448597312,
2018-05-25 00:00:00+00:00,7425.37567445938,7425.37567445938,7425.37567445938,7425.37567445938,
2018-05-26 00:00:00+00:00,7326.30318644068,7326.30318644068,7326.30318644068,7326.30318644068,
2018-05-27 00:00:00+00:00,7338.19304441847,7338.19304441847,7338.19304441847,7338.19304441847,
2018-05-28 00:00:00+00:00,7110.82388164816,7110.82388164816,7110.82388164816,7110.82388164816,
2018-05-29 00:00:00+00:00,7453.63372501461,7453.63372501461,7453.63372501461,7453.63372501461,
2018-05-30 00:00:00+00:00,7374.6690490941,7374.6690490941,7374.6690490941,7374.6690490941,
2018-05-31 00:00:00+00:00,7478.74186703682,7478.74186703682,7478.74186703682,7478.74186703682,
2018-06-01 00:00:00+00:00,7519.83573728814,7519.83573728814,7519.83573728814,7519.83573728814,
2018-06-02 00:00:00+00:00,7637.44825306838,7637.44825306838,7637.44825306838,7637.44825306838,
2018-06-03 00:00:00+00:00,7702.15793308007,7702.15793308007,7702.15793308007,7702.15793308007,
2018-06-04 00:00:00+00:00,7486.65319959088,7486.65319959088,7486.65319959088,7486.65319959088,
2018-06-05 00:00:00+00:00,7611.14985271771,7611.14985271771,7611.14985271771,7611.14985271771,
2018-06-06 00:00:00+00:00,7650.77580713033,7650.77580713033,7650.77580713033,7650.77580713033,
2018-06-07 00:00:00+00:00,7665.9478962595,7665.9478962595,7665.9478962595,7665.9478962595,
2018-06-08 00:00:00+00:00,7622.60233021625,7622.60233021625,7622.60233021625,7622.60233021625,
2018-06-09 00:00:00+00:00,7556.17169783752,7556.17169783752,7556.17169783752,7556.17169783752,
2018-06-10 00:00:00+00:00,6744.73580099357,6744.73580099357,6744.73580099357,6744.73580099357,
2018-06-11 00:00:00+00:00,6849.45268731736,6849.45268731736,6849.45268731736,6849.45268731736,
2018-06-12 00:00:00+00:00,6526.69968001169,6526.69968001169,6526.69968001169,6526.69968001169,
2018-06-13 00:00:00+00:00,6306.51316803039,6306.51316803039,6306.51316803039,6306.51316803039,
2018-06-14 00:00:00+00:00,6629.77012419638,6629.77012419638,6629.77012419638,6629.77012419638,
2018-06-15 00:00:00+00:00,6399.67404646406,6399.67404646406,6399.67404646406,6399.67404646406,
2018-06-16 00:00:00+00:00,6495.31530917592,6495.31530917592,6495.31530917592,6495.31530917592,
2018-06-17 00:00:00+00:00,6450.69397282291,6450.69397282291,6450.69397282291,6450.69397282291,
2018-06-18 00:00:00+00:00,6703.81258971362,6703.81258971362,6703.81258971362,6703.81258971362,
2018-06-19 00:00:00+00:00,6732.50880917592,6732.50880917592,6732.50880917592,6732.50880917592,
2018-06-20 00:00:00+00:00,6753.20682583285,6753.20682583285,6753.20682583285,6753.20682583285,
2018-06-21 00:00:00+00:00,6720.37323436587,6720.37323436587,6720.37323436587,6720.37323436587,
2018-06-22 00:00:00+00:00,6059.5758591467,6059.5758591467,6059.5758591467,6059.5758591467,
2018-06-23 00:00:00+00:00,6174.22577936879,6174.22577936879,6174.22577936879,6174.22577936879,
2018-06-24 00:00:00+00:00,6146.48719491526,6146.48719491526,6146.48719491526,6146.48719491526,
2018-06-25 00:00:00+00:00,6243.53544097019,6243.53544097019,6243.53544097019,6243.53544097019,
2018-06-26 00:00:00+00:00,6096.12876621859,6096.12876621859,6096.12876621859,6096.12876621859,
2018-06-27 00:00:00+00:00,6139.18968322618,6139.18968322618,6139.18968322618,6139.18968322618,
2018-06-28 00:00:00+00:00,5858.63577819988,5858.63577819988,5858.63577819988,5858.63577819988,
2018-06-29 00:00:00+00:00,6220.9137150789,6220.9137150789,6220.9137150789,6220.9137150789,
2018-06-30 00:00:00+00:00,6375.5412314436,6375.5412314436,6375.5412314436,6375.5412314436,
2018-07-01 00:00:00+00:00,6361.40253886616,6361.40253886616,6361.40253886616,6361.40253886616,
2018-07-02 00:00:00+00:00,6608.367157218,6608.367157218,6608.367157218,6608.367157218,
2018-07-03 00:00:00+00:00,6498.3078591467,6498.3078591467,6498.3078591467,6498.3078591467,
2018-07-04 00:00:00+00:00,6579.33337638808,6579.33337638808,6579.33337638808,6579.33337638808,
2018-07-05 00:00:00+00:00,6535.29840268849,6535.29840268849,6535.29840268849,6535.29840268849,
2018-07-06 00:00:00+00:00,6598.45909585038,6598.45909585038,6598.45909585038,6598.45909585038,
2018-07-07 00:00:00+00:00,6737.85608036236,6737.85608036236,6737.85608036236,6737.85608036236,
2018-07-08 00:00:00+00:00,6704.91998012858,6704.91998012858,6704.91998012858,6704.91998012858,
2018-07-09 00:00:00+00:00,6664.02409351257,6664.02409351257,6664.02409351257,6664.02409351257,
2018-07-10 00:00:00+00:00,6309.08400409118,6309.08400409118,6309.08400409118,6309.08400409118,
2018-07-11 00:00:00+00:00,6377.97651139684,6377.97651139684,6377.97651139684,6377.97651139684,
2018-07-12 00:00:00+00:00,6159.46667621274,6159.46667621274,6159.46667621274,6159.46667621274,
2018-07-13 00:00:00+00:00,6208.98557188779,6208.98557188779,6208.98557188779,6208.98557188779,
2018-07-14 00:00:00+00:00,6255.11247866744,6255.11247866744,6255.11247866744,6255.11247866744,
2018-07-15 00:00:00+00:00,6347.60427381648,6347.60427381648,6347.60427381648,6347.60427381648,
2018-07-16 00:00:00+00:00,6710.80743746347,6710.80743746347,6710.80743746347,6710.80743746347,
2018-07-17 00:00:00+00:00,7320.59482787843,7320.59482787843,7320.59482787843,7320.59482787843,
2018-07-18 00:00:00+00:00,7376.03833927528,7376.03833927528,7376.03833927528,7376.03833927528,
2018-07-19 00:00:00+00:00,7467.0342980713,7467.0342980713,7467.0342980713,7467.0342980713,
2018-07-20 00:00:00+00:00,7327.25668293396,7327.25668293396,7327.25668293396,7327.25668293396,
2018-07-21 00:00:00+00:00,7410.56562039743,7410.56562039743,7410.56562039743,7410.56562039743,
2018-07-22 00:00:00+00:00,7399.48374693162,7399.48374693162,7399.48374693162,7399.48374693162,
2018-07-23 00:00:00+00:00,7716.15862741087,7716.15862741087,7716.15862741087,7716.15862741087,
2018-07-24 00:00:00+00:00,8397.61652162478,8397.61652162478,8397.61652162478,8397.61652162478,
2018-07-25 00:00:00+00:00,8202.72039538282,8202.72039538282,8202.72039538282,8202.72039538282,
2018-07-26 00:00:00+00:00,7913.93077819989,7913.93077819989,7913.93077819989,7913.93077819989,
2018-07-27 00:00:00+00:00,8173.7746113384,8173.7746113384,8173.7746113384,8173.7746113384,
2018-07-28 00:00:00+00:00,8190.36005669199,8190.36005669199,8190.36005669199,8190.36005669199,
2018-07-29 00:00:00+00:00,8229.60583869083,8229.60583869083,8229.60583869083,8229.60583869083,
2018-07-30 00:00:00+00:00,8171.83951928697,8171.83951928697,8171.83951928697,8171.83951928697,
2018-07-31 00:00:00+00:00,7725.13303594389,7725.13303594389,7725.13303594389,7725.13303594389,
2018-08-01 00:00:00+00:00,7596.6980119813,7596.6980119813,7596.6980119813,7596.6980119813,
2018-08-02 00:00:00+00:00,7542.69466189363,7542.69466189363,7542.69466189363,7542.69466189363,
2018-08-03 00:00:00+00:00,7411.34425014611,7411.34425014611,7411.34425014611,7411.34425014611,
2018-08-04 00:00:00+00:00,7002.2086528346,7002.2086528346,7002.2086528346,7002.2086528346,
2018-08-05 00:00:00+00:00,7031.58775102279,7031.58775102279,7031.58775102279,7031.58775102279,
2018-08-06 00:00:00+00:00,6929.99089421391,6929.99089421391,6929.99089421391,6929.99089421391,
2018-08-07 00:00:00+00:00,6722.57843278784,6722.57843278784,6722.57843278784,6722.57843278784,
2018-08-08 00:00:00+00:00,6267.3886735827,6267.3886735827,6267.3886735827,6267.3886735827,
2018-08-09 00:00:00+00:00,6558.09690794857,6558.09690794857,6558.09690794857,6558.09690794857,
2018-08-10 00:00:00+00:00,6135.75185856224,6135.75185856224,6135.75185856224,6135.75185856224,
2018-08-11 00:00:00+00:00,6313.74931180596,6313.74931180596,6313.74931180596,6313.74931180596,
2018-08-12 00:00:00+00:00,6314.69165575687,6314.69165575687,6314.69165575687,6314.69165575687,
2018-08-13 00:00:00+00:00,6265.84804383402,6265.84804383402,6265.84804383402,6265.84804383402,
2018-08-14 00:00:00+00:00,6184.82908562244,6184.82908562244,6184.82908562244,6184.82908562244,
2018-08-15 00:00:00+00:00,6270.21479865576,6270.21479865576,6270.21479865576,6270.21479865576,
2018-08-16 00:00:00+00:00,6290.7504552893,6290.7504552893,6290.7504552893,6290.7504552893,
2018-08-17 00:00:00+00:00,6563.07828872005,6563.07828872005,6563.07828872005,6563.07828872005,
2018-08-18 00:00:00+00:00,6399.28744681473,6399.28744681473,6399.28744681473,6399.28744681473,
2018-08-19 00:00:00+00:00,6490.71612711865,6490.71612711865,6490.71612711865,6490.71612711865,
2018-08-20 00:00:00+00:00,6272.95272881356,6272.95272881356,6272.95272881356,6272.95272881356,
2018-08-21 00:00:00+00:00,6473.07603945061,6473.07603945061,6473.07603945061,6473.07603945061,
2018-08-22 00:00:00+00:00,6365.00983167738,6365.00983167738,6365.00983167738,6365.00983167738,
2018-08-23 00:00:00+00:00,6516.40902542373,6516.40902542373,6516.40902542373,6516.40902542373,
2018-08-24 00:00:00+00:00,6697.73187872589,6697.73187872589,6697.73187872589,6697.73187872589,
2018-08-25 00:00:00+00:00,6745.43893921683,6745.43893921683,6745.43893921683,6745.43893921683,
2018-08-26 00:00:00+00:00,6689.86933313852,6689.86933313852,6689.86933313852,6689.86933313852,
2018-08-27 00:00:00+00:00,6839.15895236704,6839.15895236704,6839.15895236704,6839.15895236704,
2018-08-28 00:00:00+00:00,7092.97380829924,7092.97380829924,7092.97380829924,7092.97380829924,
2018-08-29 00:00:00+00:00,7033.42806808884,7033.42806808884,7033.42806808884,7033.42806808884,
2018-08-30 00:00:00+00:00,6966.96374371713,6966.96374371713,6966.96374371713,6966.96374371713,
2018-08-31 00:00:00+00:00,7025.14078024547,7025.14078024547,7025.14078024547,7025.14078024547,
2018-09-01 00:00:00+00:00,7192.35254734074,7192.35254734074,7192.35254734074,7192.35254734074,
2018-09-02 00:00:00+00:00,7286.66779105786,7286.66779105786,7286.66779105786,7286.66779105786,
2018-09-03 00:00:00+00:00,7257.47021391,7257.47021391,7257.47021391,7257.47021391,
2018-09-04 00:00:00+00:00,7358.81147895967,7358.81147895967,7358.81147895967,7358.81147895967,
2018-09-05 00:00:00+00:00,6790.89732846289,6790.89732846289,6790.89732846289,6790.89732846289,
2018-09-06 00:00:00+00:00,6488.07593687902,6488.07593687902,6488.07593687902,6488.07593687902,
2018-09-07 00:00:00+00:00,6408.65362244301,6408.65362244301,6408.65362244301,6408.65362244301,
2018-09-08 00:00:00+00:00,6187.79050233781,6187.79050233781,6187.79050233781,6187.79050233781,
2018-09-09 00:00:00+00:00,6249.24631034483,6249.24631034483,6249.24631034483,6249.24631034483,
2018-09-10 00:00:00+00:00,6295.3886025716,6295.3886025716,6295.3886025716,6295.3886025716,
2018-09-11 00:00:00+00:00,6278.42463968439,6278.42463968439,6278.42463968439,6278.42463968439,
2018-09-12 00:00:00+00:00,6327.53636323787,6327.53636323787,6327.53636323787,6327.53636323787,
2018-09-13 00:00:00+00:00,6490.91231648159,6490.91231648159,6490.91231648159,6490.91231648159,
2018-09-14 00:00:00+00:00,6494.69547895967,6494.69547895967,6494.69547895967,6494.69547895967,
2018-09-15 00:00:00+00:00,6524.16566744594,6524.16566744594,6524.16566744594,6524.16566744594,
2018-09-16 00:00:00+00:00,6497.40470134424,6497.40470134424,6497.40470134424,6497.40470134424,
2018-09-17 00:00:00+00:00,6258.59487492694,6258.59487492694,6258.59487492694,6258.59487492694,
2018-09-18 00:00:00+00:00,6340.34779018118,6340.34779018118,6340.34779018118,6340.34779018118,
2018-09-19 00:00:00+00:00,6383.95187580362,6383.95187580362,6383.95187580362,6383.95187580362,
2018-09-20 00:00:00+00:00,6498.60711104617,6498.60711104617,6498.60711104617,6498.60711104617,
2018-09-21 00:00:00+00:00,6741.14289888954,6741.14289888954,6741.14289888954,6741.14289888954,
2018-09-22 00:00:00+00:00,6705.47605113969,6705.47605113969,6705.47605113969,6705.47605113969,
2018-09-23 00:00:00+00:00,6703.13684950321,6703.13684950321,6703.13684950321,6703.13684950321,
2018-09-24 00:00:00+00:00,6576.5450032145,6576.5450032145,6576.5450032145,6576.5450032145,
2018-09-25 00:00:00+00:00,6416.44402162478,6416.44402162478,6416.44402162478,6416.44402162478,
2018-09-26 00:00:00+00:00,6463.25040356517,6463.25040356517,6463.25040356517,6463.25040356517,
2018-09-27 00:00:00+00:00,6677.90048860316,6677.90048860316,6677.90048860316,6677.90048860316,
2018-09-28 00:00:00+00:00,6623.12615984804,6623.12615984804,6623.12615984804,6623.12615984804,
2018-09-29 00:00:00+00:00,6584.49914757452,6584.49914757452,6584.49914757452,6584.49914757452,
2018-09-30 00:00:00+00:00,6604.485028346,6604.485028346,6604.485028346,6604.485028346,
2018-10-01 00:00:00+00:00,6561.81383226184,6561.81383226184,6561.81383226184,6561.81383226184,
2018-10-02 00:00:00+00:00,6508.72093863238,6508.72093863238,6508.72093863238,6508.72093863238,
2018-10-03 00:00:00+00:00,6464.45684365868,6464.45684365868,6464.45684365868,6464.45684365868,
2018-10-04 00:00:00+00:00,6545.28566773816,6545.28566773816,6545.28566773816,6545.28566773816,
2018-10-05 00:00:00+00:00,6585.14957977791,6585.14957977791,6585.14957977791,6585.14957977791,
2018-10-06 00:00:00+00:00,6550.47831589714,6550.47831589714,6550.47831589714,6550.47831589714,
2018-10-07 00:00:00+00:00,6564.56826008182,6564.56826008182,6564.56826008182,6564.56826008182,
2018-10-08 00:00:00+00:00,6604.68527410871,6604.68527410871,6604.68527410871,6604.68527410871,
2018-10-09 00:00:00+00:00,6590.42862215079,6590.42862215079,6590.42862215079,6590.42862215079,
2018-10-10 00:00:00+00:00,6529.10243600234,6529.10243600234,6529.10243600234,6529.10243600234,
2018-10-11 00:00:00+00:00,6159.25164260666,6159.25164260666,6159.25164260666,6159.25164260666,
2018-10-12 00:00:00+00:00,6191.67722326125,6191.67722326125,6191.67722326125,6191.67722326125,
2018-10-13 00:00:00+00:00,6197.68569637639,6197.68569637639,6197.68569637639,6197.68569637639,
2018-10-14 00:00:00+00:00,6182.87934424313,6182.87934424313,6182.87934424313,6182.87934424313,
2018-10-15 00:00:00+00:00,6442.71541408533,6442.71541408533,6442.71541408533,6442.71541408533,
2018-10-16 00:00:00+00:00,6461.93715926359,6461.93715926359,6461.93715926359,6461.93715926359,
2018-10-17 00:00:00+00:00,6442.73070017534,6442.73070017534,6442.73070017534,6442.73070017534,
2018-10-18 00:00:00+00:00,6396.47981209819,6396.47981209819,6396.47981209819,6396.47981209819,
2018-10-19 00:00:00+00:00,6383.07784015196,6383.07784015196,6383.07784015196,6383.07784015196,
2018-10-20 00:00:00+00:00,6408.25274634717,6408.25274634717,6408.25274634717,6408.25274634717,
2018-10-21 00:00:00+00:00,6415.34050292227,6415.34050292227,6415.34050292227,6415.34050292227,
2018-10-22 00:00:00+00:00,6408.03363559322,6408.03363559322,6408.03363559322,6408.03363559322,
2018-10-23 00:00:00+00:00,6395.98766686149,6395.98766686149,6395.98766686149,6395.98766686149,
2018-10-24 00:00:00+00:00,6413.80364114553,6413.80364114553,6413.80364114553,6413.80364114553,
2018-10-25 00:00:00+00:00,6402.3248591467,6402.3248591467,6402.3248591467,6402.3248591467,
2018-10-26 00:00:00+00:00,6404.10855230859,6404.10855230859,6404.10855230859,6404.10855230859,
2018-10-27 00:00:00+00:00,6409.40532758621,6409.40532758621,6409.40532758621,6409.40532758621,
2018-10-28 00:00:00+00:00,6406.63325306838,6406.63325306838,6406.63325306838,6406.63325306838,
2018-10-29 00:00:00+00:00,6263.0417346581,6263.0417346581,6263.0417346581,6263.0417346581,
2018-10-30 00:00:00+00:00,6272.16772822911,6272.16772822911,6272.16772822911,6272.16772822911,
2018-10-31 00:00:00+00:00,6306.31693132671,6306.31693132671,6306.31693132671,6306.31693132671,
2018-11-01 00:00:00+00:00,6342.97750058445,6342.97750058445,6342.97750058445,6342.97750058445,
2018-11-02 00:00:00+00:00,6348.16858270018,6348.16858270018,6348.16858270018,6348.16858270018,
2018-11-03 00:00:00+00:00,6332.43413296318,6332.43413296318,6332.43413296318,6332.43413296318,
2018-11-04 00:00:00+00:00,6420.42200029223,6420.42200029223,6420.42200029223,6420.42200029223,
2018-11-05 00:00:00+00:00,6402.94683898305,6402.94683898305,6402.94683898305,6402.94683898305,
2018-11-06 00:00:00+00:00,6441.14521887785,6441.14521887785,6441.14521887785,6441.14521887785,
2018-11-07 00:00:00+00:00,6500.86980508475,6500.86980508475,6500.86980508475,6500.86980508475,
2018-11-08 00:00:00+00:00,6406.75293746347,6406.75293746347,6406.75293746347,6406.75293746347,
2018-11-09 00:00:00+00:00,6331.37876709527,6331.37876709527,6331.37876709527,6331.37876709527,
2018-11-10 00:00:00+00:00,6353.11273407364,6353.11273407364,6353.11273407364,6353.11273407364,
2018-11-11 00:00:00+00:00,6335.41420397428,6335.41420397428,6335.41420397428,6335.41420397428,
2018-11-12 00:00:00+00:00,6320.65605376972,6320.65605376972,6320.65605376972,6320.65605376972,
2018-11-13 00:00:00+00:00,6267.9379912332,6267.9379912332,6267.9379912332,6267.9379912332,
2018-11-14 00:00:00+00:00,5574.25834891876,5574.25834891876,5574.25834891876,5574.25834891876,
2018-11-15 00:00:00+00:00,5538.56060783168,5538.56060783168,5538.56060783168,5538.56060783168,
2018-11-16 00:00:00+00:00,5496.01623115137,5496.01623115137,5496.01623115137,5496.01623115137,
2018-11-17 00:00:00+00:00,5501.09234044418,5501.09234044418,5501.09234044418,5501.09234044418,
2018-11-18 00:00:00+00:00,5555.3763383986,5555.3763383986,5555.3763383986,5555.3763383986,
2018-11-19 00:00:00+00:00,4792.20002367037,4792.20002367037,4792.20002367037,4792.20002367037,
2018-11-20 00:00:00+00:00,4317.53067007598,4317.53067007598,4317.53067007598,4317.53067007598,
2018-11-21 00:00:00+00:00,4549.32200993571,4549.32200993571,4549.32200993571,4549.32200993571,
2018-11-22 00:00:00+00:00,4303.61554850964,4303.61554850964,4303.61554850964,4303.61554850964,
2018-11-23 00:00:00+00:00,4289.89285330216,4289.89285330216,4289.89285330216,4289.89285330216,
2018-11-24 00:00:00+00:00,3806.31692489772,3806.31692489772,3806.31692489772,3806.31692489772,
2018-11-25 00:00:00+00:00,3946.85087434249,3946.85087434249,3946.85087434249,3946.85087434249,
2018-11-26 00:00:00+00:00,3700.28599269433,3700.28599269433,3700.28599269433,3700.28599269433,
2018-11-27 00:00:00+00:00,3776.55590531853,3776.55590531853,3776.55590531853,3776.55590531853,
2018-11-28 00:00:00+00:00,4208.47526914085,4208.47526914085,4208.47526914085,4208.47526914085,
2018-11-29 00:00:00+00:00,4239.03948831093,4239.03948831093,4239.03948831093,4239.03948831093,
2018-11-30 00:00:00+00:00,3973.33405230859,3973.33405230859,3973.33405230859,3973.33405230859,
2018-12-01 00:00:00+00:00,4148.07372559906,4148.07372559906,4148.07372559906,4148.07372559906,
2018-12-02 00:00:00+00:00,4098.74676388077,4098.74676388077,4098.74676388077,4098.74676388077,
2018-12-03 00:00:00+00:00,3843.9766659848,3843.9766659848,3843.9766659848,3843.9766659848,
2018-12-04 00:00:00+00:00,3892.95164699006,3892.95164699006,3892.95164699006,3892.95164699006,
2018-12-05 00:00:00+00:00,3709.52085827002,3709.52085827002,3709.52085827002,3709.52085827002,
2018-12-06 00:00:00+00:00,3511.96898158971,3511.96898158971,3511.96898158971,3511.96898158971,
2018-12-07 00:00:00+00:00,3372.99569257744,3372.99569257744,3372.99569257744,3372.99569257744,
2018-12-08 00:00:00+00:00,3407.95119462303,3407.95119462303,3407.95119462303,3407.95119462303,
2018-12-09 00:00:00+00:00,3540.43957597896,3540.43957597896,3540.43957597896,3540.43957597896,
2018-12-10 00:00:00+00:00,3413.59258416131,3413.59258416131,3413.59258416131,3413.59258416131,
2018-12-11 00:00:00+00:00,3352.56420017534,3352.56420017534,3352.56420017534,3352.56420017534,
2018-12-12 00:00:00+00:00,3423.01291788428,3423.01291788428,3423.01291788428,3423.01291788428,
2018-12-13 00:00:00+00:00,3260.34158240795,3260.34158240795,3260.34158240795,3260.34158240795,
2018-12-14 00:00:00+00:00,3198.94747369959,3198.94747369959,3198.94747369959,3198.94747369959,
2018-12-15 00:00:00+00:00,3185.07404383402,3185.07404383402,3185.07404383402,3185.07404383402,
2018-12-16 00:00:00+00:00,3195.41455523086,3195.41455523086,3195.41455523086,3195.41455523086,
2018-12-17 00:00:00+00:00,3499.15648188194,3499.15648188194,3499.15648188194,3499.15648188194,
2018-12-18 00:00:00+00:00,3659.52737931035,3659.52737931035,3659.52737931035,3659.52737931035,
2018-12-19 00:00:00+00:00,3697.72530333139,3697.72530333139,3697.72530333139,3697.72530333139,
2018-12-20 00:00:00+00:00,4067.73770777323,4067.73770777323,4067.73770777323,4067.73770777323,
2018-12-21 00:00:00+00:00,3839.08510841613,3839.08510841613,3839.08510841613,3839.08510841613,
2018-12-22 00:00:00+00:00,3964.94611630625,3964.94611630625,3964.94611630625,3964.94611630625,
2018-12-23 00:00:00+00:00,3942.66699590883,3942.66699590883,3942.66699590883,3942.66699590883,
2018-12-24 00:00:00+00:00,4040.04578959673,4040.04578959673,4040.04578959673,4040.04578959673,
2018-12-25 00:00:00+00:00,3761.58401081239,3761.58401081239,3761.58401081239,3761.58401081239,
2018-12-26 00:00:00+00:00,3807.65745353594,3807.65745353594,3807.65745353594,3807.65745353594,
2018-12-27 00:00:00+00:00,3585.46053594389,3585.46053594389,3585.46053594389,3585.46053594389,
2018-12-28 00:00:00+00:00,3881.05488486265,3881.05488486265,3881.05488486265,3881.05488486265,
2018-12-29 00:00:00+00:00,3823.13832612507,3823.13832612507,3823.13832612507,3823.13832612507,
2018-12-30 00:00:00+00:00,3825.4074628872,3825.4074628872,3825.4074628872,3825.4074628872,
2018-12-31 00:00:00+00:00,3687.19994009351,3687.19994009351,3687.19994009351,3687.19994009351,
2019-01-01 00:00:00+00:00,3808.11783167738,3808.11783167738,3808.11783167738,3808.11783167738,
2019-01-02 00:00:00+00:00,3898.1974880187,3898.1974880187,3898.1974880187,3898.1974880187,
2019-01-03 00:00:00+00:00,3784.38863471654,3784.38863471654,3784.38863471654,3784.38863471654,
2019-01-04 00:00:00+00:00,3827.52459438925,3827.52459438925,3827.52459438925,3827.52459438925,
2019-01-05 00:00:00+00:00,3798.61395499708,3798.61395499708,3798.61395499708,3798.61395499708,
2019-01-06 00:00:00+00:00,4045.99377498539,4045.99377498539,4045.99377498539,4045.99377498539,
2019-01-07 00:00:00+00:00,4001.01827819988,4001.01827819988,4001.01827819988,4001.01827819988,
2019-01-08 00:00:00+00:00,3992.6227893045,3992.6227893045,3992.6227893045,3992.6227893045,
2019-01-09 00:00:00+00:00,4004.25903565167,4004.25903565167,4004.25903565167,4004.25903565167,
2019-01-10 00:00:00+00:00,3627.90345002922,3627.90345002922,3627.90345002922,3627.90345002922,
2019-01-11 00:00:00+00:00,3624.16142109877,3624.16142109877,3624.16142109877,3624.16142109877,
2019-01-12 00:00:00+00:00,3617.02207831677,3617.02207831677,3617.02207831677,3617.02207831677,
2019-01-13 00:00:00+00:00,3508.6701081239,3508.6701081239,3508.6701081239,3508.6701081239,
2019-01-14 00:00:00+00:00,3666.94519374635,3666.94519374635,3666.94519374635,3666.94519374635,
2019-01-15 00:00:00+00:00,3581.29301548802,3581.29301548802,3581.29301548802,3581.29301548802,
2019-01-16 00:00:00+00:00,3606.98657568673,3606.98657568673,3606.98657568673,3606.98657568673,
2019-01-17 00:00:00+00:00,3640.12913062536,3640.12913062536,3640.12913062536,3640.12913062536,
2019-01-18 00:00:00+00:00,3609.42673611923,3609.42673611923,3609.42673611923,3609.42673611923,
2019-01-19 00:00:00+00:00,3687.30196113384,3687.30196113384,3687.30196113384,3687.30196113384,
2019-01-20 00:00:00+00:00,3538.31372296903,3538.31372296903,3538.31372296903,3538.31372296903,
2019-01-21 00:00:00+00:00,3535.623393045,3535.623393045,3535.623393045,3535.623393045,
2019-01-22 00:00:00+00:00,3577.30834979544,3577.30834979544,3577.30834979544,3577.30834979544,
2019-01-23 00:00:00+00:00,3551.89382115722,3551.89382115722,3551.89382115722,3551.89382115722,
2019-01-24 00:00:00+00:00,3567.58893366452,3567.58893366452,3567.58893366452,3567.58893366452,
2019-01-25 00:00:00+00:00,3561.35049795441,3561.35049795441,3561.35049795441,3561.35049795441,
2019-01-26 00:00:00+00:00,3557.03991525424,3557.03991525424,3557.03991525424,3557.03991525424,
2019-01-27 00:00:00+00:00,3537.61413062536,3537.61413062536,3537.61413062536,3537.61413062536,
2019-01-28 00:00:00+00:00,3435.05251402689,3435.05251402689,3435.05251402689,3435.05251402689,
2019-01-29 00:00:00+00:00,3395.82376329632,3395.82376329632,3395.82376329632,3395.82376329632,
2019-01-30 00:00:00+00:00,3437.89586616014,3437.89586616014,3437.89586616014,3437.89586616014,
2019-01-31 00:00:00+00:00,3410.13161601403,3410.13161601403,3410.13161601403,3410.13161601403,
2019-02-01 00:00:00+00:00,3445.04989129164,3445.04989129164,3445.04989129164,3445.04989129164,
2019-02-02 00:00:00+00:00,3461.93511747516,3461.93511747516,3461.93511747516,3461.93511747516,
2019-02-03 00:00:00+00:00,3413.02161630625,3413.02161630625,3413.02161630625,3413.02161630625,
2019-02-04 00:00:00+00:00,3411.38796171829,3411.38796171829,3411.38796171829,3411.38796171829,
2019-02-05 00:00:00+00:00,3426.46501139684,3426.46501139684,3426.46501139684,3426.46501139684,
2019-02-06 00:00:00+00:00,3367.50636499123,3367.50636499123,3367.50636499123,3367.50636499123,
2019-02-07 00:00:00+00:00,3358.87359906487,3358.87359906487,3358.87359906487,3358.87359906487,
2019-02-08 00:00:00+00:00,3612.47961922852,3612.47961922852,3612.47961922852,3612.47961922852,
2019-02-09 00:00:00+00:00,3621.26812098188,3621.26812098188,3621.26812098188,3621.26812098188,
2019-02-10 00:00:00+00:00,3642.0223591467,3642.0223591467,3642.0223591467,3642.0223591467,
2019-02-11 00:00:00+00:00,3590.6184836353,3590.6184836353,3590.6184836353,3590.6184836353,
2019-02-12 00:00:00+00:00,3587.90246580947,3587.90246580947,3587.90246580947,3587.90246580947,
2019-02-13 00:00:00+00:00,3576.08537258913,3576.08537258913,3576.08537258913,3576.08537258913,
2019-02-14 00:00:00+00:00,3561.91638340152,3561.91638340152,3561.91638340152,3561.91638340152,
2019-02-15 00:00:00+00:00,3565.00692372881,3565.00692372881,3565.00692372881,3565.00692372881,
2019-02-16 00:00:00+00:00,3584.73600263004,3584.73600263004,3584.73600263004,3584.73600263004,
2019-02-17 00:00:00+00:00,3622.7574289889,3622.7574289889,3622.7574289889,3622.7574289889,
2019-02-18 00:00:00+00:00,3866.12921712449,3866.12921712449,3866.12921712449,3866.12921712449,
2019-02-19 00:00:00+00:00,3895.43521098773,3895.43521098773,3895.43521098773,3895.43521098773,
2019-02-20 00:00:00+00:00,3931.61382904734,3931.61382904734,3931.61382904734,3931.61382904734,
2019-02-21 00:00:00+00:00,3892.26179427236,3892.26179427236,3892.26179427236,3892.26179427236,
2019-02-22 00:00:00+00:00,3948.30051052016,3948.30051052016,3948.30051052016,3948.30051052016,
2019-02-23 00:00:00+00:00,4110.15112127411,4110.15112127411,4110.15112127411,4110.15112127411,
2019-02-24 00:00:00+00:00,3754.18378988895,3754.18378988895,3754.18378988895,3754.18378988895,
2019-02-25 00:00:00+00:00,3822.01869666861,3822.01869666861,3822.01869666861,3822.01869666861,
2019-02-26 00:00:00+00:00,3796.17506838106,3796.17506838106,3796.17506838106,3796.17506838106,
2019-02-27 00:00:00+00:00,3799.3819924021,3799.3819924021,3799.3819924021,3799.3819924021,
2019-02-28 00:00:00+00:00,3792.94772296902,3792.94772296902,3792.94772296902,3792.94772296902,
2019-03-01 00:00:00+00:00,3810.63269257744,3810.63269257744,3810.63269257744,3810.63269257744,
2019-03-02 00:00:00+00:00,3809.64339099942,3809.64339099942,3809.64339099942,3809.64339099942,
2019-03-03 00:00:00+00:00,3782.38187025132,3782.38187025132,3782.38187025132,3782.38187025132,
2019-03-04 00:00:00+00:00,3698.16185505552,3698.16185505552,3698.16185505552,3698.16185505552,
2019-03-05 00:00:00+00:00,3840.1280490941,3840.1280490941,3840.1280490941,3840.1280490941,
2019-03-06 00:00:00+00:00,3851.99842548218,3851.99842548218,3851.99842548218,3851.99842548218,
2019-03-07 00:00:00+00:00,3855.92316832262,3855.92316832262,3855.92316832262,3855.92316832262,
2019-03-08 00:00:00+00:00,3839.23355289304,3839.23355289304,3839.23355289304,3839.23355289304,
2019-03-09 00:00:00+00:00,3910.36116656926,3910.36116656926,3910.36116656926,3910.36116656926,
2019-03-10 00:00:00+00:00,3903.9119509059,3903.9119509059,3903.9119509059,3903.9119509059,
2019-03-11 00:00:00+00:00,3851.56892168323,3851.56892168323,3851.56892168323,3851.56892168323,
2019-03-12 00:00:00+00:00,3858.91482378726,3858.91482378726,3858.91482378726,3858.91482378726,
2019-03-13 00:00:00+00:00,3851.95746639392,3851.95746639392,3851.95746639392,3851.95746639392,
2019-03-14 00:00:00+00:00,3853.78326504968,3853.78326504968,3853.78326504968,3853.78326504968,
2019-03-15 00:00:00+00:00,3901.91420689655,3901.91420689655,3901.91420689655,3901.91420689655,
2019-03-16 00:00:00+00:00,3989.79607685564,3989.79607685564,3989.79607685564,3989.79607685564,
2019-03-17 00:00:00+00:00,3967.14349444769,3967.14349444769,3967.14349444769,3967.14349444769,
2019-03-18 00:00:00+00:00,3969.44014582116,3969.44014582116,3969.44014582116,3969.44014582116,
2019-03-19 00:00:00+00:00,3996.16790356517,3996.16790356517,3996.16790356517,3996.16790356517,
2019-03-20 00:00:00+00:00,4030.65527586207,4030.65527586207,4030.65527586207,4030.65527586207,
2019-03-21 00:00:00+00:00,3976.27385008767,3976.27385008767,3976.27385008767,3976.27385008767,
2019-03-22 00:00:00+00:00,3983.88764582116,3983.88764582116,3983.88764582116,3983.88764582116,
2019-03-23 00:00:00+00:00,3981.77603302163,3981.77603302163,3981.77603302163,3981.77603302163,
2019-03-24 00:00:00+00:00,3970.6669880187,3970.6669880187,3970.6669880187,3970.6669880187,
2019-03-25 00:00:00+00:00,3908.23883869082,3908.23883869082,3908.23883869082,3908.23883869082,
2019-03-26 00:00:00+00:00,3917.76340210403,3917.76340210403,3917.76340210403,3917.76340210403,
2019-03-27 00:00:00+00:00,4027.00791788428,4027.00791788428,4027.00791788428,4027.00791788428,
2019-03-28 00:00:00+00:00,4010.93746201052,4010.93746201052,4010.93746201052,4010.93746201052,
2019-03-29 00:00:00+00:00,4089.46104003507,4089.46104003507,4089.46104003507,4089.46104003507,
2019-03-30 00:00:00+00:00,4091.89103834015,4091.89103834015,4091.89103834015,4091.89103834015,
2019-03-31 00:00:00+00:00,4094.31781472823,4094.31781472823,4094.31781472823,4094.31781472823,
2019-04-01 00:00:00+00:00,4138.41780771479,4138.41780771479,4138.41780771479,4138.41780771479,
2019-04-02 00:00:00+00:00,4903.71946206897,4903.71946206897,4903.71946206897,4903.71946206897,
2019-04-03 00:00:00+00:00,4960.22760274693,4960.22760274693,4960.22760274693,4960.22760274693,
2019-04-04 00:00:00+00:00,4911.26970245471,4911.26970245471,4911.26970245471,4911.26970245471,
2019-04-05 00:00:00+00:00,5033.22548369375,5033.22548369375,5033.22548369375,5033.22548369375,
2019-04-06 00:00:00+00:00,5044.35684593805,5044.35684593805,5044.35684593805,5044.35684593805,
2019-04-07 00:00:00+00:00,5189.11195558153,5189.11195558153,5189.11195558153,5189.11195558153,
2019-04-08 00:00:00+00:00,5283.42302483928,5283.42302483928,5283.42302483928,5283.42302483928,
2019-04-09 00:00:00+00:00,5195.57790882525,5195.57790882525,5195.57790882525,5195.57790882525,
2019-04-10 00:00:00+00:00,5311.74160327294,5311.74160327294,5311.74160327294,5311.74160327294,
2019-04-11 00:00:00+00:00,5050.66600859147,5050.66600859147,5050.66600859147,5050.66600859147,
2019-04-12 00:00:00+00:00,5082.86143202805,5082.86143202805,5082.86143202805,5082.86143202805,
2019-04-13 00:00:00+00:00,5074.79069257744,5074.79069257744,5074.79069257744,5074.79069257744,
2019-04-14 00:00:00+00:00,5156.80404061952,5156.80404061952,5156.80404061952,5156.80404061952,
2019-04-15 00:00:00+00:00,5042.89773845704,5042.89773845704,5042.89773845704,5042.89773845704,
2019-04-16 00:00:00+00:00,5205.96295745178,5205.96295745178,5205.96295745178,5205.96295745178,
2019-04-17 00:00:00+00:00,5226.35221519579,5226.35221519579,5226.35221519579,5226.35221519579,
2019-04-18 00:00:00+00:00,5278.5023395675,5278.5023395675,5278.5023395675,5278.5023395675,
2019-04-19 00:00:00+00:00,5289.95121911163,5289.95121911163,5289.95121911163,5289.95121911163,
2019-04-20 00:00:00+00:00,5313.97326212741,5313.97326212741,5313.97326212741,5313.97326212741,
2019-04-21 00:00:00+00:00,5295.73382817066,5295.73382817066,5295.73382817066,5295.73382817066,
2019-04-22 00:00:00+00:00,5383.79997533606,5383.79997533606,5383.79997533606,5383.79997533606,
2019-04-23 00:00:00+00:00,5544.86271186441,5544.86271186441,5544.86271186441,5544.86271186441,
2019-04-24 00:00:00+00:00,5431.94791963764,5431.94791963764,5431.94791963764,5431.94791963764,
2019-04-25 00:00:00+00:00,5127.67316738749,5127.67316738749,5127.67316738749,5127.67316738749,
2019-04-26 00:00:00+00:00,5150.16466066628,5150.16466066628,5150.16466066628,5150.16466066628,
2019-04-27 00:00:00+00:00,5181.80776364699,5181.80776364699,5181.80776364699,5181.80776364699,
2019-04-28 00:00:00+00:00,5148.66961542957,5148.66961542957,5148.66961542957,5148.66961542957,
2019-04-29 00:00:00+00:00,5148.80049327878,5148.80049327878,5148.80049327878,5148.80049327878,
2019-04-30 00:00:00+00:00,5266.61820251315,5266.61820251315,5266.61820251315,5266.61820251315,
2019-05-01 00:00:00+00:00,5315.17532904734,5315.17532904734,5315.17532904734,5315.17532904734,
2019-05-02 00:00:00+00:00,5393.12937638808,5393.12937638808,5393.12937638808,5393.12937638808,
2019-05-03 00:00:00+00:00,5658.43038836938,5658.43038836938,5658.43038836938,5658.43038836938,
2019-05-04 00:00:00+00:00,5774.71242869667,5774.71242869667,5774.71242869667,5774.71242869667,
2019-05-05 00:00:00+00:00,5728.35170222092,5728.35170222092,5728.35170222092,5728.35170222092,
2019-05-06 00:00:00+00:00,5691.68837405026,5691.68837405026,5691.68837405026,5691.68837405026,
2019-05-07 00:00:00+00:00,5825.744893045,5825.744893045,5825.744893045,5825.744893045,
2019-05-08 00:00:00+00:00,5931.8005949737,5931.8005949737,5931.8005949737,5931.8005949737,
2019-05-09 00:00:00+00:00,6150.14044476914,6150.14044476914,6150.14044476914,6150.14044476914,
2019-05-10 00:00:00+00:00,6357.46349357101,6357.46349357101,6357.46349357101,6357.46349357101,
2019-05-11 00:00:00+00:00,7325.08286031561,7325.08286031561,7325.08286031561,7325.08286031561,
2019-05-12 00:00:00+00:00,6942.62317451783,6942.62317451783,6942.62317451783,6942.62317451783,
2019-05-13 00:00:00+00:00,7798.90573600234,7798.90573600234,7798.90573600234,7798.90573600234,
2019-05-14 00:00:00+00:00,7955.5576823495,7955.5576823495,7955.5576823495,7955.5576823495,
2019-05-15 00:00:00+00:00,8215.2068383986,8215.2068383986,8215.2068383986,8215.2068383986,
2019-05-16 00:00:00+00:00,7862.07160233782,7862.07160233782,7862.07160233782,7862.07160233782,
2019-05-17 00:00:00+00:00,7326.92068188194,7326.92068188194,7326.92068188194,7326.92068188194,
2019-05-18 00:00:00+00:00,7277.98756341321,7277.98756341321,7277.98756341321,7277.98756341321,
2019-05-19 00:00:00+00:00,8219.74278696669,8219.74278696669,8219.74278696669,8219.74278696669,
2019-05-20 00:00:00+00:00,7981.13937895967,7981.13937895967,7981.13937895967,7981.13937895967,
2019-05-21 00:00:00+00:00,7983.80847738165,7983.80847738165,7983.80847738165,7983.80847738165,
2019-05-22 00:00:00+00:00,7667.90211484512,7667.90211484512,7667.90211484512,7667.90211484512,
2019-05-23 00:00:00+00:00,7897.4712936879,7897.4712936879,7897.4712936879,7897.4712936879,
2019-05-24 00:00:00+00:00,7987.10036762127,7987.10036762127,7987.10036762127,7987.10036762127,
2019-05-25 00:00:00+00:00,8061.59176072472,8061.59176072472,8061.59176072472,8061.59176072472,
2019-05-26 00:00:00+00:00,8731.52495587376,8731.52495587376,8731.52495587376,8731.52495587376,
2019-05-27 00:00:00+00:00,8816.78670835769,8816.78670835769,8816.78670835769,8816.78670835769,
2019-05-28 00:00:00+00:00,8719.12584833431,8719.12584833431,8719.12584833431,8719.12584833431,
2019-05-29 00:00:00+00:00,8655.48850613676,8655.48850613676,8655.48850613676,8655.48850613676,
2019-05-30 00:00:00+00:00,8271.62196317942,8271.62196317942,8271.62196317942,8271.62196317942,
2019-05-31 00:00:00+00:00,8556.222185564,8556.222185564,8556.222185564,8556.222185564,
2019-06-01 00:00:00+00:00,8554.80732963179,8554.80732963179,8554.80732963179,8554.80732963179,
2019-06-02 00:00:00+00:00,8744.35374547049,8744.35374547049,8744.35374547049,8744.35374547049,
2019-06-03 00:00:00+00:00,8173.40127054354,8173.40127054354,8173.40127054354,8173.40127054354,
2019-06-04 00:00:00+00:00,7649.93933196961,7649.93933196961,7649.93933196961,7649.93933196961,
2019-06-05 00:00:00+00:00,7798.54446639392,7798.54446639392,7798.54446639392,7798.54446639392,
2019-06-06 00:00:00+00:00,7776.71332612507,7776.71332612507,7776.71332612507,7776.71332612507,
2019-06-07 00:00:00+00:00,8023.950093045,8023.950093045,8023.950093045,8023.950093045,
2019-06-08 00:00:00+00:00,7939.80515488019,7939.80515488019,7939.80515488019,7939.80515488019,
2019-06-09 00:00:00+00:00,7634.06575073057,7634.06575073057,7634.06575073057,7634.06575073057,
2019-06-10 00:00:00+00:00,7993.30253857393,7993.30253857393,7993.30253857393,7993.30253857393,
2019-06-11 00:00:00+00:00,7922.48362711864,7922.48362711864,7922.48362711864,7922.48362711864,
2019-06-12 00:00:00+00:00,8146.75612507306,8146.75612507306,8146.75612507306,8146.75612507306,
2019-06-13 00:00:00+00:00,8232.77734137931,8232.77734137931,8232.77734137931,8232.77734137931,
2019-06-14 00:00:00+00:00,8698.00481502046,8698.00481502046,8698.00481502046,8698.00481502046,
2019-06-15 00:00:00+00:00,8850.58481601403,8850.58481601403,8850.58481601403,8850.58481601403,
2019-06-16 00:00:00+00:00,9019.51700672121,9019.51700672121,9019.51700672121,9019.51700672121,
2019-06-17 00:00:00+00:00,9340.57218877849,9340.57218877849,9340.57218877849,9340.57218877849,
2019-06-18 00:00:00+00:00,9047.13274447691,9047.13274447691,9047.13274447691,9047.13274447691,
2019-06-19 00:00:00+00:00,9285.05567656341,9285.05567656341,9285.05567656341,9285.05567656341,
2019-06-20 00:00:00+00:00,9546.71977819988,9546.71977819988,9546.71977819988,9546.71977819988,
2019-06-21 00:00:00+00:00,10083.4863136762,10083.4863136762,10083.4863136762,10083.4863136762,
2019-06-22 00:00:00+00:00,10685.2952327878,10685.2952327878,10685.2952327878,10685.2952327878,
2019-06-23 00:00:00+00:00,10794.4276963764,10794.4276963764,10794.4276963764,10794.4276963764,
2019-06-24 00:00:00+00:00,11004.2069094681,11004.2069094681,11004.2069094681,11004.2069094681,
2019-06-25 00:00:00+00:00,11726.2638308007,11726.2638308007,11726.2638308007,11726.2638308007,
2019-06-26 00:00:00+00:00,12863.4606849795,12863.4606849795,12863.4606849795,12863.4606849795,
2019-06-27 00:00:00+00:00,11109.7978418469,11109.7978418469,11109.7978418469,11109.7978418469,
2019-06-28 00:00:00+00:00,12358.2079582116,12358.2079582116,12358.2079582116,12358.2079582116,
2019-06-29 00:00:00+00:00,11944.3515473407,11944.3515473407,11944.3515473407,11944.3515473407,
2019-06-30 00:00:00+00:00,10842.6167109877,10842.6167109877,10842.6167109877,10842.6167109877,
2019-07-01 00:00:00+00:00,10569.5517282291,10569.5517282291,10569.5517282291,10569.5517282291,
2019-07-02 00:00:00+00:00,10766.0833162186,10766.0833162186,10766.0833162186,10766.0833162186,
2019-07-03 00:00:00+00:00,11952.0248935126,11952.0248935126,11952.0248935126,11952.0248935126,
2019-07-04 00:00:00+00:00,11177.0103787551,11177.0103787551,11177.0103787551,11177.0103787551,
2019-07-05 00:00:00+00:00,10998.3991004676,10998.3991004676,10998.3991004676,10998.3991004676,
2019-07-06 00:00:00+00:00,11208.225600526,11208.225600526,11208.225600526,11208.225600526,
2019-07-07 00:00:00+00:00,11456.1836039158,11456.1836039158,11456.1836039158,11456.1836039158,
2019-07-08 00:00:00+00:00,12319.6228758036,12319.6228758036,12319.6228758036,12319.6228758036,
2019-07-09 00:00:00+00:00,12579.107616014,12579.107616014,12579.107616014,12579.107616014,
2019-07-10 00:00:00+00:00,12106.7829313267,12106.7829313267,12106.7829313267,12106.7829313267,
2019-07-11 00:00:00+00:00,11294.678028346,11294.678028346,11294.678028346,11294.678028346,
2019-07-12 00:00:00+00:00,11813.3237158971,11813.3237158971,11813.3237158971,11813.3237158971,
2019-07-13 00:00:00+00:00,11346.837148159,11346.837148159,11346.837148159,11346.837148159,
2019-07-14 00:00:00+00:00,10283.0757891292,10283.0757891292,10283.0757891292,10283.0757891292,
2019-07-15 00:00:00+00:00,10926.3802741087,10926.3802741087,10926.3802741087,10926.3802741087,
2019-07-16 00:00:00+00:00,9471.14086475745,9471.14086475745,9471.14086475745,9471.14086475745,
2019-07-17 00:00:00+00:00,9674.88246113384,9674.88246113384,9674.88246113384,9674.88246113384,
2019-07-18 00:00:00+00:00,10679.8906896552,10679.8906896552,10679.8906896552,10679.8906896552,
2019-07-19 00:00:00+00:00,10532.2027291058,10532.2027291058,10532.2027291058,10532.2027291058,
2019-07-20 00:00:00+00:00,10862.6485479252,10862.6485479252,10862.6485479252,10862.6485479252,
2019-07-21 00:00:00+00:00,10589.7064907656,10589.7064907656,10589.7064907656,10589.7064907656,
2019-07-22 00:00:00+00:00,10318.5609251899,10318.5609251899,10318.5609251899,10318.5609251899,
2019-07-23 00:00:00+00:00,9866.64894038574,9866.64894038574,9866.64894038574,9866.64894038574,
2019-07-24 00:00:00+00:00,9792.78753652835,9792.78753652835,9792.78753652835,9792.78753652835,
2019-07-25 00:00:00+00:00,9897.18678603156,9897.18678603156,9897.18678603156,9897.18678603156,
2019-07-26 00:00:00+00:00,9836.69678813559,9836.69678813559,9836.69678813559,9836.69678813559,
2019-07-27 00:00:00+00:00,9446.67205207481,9446.67205207481,9446.67205207481,9446.67205207481,
2019-07-28 00:00:00+00:00,9529.78879193454,9529.78879193454,9529.78879193454,9529.78879193454,
2019-07-29 00:00:00+00:00,9504.15891595558,9504.15891595558,9504.15891595558,9504.15891595558,
2019-07-30 00:00:00+00:00,9589.10920601987,9589.10920601987,9589.10920601987,9589.10920601987,
2019-07-31 00:00:00+00:00,10059.0040189947,10059.0040189947,10059.0040189947,10059.0040189947,
2019-08-01 00:00:00+00:00,10400.3070143776,10400.3070143776,10400.3070143776,10400.3070143776,
2019-08-02 00:00:00+00:00,10529.6944544126,10529.6944544126,10529.6944544126,10529.6944544126,
2019-08-03 00:00:00+00:00,10810.4216686148,10810.4216686148,10810.4216686148,10810.4216686148,
2019-08-04 00:00:00+00:00,10986.5089291058,10986.5089291058,10986.5089291058,10986.5089291058,
2019-08-05 00:00:00+00:00,11790.0239375804,11790.0239375804,11790.0239375804,11790.0239375804,
2019-08-06 00:00:00+00:00,11423.4970017534,11423.4970017534,11423.4970017534,11423.4970017534,
2019-08-07 00:00:00+00:00,11967.2735473407,11967.2735473407,11967.2735473407,11967.2735473407,
2019-08-08 00:00:00+00:00,11938.2346108708,11938.2346108708,11938.2346108708,11938.2346108708,
2019-08-09 00:00:00+00:00,11858.3410984804,11858.3410984804,11858.3410984804,11858.3410984804,
2019-08-10 00:00:00+00:00,11303.7305618936,11303.7305618936,11303.7305618936,11303.7305618936,
2019-08-11 00:00:00+00:00,11530.195242256,11530.195242256,11530.195242256,11530.195242256,
2019-08-12 00:00:00+00:00,11384.6962465809,11384.6962465809,11384.6962465809,11384.6962465809,
2019-08-13 00:00:00+00:00,10867.05475827,10867.05475827,10867.05475827,10867.05475827,
2019-08-14 00:00:00+00:00,10024.3795917008,10024.3795917008,10024.3795917008,10024.3795917008,
2019-08-15 00:00:00+00:00,10310.0858696669,10310.0858696669,10310.0858696669,10310.0858696669,
2019-08-16 00:00:00+00:00,10373.3219028054,10373.3219028054,10373.3219028054,10373.3219028054,
2019-08-17 00:00:00+00:00,10207.1555616598,10207.1555616598,10207.1555616598,10207.1555616598,
2019-08-18 00:00:00+00:00,10331.3099760374,10331.3099760374,10331.3099760374,10331.3099760374,
2019-08-19 00:00:00+00:00,10884.6297744009,10884.6297744009,10884.6297744009,10884.6297744009,
2019-08-20 00:00:00+00:00,10771.3923793688,10771.3923793688,10771.3923793688,10771.3923793688,
2019-08-21 00:00:00+00:00,10096.8302238457,10096.8302238457,10096.8302238457,10096.8302238457,
2019-08-22 00:00:00+00:00,10119.7145248393,10119.7145248393,10119.7145248393,10119.7145248393,
2019-08-23 00:00:00+00:00,10414.1441725891,10414.1441725891,10414.1441725891,10414.1441725891,
2019-08-24 00:00:00+00:00,10147.0871548802,10147.0871548802,10147.0871548802,10147.0871548802,
2019-08-25 00:00:00+00:00,10100.3567783752,10100.3567783752,10100.3567783752,10100.3567783752,
2019-08-26 00:00:00+00:00,10362.6434723553,10362.6434723553,10362.6434723553,10362.6434723553,
2019-08-27 00:00:00+00:00,10168.221571654,10168.221571654,10168.221571654,10168.221571654,
2019-08-28 00:00:00+00:00,9724.79997808299,9724.79997808299,9724.79997808299,9724.79997808299,
2019-08-29 00:00:00+00:00,9482.31173495032,9482.31173495032,9482.31173495032,9482.31173495032,
2019-08-30 00:00:00+00:00,9577.67882349503,9577.67882349503,9577.67882349503,9577.67882349503,
2019-08-31 00:00:00+00:00,9605.02446142607,9605.02446142607,9605.02446142607,9605.02446142607,
2019-09-01 00:00:00+00:00,9762.93655689655,9762.93655689655,9762.93655689655,9762.93655689655,
2019-09-02 00:00:00+00:00,10377.3383845704,10377.3383845704,10377.3383845704,10377.3383845704,
2019-09-03 00:00:00+00:00,10618.7815058445,10618.7815058445,10618.7815058445,10618.7815058445,
2019-09-04 00:00:00+00:00,10577.2410839275,10577.2410839275,10577.2410839275,10577.2410839275,
2019-09-05 00:00:00+00:00,10580.1846995909,10580.1846995909,10580.1846995909,10580.1846995909,
2019-09-06 00:00:00+00:00,10330.8497312098,10330.8497312098,10330.8497312098,10330.8497312098,
2019-09-07 00:00:00+00:00,10494.5069649328,10494.5069649328,10494.5069649328,10494.5069649328,
2019-09-08 00:00:00+00:00,10407.2656573933,10407.2656573933,10407.2656573933,10407.2656573933,
2019-09-09 00:00:00+00:00,10332.4644424313,10332.4644424313,10332.4644424313,10332.4644424313,
2019-09-10 00:00:00+00:00,10085.9519243133,10085.9519243133,10085.9519243133,10085.9519243133,
2019-09-11 00:00:00+00:00,10142.1480603741,10142.1480603741,10142.1480603741,10142.1480603741,
2019-09-12 00:00:00+00:00,10403.3599707773,10403.3599707773,10403.3599707773,10403.3599707773,
2019-09-13 00:00:00+00:00,10345.3387469316,10345.3387469316,10345.3387469316,10345.3387469316,
2019-09-14 00:00:00+00:00,10363.4528963179,10363.4528963179,10363.4528963179,10363.4528963179,
2019-09-15 00:00:00+00:00,10306.1696674459,10306.1696674459,10306.1696674459,10306.1696674459,
2019-09-16 00:00:00+00:00,10257.822761543,10257.822761543,10257.822761543,10257.822761543,
2019-09-17 00:00:00+00:00,10195.6111811806,10195.6111811806,10195.6111811806,10195.6111811806,
2019-09-18 00:00:00+00:00,10161.3188664524,10161.3188664524,10161.3188664524,10161.3188664524,
2019-09-19 00:00:00+00:00,10268.3926291642,10268.3926291642,10268.3926291642,10268.3926291642,
2019-09-20 00:00:00+00:00,10170.1251161309,10170.1251161309,10170.1251161309,10170.1251161309,
2019-09-21 00:00:00+00:00,9986.4061081239,9986.4061081239,9986.4061081239,9986.4061081239,
2019-09-22 00:00:00+00:00,10047.0134748685,10047.0134748685,10047.0134748685,10047.0134748685,
2019-09-23 00:00:00+00:00,9692.74104792519,9692.74104792519,9692.74104792519,9692.74104792519,
2019-09-24 00:00:00+00:00,8613.67124850965,8613.67124850965,8613.67124850965,8613.67124850965,
2019-09-25 00:00:00+00:00,8424.15764640561,8424.15764640561,8424.15764640561,8424.15764640561,
2019-09-26 00:00:00+00:00,8091.69529924021,8091.69529924021,8091.69529924021,8091.69529924021,
2019-09-27 00:00:00+00:00,8186.77963927528,8186.77963927528,8186.77963927528,8186.77963927528,
2019-09-28 00:00:00+00:00,8201.97901344243,8201.97901344243,8201.97901344243,8201.97901344243,
2019-09-29 00:00:00+00:00,8064.50806236119,8064.50806236119,8064.50806236119,8064.50806236119,
2019-09-30 00:00:00+00:00,8282.3654541204,8282.3654541204,8282.3654541204,8282.3654541204,
2019-10-01 00:00:00+00:00,8314.55139012273,8314.55139012273,8314.55139012273,8314.55139012273,
2019-10-02 00:00:00+00:00,8362.53073232028,8362.53073232028,8362.53073232028,8362.53073232028,
2019-10-03 00:00:00+00:00,8254.33991028638,8254.33991028638,8254.33991028638,8254.33991028638,
2019-10-04 00:00:00+00:00,8165.68615125658,8165.68615125658,8165.68615125658,8165.68615125658,
2019-10-05 00:00:00+00:00,8141.63371379311,8141.63371379311,8141.63371379311,8141.63371379311,
2019-10-06 00:00:00+00:00,7854.60981297487,7854.60981297487,7854.60981297487,7854.60981297487,
2019-10-07 00:00:00+00:00,8226.02342928112,8226.02342928112,8226.02342928112,8226.02342928112,
2019-10-08 00:00:00+00:00,8190.1151207481,8190.1151207481,8190.1151207481,8190.1151207481,
2019-10-09 00:00:00+00:00,8598.3319207481,8598.3319207481,8598.3319207481,8598.3319207481,
2019-10-10 00:00:00+00:00,8578.09037931034,8578.09037931034,8578.09037931034,8578.09037931034,
2019-10-11 00:00:00+00:00,8289.85402893045,8289.85402893045,8289.85402893045,8289.85402893045,
2019-10-12 00:00:00+00:00,8323.7501440678,8323.7501440678,8323.7501440678,8323.7501440678,
2019-10-13 00:00:00+00:00,8291.25065143191,8291.25065143191,8291.25065143191,8291.25065143191,
2019-10-14 00:00:00+00:00,8346.36843658679,8346.36843658679,8346.36843658679,8346.36843658679,
2019-10-15 00:00:00+00:00,8160.71262752776,8160.71262752776,8160.71262752776,8160.71262752776,
2019-10-16 00:00:00+00:00,8003.85592314436,8003.85592314436,8003.85592314436,8003.85592314436,
2019-10-17 00:00:00+00:00,8072.48938229106,8072.48938229106,8072.48938229106,8072.48938229106,
2019-10-18 00:00:00+00:00,7959.33199357101,7959.33199357101,7959.33199357101,7959.33199357101,
2019-10-19 00:00:00+00:00,7948.47733722969,7948.47733722969,7948.47733722969,7948.47733722969,
2019-10-20 00:00:00+00:00,8213.70903927528,8213.70903927528,8213.70903927528,8213.70903927528,
2019-10-21 00:00:00+00:00,8211.65455873758,8211.65455873758,8211.65455873758,8211.65455873758,
2019-10-22 00:00:00+00:00,8029.20537288136,8029.20537288136,8029.20537288136,8029.20537288136,
2019-10-23 00:00:00+00:00,7458.03585680889,7458.03585680889,7458.03585680889,7458.03585680889,
2019-10-24 00:00:00+00:00,7454.37113816482,7454.37113816482,7454.37113816482,7454.37113816482,
2019-10-25 00:00:00+00:00,8656.65517755699,8656.65517755699,8656.65517755699,8656.65517755699,
2019-10-26 00:00:00+00:00,9249.64676095851,9249.64676095851,9249.64676095851,9249.64676095851,
2019-10-27 00:00:00+00:00,9558.15604400935,9558.15604400935,9558.15604400935,9558.15604400935,
2019-10-28 00:00:00+00:00,9319.17814167154,9319.17814167154,9319.17814167154,9319.17814167154,
2019-10-29 00:00:00+00:00,9431.20712390415,9431.20712390415,9431.20712390415,9431.20712390415,
2019-10-30 00:00:00+00:00,9182.85506516657,9182.85506516657,9182.85506516657,9182.85506516657,
2019-10-31 00:00:00+00:00,9155.27729877265,9155.27729877265,9155.27729877265,9155.27729877265,
2019-11-01 00:00:00+00:00,9251.38129345412,9251.38129345412,9251.38129345412,9251.38129345412,
2019-11-02 00:00:00+00:00,9300.19083752192,9300.19083752192,9300.19083752192,9300.19083752192,
2019-11-03 00:00:00+00:00,9209.63869608416,9209.63869608416,9209.63869608416,9209.63869608416,
2019-11-04 00:00:00+00:00,9418.36013062537,9418.36013062537,9418.36013062537,9418.36013062537,
2019-11-05 00:00:00+00:00,9330.78722296902,9330.78722296902,9330.78722296902,9330.78722296902,
2019-11-06 00:00:00+00:00,9354.93338229106,9354.93338229106,9354.93338229106,9354.93338229106,
2019-11-07 00:00:00+00:00,9210.74822238457,9210.74822238457,9210.74822238457,9210.74822238457,
2019-11-08 00:00:00+00:00,8791.33393495032,8791.33393495032,8791.33393495032,8791.33393495032,
2019-11-09 00:00:00+00:00,8810.78456195208,8810.78456195208,8810.78456195208,8810.78456195208,
2019-11-10 00:00:00+00:00,9042.89072320281,9042.89072320281,9042.89072320281,9042.89072320281,
2019-11-11 00:00:00+00:00,8713.20792957335,8713.20792957335,8713.20792957335,8713.20792957335,
2019-11-12 00:00:00+00:00,8788.95814295734,8788.95814295734,8788.95814295734,8788.95814295734,
2019-11-13 00:00:00+00:00,8766.72943050848,8766.72943050848,8766.72943050848,8766.72943050848,
2019-11-14 00:00:00+00:00,8645.43580362361,8645.43580362361,8645.43580362361,8645.43580362361,
2019-11-15 00:00:00+00:00,8465.87788854471,8465.87788854471,8465.87788854471,8465.87788854471,
2019-11-16 00:00:00+00:00,8477.69024284044,8477.69024284044,8477.69024284044,8477.69024284044,
2019-11-17 00:00:00+00:00,8505.16122326125,8505.16122326125,8505.16122326125,8505.16122326125,
2019-11-18 00:00:00+00:00,8183.53341350088,8183.53341350088,8183.53341350088,8183.53341350088,
2019-11-19 00:00:00+00:00,8116.82067258913,8116.82067258913,8116.82067258913,8116.82067258913,
2019-11-20 00:00:00+00:00,8076.55466008182,8076.55466008182,8076.55466008182,8076.55466008182,
2019-11-21 00:00:00+00:00,7612.2774880187,7612.2774880187,7612.2774880187,7612.2774880187,
2019-11-22 00:00:00+00:00,7277.52427323203,7277.52427323203,7277.52427323203,7277.52427323203,
2019-11-23 00:00:00+00:00,7324.83617855056,7324.83617855056,7324.83617855056,7324.83617855056,
2019-11-24 00:00:00+00:00,6943.38065604909,6943.38065604909,6943.38065604909,6943.38065604909,
2019-11-25 00:00:00+00:00,7139.04468597312,7139.04468597312,7139.04468597312,7139.04468597312,
2019-11-26 00:00:00+00:00,7165.43773027469,7165.43773027469,7165.43773027469,7165.43773027469,
2019-11-27 00:00:00+00:00,7526.86381654004,7526.86381654004,7526.86381654004,7526.86381654004,
2019-11-28 00:00:00+00:00,7436.3363817066,7436.3363817066,7436.3363817066,7436.3363817066,
2019-11-29 00:00:00+00:00,7747.73804208066,7747.73804208066,7747.73804208066,7747.73804208066,
2019-11-30 00:00:00+00:00,7556.19372121567,7556.19372121567,7556.19372121567,7556.19372121567,
2019-12-01 00:00:00+00:00,7417.72720601987,7417.72720601987,7417.72720601987,7417.72720601987,
2019-12-02 00:00:00+00:00,7318.31252180012,7318.31252180012,7318.31252180012,7318.31252180012,
2019-12-03 00:00:00+00:00,7306.44623331385,7306.44623331385,7306.44623331385,7306.44623331385,
2019-12-04 00:00:00+00:00,7215.02034482759,7215.02034482759,7215.02034482759,7215.02034482759,
2019-12-05 00:00:00+00:00,7404.0867949737,7404.0867949737,7404.0867949737,7404.0867949737,
2019-12-06 00:00:00+00:00,7534.2083559322,7534.2083559322,7534.2083559322,7534.2083559322,
2019-12-07 00:00:00+00:00,7512.06140263004,7512.06140263004,7512.06140263004,7512.06140263004,
2019-12-08 00:00:00+00:00,7528.94026943308,7528.94026943308,7528.94026943308,7528.94026943308,
2019-12-09 00:00:00+00:00,7340.22745908825,7340.22745908825,7340.22745908825,7340.22745908825,
2019-12-10 00:00:00+00:00,7232.09178375219,7232.09178375219,7232.09178375219,7232.09178375219,
2019-12-11 00:00:00+00:00,7200.46444599649,7200.46444599649,7200.46444599649,7200.46444599649,
2019-12-12 00:00:00+00:00,7192.84902425482,7192.84902425482,7192.84902425482,7192.84902425482,
2019-12-13 00:00:00+00:00,7244.90372004676,7244.90372004676,7244.90372004676,7244.90372004676,
2019-12-14 00:00:00+00:00,7071.10709029807,7071.10709029807,7071.10709029807,7071.10709029807,
2019-12-15 00:00:00+00:00,7111.28666995909,7111.28666995909,7111.28666995909,7111.28666995909,
2019-12-16 00:00:00+00:00,6882.39579532437,6882.39579532437,6882.39579532437,6882.39579532437,
2019-12-17 00:00:00+00:00,6608.96197983635,6608.96197983635,6608.96197983635,6608.96197983635,
2019-12-18 00:00:00+00:00,7284.6254836353,7284.6254836353,7284.6254836353,7284.6254836353,
2019-12-19 00:00:00+00:00,7146.16763763881,7146.16763763881,7146.16763763881,7146.16763763881,
2019-12-20 00:00:00+00:00,7184.21917206312,7184.21917206312,7184.21917206312,7184.21917206312,
2019-12-21 00:00:00+00:00,7140.29801127995,7140.29801127995,7140.29801127995,7140.29801127995,
2019-12-22 00:00:00+00:00,7479.40240789012,7479.40240789012,7479.40240789012,7479.40240789012,
2019-12-23 00:00:00+00:00,7321.7487238457,7321.7487238457,7321.7487238457,7321.7487238457,
2019-12-24 00:00:00+00:00,7235.62908381064,7235.62908381064,7235.62908381064,7235.62908381064,
2019-12-25 00:00:00+00:00,7191.17416569258,7191.17416569258,7191.17416569258,7191.17416569258,
2019-12-26 00:00:00+00:00,7194.63975832846,7194.63975832846,7194.63975832846,7194.63975832846,
2019-12-27 00:00:00+00:00,7237.15044728229,7237.15044728229,7237.15044728229,7237.15044728229,
2019-12-28 00:00:00+00:00,7306.64330829924,7306.64330829924,7306.64330829924,7306.64330829924,
2019-12-29 00:00:00+00:00,7391.578521391,7391.578521391,7391.578521391,7391.578521391,
2019-12-30 00:00:00+00:00,7229.3971006429,7229.3971006429,7229.3971006429,7229.3971006429,
2019-12-31 00:00:00+00:00,7167.39505464641,7167.39505464641,7167.39505464641,7167.39505464641,
2020-01-01 00:00:00+00:00,7170.63186879018,7170.63186879018,7170.63186879018,7170.63186879018,
2020-01-02 00:00:00+00:00,6946.82526914085,6946.82526914085,6946.82526914085,6946.82526914085,
2020-01-03 00:00:00+00:00,7315.3093603156,7315.3093603156,7315.3093603156,7315.3093603156,
2020-01-04 00:00:00+00:00,7343.16419438925,7343.16419438925,7343.16419438925,7343.16419438925,
2020-01-05 00:00:00+00:00,7345.53069181765,7345.53069181765,7345.53069181765,7345.53069181765,
2020-01-06 00:00:00+00:00,7765.7977346581,7765.7977346581,7765.7977346581,7765.7977346581,
2020-01-07 00:00:00+00:00,8136.08684190532,8136.08684190532,8136.08684190532,8136.08684190532,
2020-01-08 00:00:00+00:00,8059.69952887201,8059.69952887201,8059.69952887201,8059.69952887201,
2020-01-09 00:00:00+00:00,7817.13609322034,7817.13609322034,7817.13609322034,7817.13609322034,
2020-01-10 00:00:00+00:00,8129.81791992987,8129.81791992987,8129.81791992987,8129.81791992987,
2020-01-11 00:00:00+00:00,8032.00549503215,8032.00549503215,8032.00549503215,8032.00549503215,
2020-01-12 00:00:00+00:00,8164.54999316189,8164.54999316189,8164.54999316189,8164.54999316189,
2020-01-13 00:00:00+00:00,8121.92566762127,8121.92566762127,8121.92566762127,8121.92566762127,
2020-01-14 00:00:00+00:00,8830.16787346581,8830.16787346581,8830.16787346581,8830.16787346581,
2020-01-15 00:00:00+00:00,8811.44820251315,8811.44820251315,8811.44820251315,8811.44820251315,
2020-01-16 00:00:00+00:00,8718.68699801286,8718.68699801286,8718.68699801286,8718.68699801286,
2020-01-17 00:00:00+00:00,8912.54190414962,8912.54190414962,8912.54190414962,8912.54190414962,
2020-01-18 00:00:00+00:00,8928.1807565751,8928.1807565751,8928.1807565751,8928.1807565751,
2020-01-19 00:00:00+00:00,8687.35483664524,8687.35483664524,8687.35483664524,8687.35483664524,
2020-01-20 00:00:00+00:00,8636.2587862069,8636.2587862069,8636.2587862069,8636.2587862069,
2020-01-21 00:00:00+00:00,8730.86756019871,8730.86756019871,8730.86756019871,8730.86756019871,
2020-01-22 00:00:00+00:00,8647.90047399182,8647.90047399182,8647.90047399182,8647.90047399182,
2020-01-23 00:00:00+00:00,8366.38461396844,8366.38461396844,8366.38461396844,8366.38461396844,
2020-01-24 00:00:00+00:00,8423.39095815313,8423.39095815313,8423.39095815313,8423.39095815313,
2020-01-25 00:00:00+00:00,8344.77456896552,8344.77456896552,8344.77456896552,8344.77456896552,
2020-01-26 00:00:00+00:00,8573.87480958504,8573.87480958504,8573.87480958504,8573.87480958504,
2020-01-27 00:00:00+00:00,8901.95928486265,8901.95928486265,8901.95928486265,8901.95928486265,
2020-01-28 00:00:00+00:00,9297.3883176505,9297.3883176505,9297.3883176505,9297.3883176505,
2020-01-29 00:00:00+00:00,9311.94754354179,9311.94754354179,9311.94754354179,9311.94754354179,
2020-01-30 00:00:00+00:00,9508.92096493279,9508.92096493279,9508.92096493279,9508.92096493279,
2020-01-31 00:00:00+00:00,9357.28478240795,9357.28478240795,9357.28478240795,9357.28478240795,
2020-02-01 00:00:00+00:00,9381.88602863822,9381.88602863822,9381.88602863822,9381.88602863822,
2020-02-02 00:00:00+00:00,9339.38706312098,9339.38706312098,9339.38706312098,9339.38706312098,
2020-02-03 00:00:00+00:00,9279.81252051432,9279.81252051432,9279.81252051432,9279.81252051432,
2020-02-04 00:00:00+00:00,9161.62719772063,9161.62719772063,9161.62719772063,9161.62719772063,
2020-02-05 00:00:00+00:00,9628.13677586207,9628.13677586207,9628.13677586207,9628.13677586207,
2020-02-06 00:00:00+00:00,9739.2804364699,9739.2804364699,9739.2804364699,9739.2804364699,
2020-02-07 00:00:00+00:00,9800.27939982466,9800.27939982466,9800.27939982466,9800.27939982466,
2020-02-08 00:00:00+00:00,9911.29340841613,9911.29340841613,9911.29340841613,9911.29340841613,
2020-02-09 00:00:00+00:00,10151.0832026885,10151.0832026885,10151.0832026885,10151.0832026885,
2020-02-10 00:00:00+00:00,9872.36187305669,9872.36187305669,9872.36187305669,9872.36187305669,
2020-02-11 00:00:00+00:00,10272.2225558738,10272.2225558738,10272.2225558738,10272.2225558738,
2020-02-12 00:00:00+00:00,10360.1352229106,10360.1352229106,10360.1352229106,10360.1352229106,
2020-02-13 00:00:00+00:00,10235.4973226184,10235.4973226184,10235.4973226184,10235.4973226184,
2020-02-14 00:00:00+00:00,10361.6156901812,10361.6156901812,10361.6156901812,10361.6156901812,
2020-02-15 00:00:00+00:00,9911.72432700175,9911.72432700175,9911.72432700175,9911.72432700175,
2020-02-16 00:00:00+00:00,9952.04661157218,9952.04661157218,9952.04661157218,9952.04661157218,
2020-02-17 00:00:00+00:00,9683.0796277031,9683.0796277031,9683.0796277031,9683.0796277031,
2020-02-18 00:00:00+00:00,10195.3037904734,10195.3037904734,10195.3037904734,10195.3037904734,
2020-02-19 00:00:00+00:00,9636.00229865576,9636.00229865576,9636.00229865576,9636.00229865576,
2020-02-20 00:00:00+00:00,9614.03012244302,9614.03012244302,9614.03012244302,9614.03012244302,
2020-02-21 00:00:00+00:00,9701.79750268849,9701.79750268849,9701.79750268849,9701.79750268849,
2020-02-22 00:00:00+00:00,9675.24905756868,9675.24905756868,9675.24905756868,9675.24905756868,
2020-02-23 00:00:00+00:00,9972.84242308591,9972.84242308591,9972.84242308591,9972.84242308591,
2020-02-24 00:00:00+00:00,9648.00788310929,9648.00788310929,9648.00788310929,9648.00788310929,
2020-02-25 00:00:00+00:00,9344.28714009351,9344.28714009351,9344.28714009351,9344.28714009351,
2020-02-26 00:00:00+00:00,8798.88894856809,8798.88894856809,8798.88894856809,8798.88894856809,
2020-02-27 00:00:00+00:00,8779.02948188194,8779.02948188194,8779.02948188194,8779.02948188194,
2020-02-28 00:00:00+00:00,8750.59344599649,8750.59344599649,8750.59344599649,8750.59344599649,
2020-02-29 00:00:00+00:00,8582.09029964933,8582.09029964933,8582.09029964933,8582.09029964933,
2020-03-01 00:00:00+00:00,8541.77389392169,8541.77389392169,8541.77389392169,8541.77389392169,
2020-03-02 00:00:00+00:00,8906.21475645821,8906.21475645821,8906.21475645821,8906.21475645821,
2020-03-03 00:00:00+00:00,8768.81061420222,8768.81061420222,8768.81061420222,8768.81061420222,
2020-03-04 00:00:00+00:00,8756.36957218001,8756.36957218001,8756.36957218001,8756.36957218001,
2020-03-05 00:00:00+00:00,9062.61580274693,9062.61580274693,9062.61580274693,9062.61580274693,
2020-03-06 00:00:00+00:00,9147.08505897136,9147.08505897136,9147.08505897136,9147.08505897136,
2020-03-07 00:00:00+00:00,8898.30695675044,8898.30695675044,8898.30695675044,8898.30695675044,
2020-03-08 00:00:00+00:00,8109.61454114553,8109.61454114553,8109.61454114553,8109.61454114553,
2020-03-09 00:00:00+00:00,7896.38531987142,7896.38531987142,7896.38531987142,7896.38531987142,
2020-03-10 00:00:00+00:00,7909.92787545295,7909.92787545295,7909.92787545295,7909.92787545295,
2020-03-11 00:00:00+00:00,7939.34133477499,7939.34133477499,7939.34133477499,7939.34133477499,
2020-03-12 00:00:00+00:00,4959.31341437756,4959.31341437756,4959.31341437756,4959.31341437756,
2020-03-13 00:00:00+00:00,5627.69238836938,5627.69238836938,5627.69238836938,5627.69238836938,
2020-03-14 00:00:00+00:00,5145.17250642899,5145.17250642899,5145.17250642899,5145.17250642899,
2020-03-15 00:00:00+00:00,5358.61066335476,5358.61066335476,5358.61066335476,5358.61066335476,
2020-03-16 00:00:00+00:00,5012.92738778492,5012.92738778492,5012.92738778492,5012.92738778492,
2020-03-17 00:00:00+00:00,5416.7547106955,5416.7547106955,5416.7547106955,5416.7547106955,
2020-03-18 00:00:00+00:00,5392.48783594389,5392.48783594389,5392.48783594389,5392.48783594389,
2020-03-19 00:00:00+00:00,6203.5516320865,6203.5516320865,6203.5516320865,6203.5516320865,
2020-03-20 00:00:00+00:00,6174.14947603741,6174.14947603741,6174.14947603741,6174.14947603741,
2020-03-21 00:00:00+00:00,6175.83102220924,6175.83102220924,6175.83102220924,6175.83102220924,
2020-03-22 00:00:00+00:00,5830.56097960257,5830.56097960257,5830.56097960257,5830.56097960257,
2020-03-23 00:00:00+00:00,6486.40865733489,6486.40865733489,6486.40865733489,6486.40865733489,
2020-03-24 00:00:00+00:00,6775.05761893629,6775.05761893629,6775.05761893629,6775.05761893629,
2020-03-25 00:00:00+00:00,6689.96901285798,6689.96901285798,6689.96901285798,6689.96901285798,
2020-03-26 00:00:00+00:00,6754.46033606078,6754.46033606078,6754.46033606078,6754.46033606078,
2020-03-27 00:00:00+00:00,6490.79541502046,6490.79541502046,6490.79541502046,6490.79541502046,
2020-03-28 00:00:00+00:00,6231.81989023963,6231.81989023963,6231.81989023963,6231.81989023963,
2020-03-29 00:00:00+00:00,5904.85758679135,5904.85758679135,5904.85758679135,5904.85758679135,
2020-03-30 00:00:00+00:00,6436.90570017534,6436.90570017534,6436.90570017534,6436.90570017534,
2020-03-31 00:00:00+00:00,6432.3832421391,6432.3832421391,6432.3832421391,6432.3832421391,
2020-04-01 00:00:00+00:00,6643.11000870836,6643.11000870836,6643.11000870836,6643.11000870836,
2020-04-02 00:00:00+00:00,6792.74222209234,6792.74222209234,6792.74222209234,6792.74222209234,
2020-04-03 00:00:00+00:00,6751.90255178258,6751.90255178258,6751.90255178258,6751.90255178258,
2020-04-04 00:00:00+00:00,6859.98916867329,6859.98916867329,6859.98916867329,6859.98916867329,
2020-04-05 00:00:00+00:00,6790.81247264758,6790.81247264758,6790.81247264758,6790.81247264758,
2020-04-06 00:00:00+00:00,7298.17374517826,7298.17374517826,7298.17374517826,7298.17374517826,
2020-04-07 00:00:00+00:00,7187.59333664524,7187.59333664524,7187.59333664524,7187.59333664524,
2020-04-08 00:00:00+00:00,7372.19476399766,7372.19476399766,7372.19476399766,7372.19476399766,
2020-04-09 00:00:00+00:00,7299.57918790181,7299.57918790181,7299.57918790181,7299.57918790181,
2020-04-10 00:00:00+00:00,6859.82267475161,6859.82267475161,6859.82267475161,6859.82267475161,
2020-04-11 00:00:00+00:00,6883.18222895967,6883.18222895967,6883.18222895967,6883.18222895967,
2020-04-12 00:00:00+00:00,6978.66628661601,6978.66628661601,6978.66628661601,6978.66628661601,
2020-04-13 00:00:00+00:00,6863.57553319696,6863.57553319696,6863.57553319696,6863.57553319696,
2020-04-14 00:00:00+00:00,6875.53850344828,6875.53850344828,6875.53850344828,6875.53850344828,
2020-04-15 00:00:00+00:00,6625.47577510228,6625.47577510228,6625.47577510228,6625.47577510228,
2020-04-16 00:00:00+00:00,7127.79228223261,7127.79228223261,7127.79228223261,7127.79228223261,
2020-04-17 00:00:00+00:00,7081.39519842197,7081.39519842197,7081.39519842197,7081.39519842197,
2020-04-18 00:00:00+00:00,7262.79234360023,7262.79234360023,7262.79234360023,7262.79234360023,
2020-04-19 00:00:00+00:00,7150.2442154588,7150.2442154588,7150.2442154588,7150.2442154588,
2020-04-20 00:00:00+00:00,6853.27341478667,6853.27341478667,6853.27341478667,6853.27341478667,
2020-04-21 00:00:00+00:00,6870.42369865576,6870.42369865576,6870.42369865576,6870.42369865576,
2020-04-22 00:00:00+00:00,7123.65691992987,7123.65691992987,7123.65691992987,7123.65691992987,
2020-04-23 00:00:00+00:00,7488.60516528346,7488.60516528346,7488.60516528346,7488.60516528346,
2020-04-24 00:00:00+00:00,7506.44331648159,7506.44331648159,7506.44331648159,7506.44331648159,
2020-04-25 00:00:00+00:00,7537.73820911748,7537.73820911748,7537.73820911748,7537.73820911748,
2020-04-26 00:00:00+00:00,7684.06852168322,7684.06852168322,7684.06852168322,7684.06852168322,
2020-04-27 00:00:00+00:00,7777.49151858562,7777.49151858562,7777.49151858562,7777.49151858562,
2020-04-28 00:00:00+00:00,7769.89969842197,7769.89969842197,7769.89969842197,7769.89969842197,
2020-04-29 00:00:00+00:00,8761.83716954997,8761.83716954997,8761.83716954997,8761.83716954997,
2020-04-30 00:00:00+00:00,8652.4109912332,8652.4109912332,8652.4109912332,8652.4109912332,
2020-05-01 00:00:00+00:00,8855.53525827002,8855.53525827002,8855.53525827002,8855.53525827002,
2020-05-02 00:00:00+00:00,8977.28170537697,8977.28170537697,8977.28170537697,8977.28170537697,
2020-05-03 00:00:00+00:00,8896.7956383986,8896.7956383986,8896.7956383986,8896.7956383986,
2020-05-04 00:00:00+00:00,8881.95430450029,8881.95430450029,8881.95430450029,8881.95430450029,
2020-05-05 00:00:00+00:00,8985.8795993571,8985.8795993571,8985.8795993571,8985.8795993571,
2020-05-06 00:00:00+00:00,9266.8130730567,9266.8130730567,9266.8130730567,9266.8130730567,
2020-05-07 00:00:00+00:00,9993.75317685564,9993.75317685564,9993.75317685564,9993.75317685564,
2020-05-08 00:00:00+00:00,9859.32360461718,9859.32360461718,9859.32360461718,9859.32360461718,
2020-05-09 00:00:00+00:00,9577.33892238457,9577.33892238457,9577.33892238457,9577.33892238457,
2020-05-10 00:00:00+00:00,8715.03329322034,8715.03329322034,8715.03329322034,8715.03329322034,
2020-05-11 00:00:00+00:00,8591.65288433665,8591.65288433665,8591.65288433665,8591.65288433665,
2020-05-12 00:00:00+00:00,8817.25068112215,8817.25068112215,8817.25068112215,8817.25068112215,
2020-05-13 00:00:00+00:00,9322.99720204559,9322.99720204559,9322.99720204559,9322.99720204559,
2020-05-14 00:00:00+00:00,9801.26948772647,9801.26948772647,9801.26948772647,9801.26948772647,
2020-05-15 00:00:00+00:00,9326.87585891292,9326.87585891292,9326.87585891292,9326.87585891292,
2020-05-16 00:00:00+00:00,9395.4753893045,9395.4753893045,9395.4753893045,9395.4753893045,
2020-05-17 00:00:00+00:00,9682.5324811806,9682.5324811806,9682.5324811806,9682.5324811806,
2020-05-18 00:00:00+00:00,9726.85002209235,9726.85002209235,9726.85002209235,9726.85002209235,
2020-05-19 00:00:00+00:00,9754.20146201052,9754.20146201052,9754.20146201052,9754.20146201052,
2020-05-20 00:00:00+00:00,9515.702550263,9515.702550263,9515.702550263,9515.702550263,
2020-05-21 00:00:00+00:00,9068.80122933957,9068.80122933957,9068.80122933957,9068.80122933957,
2020-05-22 00:00:00+00:00,9161.81503389831,9161.81503389831,9161.81503389831,9161.81503389831,
2020-05-23 00:00:00+00:00,9183.66212507305,9183.66212507305,9183.66212507305,9183.66212507305,
2020-05-24 00:00:00+00:00,8806.23065715956,8806.23065715956,8806.23065715956,8806.23065715956,
2020-05-25 00:00:00+00:00,8909.19258153127,8909.19258153127,8909.19258153127,8909.19258153127,
2020-05-26 00:00:00+00:00,8835.13725336061,8835.13725336061,8835.13725336061,8835.13725336061,
2020-05-27 00:00:00+00:00,9169.05743921683,9169.05743921683,9169.05743921683,9169.05743921683,
2020-05-28 00:00:00+00:00,9568.26185300994,9568.26185300994,9568.26185300994,9568.26185300994,
2020-05-29 00:00:00+00:00,9432.41333343074,9432.41333343074,9432.41333343074,9432.41333343074,
2020-05-30 00:00:00+00:00,9691.68049117475,9691.68049117475,9691.68049117475,9691.68049117475,
2020-05-31 00:00:00+00:00,9433.94384663939,9433.94384663939,9433.94384663939,9433.94384663939,
2020-06-01 00:00:00+00:00,10199.1350542373,10199.1350542373,10199.1350542373,10199.1350542373,
2020-06-02 00:00:00+00:00,9512.34653302163,9512.34653302163,9512.34653302163,9512.34653302163,
2020-06-03 00:00:00+00:00,9642.27340035067,9642.27340035067,9642.27340035067,9642.27340035067,
2020-06-04 00:00:00+00:00,9813.36067913501,9813.36067913501,9813.36067913501,9813.36067913501,
2020-06-05 00:00:00+00:00,9641.8916225599,9641.8916225599,9641.8916225599,9641.8916225599,
2020-06-06 00:00:00+00:00,9668.67053857393,9668.67053857393,9668.67053857393,9668.67053857393,
2020-06-07 00:00:00+00:00,9747.58011104617,9747.58011104617,9747.58011104617,9747.58011104617,
2020-06-08 00:00:00+00:00,9769.34236148451,9769.34236148451,9769.34236148451,9769.34236148451,
2020-06-09 00:00:00+00:00,9779.42216566335,9779.42216566335,9779.42216566335,9779.42216566335,
2020-06-10 00:00:00+00:00,9888.44417469316,9888.44417469316,9888.44417469316,9888.44417469316,
2020-06-11 00:00:00+00:00,9277.45116931619,9277.45116931619,9277.45116931619,9277.45116931619,
2020-06-12 00:00:00+00:00,9456.16153331385,9456.16153331385,9456.16153331385,9456.16153331385,
2020-06-13 00:00:00+00:00,9461.33379865576,9461.33379865576,9461.33379865576,9461.33379865576,
2020-06-14 00:00:00+00:00,9342.955635301,9342.955635301,9342.955635301,9342.955635301,
2020-06-15 00:00:00+00:00,9441.38321127995,9441.38321127995,9441.38321127995,9441.38321127995,
2020-06-16 00:00:00+00:00,9520.09194827586,9520.09194827586,9520.09194827586,9520.09194827586,
2020-06-17 00:00:00+00:00,9448.69356060783,9448.69356060783,9448.69356060783,9448.69356060783,
2020-06-18 00:00:00+00:00,9389.99076639392,9389.99076639392,9389.99076639392,9389.99076639392,
2020-06-19 00:00:00+00:00,9285.99158293396,9285.99158293396,9285.99158293396,9285.99158293396,
2020-06-20 00:00:00+00:00,9357.29246446522,9357.29246446522,9357.29246446522,9357.29246446522,
2020-06-21 00:00:00+00:00,9284.76937182934,9284.76937182934,9284.76937182934,9284.76937182934,
2020-06-22 00:00:00+00:00,9684.62018474576,9684.62018474576,9684.62018474576,9684.62018474576,
2020-06-23 00:00:00+00:00,9611.72599824664,9611.72599824664,9611.72599824664,9611.72599824664,
2020-06-24 00:00:00+00:00,9292.94354354179,9292.94354354179,9292.94354354179,9292.94354354179,
2020-06-25 00:00:00+00:00,9247.12143249561,9247.12143249561,9247.12143249561,9247.12143249561,
2020-06-26 00:00:00+00:00,9159.43777206312,9159.43777206312,9159.43777206312,9159.43777206312,
2020-06-27 00:00:00+00:00,9002.16561718293,9002.16561718293,9002.16561718293,9002.16561718293,
2020-06-28 00:00:00+00:00,9108.06567457627,9108.06567457627,9108.06567457627,9108.06567457627,
2020-06-29 00:00:00+00:00,9184.24736627703,9184.24736627703,9184.24736627703,9184.24736627703,
2020-06-30 00:00:00+00:00,9143.96758530099,9143.96758530099,9143.96758530099,9143.96758530099,
2020-07-01 00:00:00+00:00,9241.33961239041,9241.33961239041,9241.33961239041,9241.33961239041,
2020-07-02 00:00:00+00:00,9094.38728679135,9094.38728679135,9094.38728679135,9094.38728679135,
2020-07-03 00:00:00+00:00,9066.69069661017,9066.69069661017,9066.69069661017,9066.69069661017,
2020-07-04 00:00:00+00:00,9126.21955493863,9126.21955493863,9126.21955493863,9126.21955493863,
2020-07-05 00:00:00+00:00,9079.61401808884,9079.61401808884,9079.61401808884,9079.61401808884,
2020-07-06 00:00:00+00:00,9338.94259117475,9338.94259117475,9338.94259117475,9338.94259117475,
2020-07-07 00:00:00+00:00,9252.15873261251,9252.15873261251,9252.15873261251,9252.15873261251,
2020-07-08 00:00:00+00:00,9434.56795645821,9434.56795645821,9434.56795645821,9434.56795645821,
2020-07-09 00:00:00+00:00,9231.50234751607,9231.50234751607,9231.50234751607,9231.50234751607,
2020-07-10 00:00:00+00:00,9285.22101542957,9285.22101542957,9285.22101542957,9285.22101542957,
2020-07-11 00:00:00+00:00,9237.17100818235,9237.17100818235,9237.17100818235,9237.17100818235,
2020-07-12 00:00:00+00:00,9289.09797691408,9289.09797691408,9289.09797691408,9289.09797691408,
2020-07-13 00:00:00+00:00,9236.62250116891,9236.62250116891,9236.62250116891,9236.62250116891,
2020-07-14 00:00:00+00:00,9260.3569868498,9260.3569868498,9260.3569868498,9260.3569868498,
2020-07-15 00:00:00+00:00,9196.72555897136,9196.72555897136,9196.72555897136,9196.72555897136,
2020-07-16 00:00:00+00:00,9132.59231209818,9132.59231209818,9132.59231209818,9132.59231209818,
2020-07-17 00:00:00+00:00,9156.46870976037,9156.46870976037,9156.46870976037,9156.46870976037,
2020-07-18 00:00:00+00:00,9175.90530859147,9175.90530859147,9175.90530859147,9175.90530859147,
2020-07-19 00:00:00+00:00,9218.84231081239,9218.84231081239,9218.84231081239,9218.84231081239,
2020-07-20 00:00:00+00:00,9167.19056750439,9167.19056750439,9167.19056750439,9167.19056750439,
2020-07-21 00:00:00+00:00,9388.57434979544,9388.57434979544,9388.57434979544,9388.57434979544,
2020-07-22 00:00:00+00:00,9531.2574301578,9531.2574301578,9531.2574301578,9531.2574301578,
2020-07-23 00:00:00+00:00,9609.16671537113,9609.16671537113,9609.16671537113,9609.16671537113,
2020-07-24 00:00:00+00:00,9548.1007270602,9548.1007270602,9548.1007270602,9548.1007270602,
2020-07-25 00:00:00+00:00,9702.45279047341,9702.45279047341,9702.45279047341,9702.45279047341,
2020-07-26 00:00:00+00:00,9933.90655423729,9933.90655423729,9933.90655423729,9933.90655423729,
2020-07-27 00:00:00+00:00,11046.5083295149,11046.5083295149,11046.5083295149,11046.5083295149,
2020-07-28 00:00:00+00:00,10944.6129789012,10944.6129789012,10944.6129789012,10944.6129789012,
2020-07-29 00:00:00+00:00,11115.7712819988,11115.7712819988,11115.7712819988,11115.7712819988,
2020-07-30 00:00:00+00:00,11135.3907261835,11135.3907261835,11135.3907261835,11135.3907261835,
2020-07-31 00:00:00+00:00,11338.1973407949,11338.1973407949,11338.1973407949,11338.1973407949,
2020-08-01 00:00:00+00:00,11797.5821265342,11797.5821265342,11797.5821265342,11797.5821265342,
2020-08-02 00:00:00+00:00,11094.0206841321,11094.0206841321,11094.0206841321,11094.0206841321,
2020-08-03 00:00:00+00:00,11236.0956805377,11236.0956805377,11236.0956805377,11236.0956805377,
2020-08-04 00:00:00+00:00,11202.651909059,11202.651909059,11202.651909059,11202.651909059,
2020-08-05 00:00:00+00:00,11721.4384715956,11721.4384715956,11721.4384715956,11721.4384715956,
2020-08-06 00:00:00+00:00,11769.3091081239,11769.3091081239,11769.3091081239,11769.3091081239,
2020-08-07 00:00:00+00:00,11598.9690585038,11598.9690585038,11598.9690585038,11598.9690585038,
2020-08-08 00:00:00+00:00,11743.0086350088,11743.0086350088,11743.0086350088,11743.0086350088,
2020-08-09 00:00:00+00:00,11680.5173661601,11680.5173661601,11680.5173661601,11680.5173661601,
2020-08-10 00:00:00+00:00,11870.3695447107,11870.3695447107,11870.3695447107,11870.3695447107,
2020-08-11 00:00:00+00:00,11392.6440884278,11392.6440884278,11392.6440884278,11392.6440884278,
2020-08-12 00:00:00+00:00,11575.5124736996,11575.5124736996,11575.5124736996,11575.5124736996,
2020-08-13 00:00:00+00:00,11773.4481155465,11773.4481155465,11773.4481155465,11773.4481155465,
2020-08-14 00:00:00+00:00,11774.4082518995,11774.4082518995,11774.4082518995,11774.4082518995,
2020-08-15 00:00:00+00:00,11866.9103613092,11866.9103613092,11866.9103613092,11866.9103613092,
2020-08-16 00:00:00+00:00,11899.6427535944,11899.6427535944,11899.6427535944,11899.6427535944,
2020-08-17 00:00:00+00:00,12315.7624166569,12315.7624166569,12315.7624166569,12315.7624166569,
2020-08-18 00:00:00+00:00,11992.6959962595,11992.6959962595,11992.6959962595,11992.6959962595,
2020-08-19 00:00:00+00:00,11736.8490645237,11736.8490645237,11736.8490645237,11736.8490645237,
2020-08-20 00:00:00+00:00,11867.5203439509,11867.5203439509,11867.5203439509,11867.5203439509,
2020-08-21 00:00:00+00:00,11524.6989491525,11524.6989491525,11524.6989491525,11524.6989491525,
2020-08-22 00:00:00+00:00,11682.2891503799,11682.2891503799,11682.2891503799,11682.2891503799,
2020-08-23 00:00:00+00:00,11665.6092735243,11665.6092735243,11665.6092735243,11665.6092735243,
2020-08-24 00:00:00+00:00,11771.4080537405,11771.4080537405,11771.4080537405,11771.4080537405,
2020-08-25 00:00:00+00:00,11358.4543202805,11358.4543202805,11358.4543202805,11358.4543202805,
2020-08-26 00:00:00+00:00,11472.0491204559,11472.0491204559,11472.0491204559,11472.0491204559,
2020-08-27 00:00:00+00:00,11314.6737410286,11314.6737410286,11314.6737410286,11314.6737410286,
2020-08-28 00:00:00+00:00,11527.8830322326,11527.8830322326,11527.8830322326,11527.8830322326,
2020-08-29 00:00:00+00:00,11490.7623477499,11490.7623477499,11490.7623477499,11490.7623477499,
2020-08-30 00:00:00+00:00,11698.9758329632,11698.9758329632,11698.9758329632,11698.9758329632,
2020-08-31 00:00:00+00:00,11678.3482268849,11678.3482268849,11678.3482268849,11678.3482268849,
2020-09-01 00:00:00+00:00,11970.364856166,11970.364856166,11970.364856166,11970.364856166,
2020-09-02 00:00:00+00:00,11414.5209336645,11414.5209336645,11414.5209336645,11414.5209336645,
2020-09-03 00:00:00+00:00,10261.4944095266,10261.4944095266,10261.4944095266,10261.4944095266,
2020-09-04 00:00:00+00:00,10471.9664133255,10471.9664133255,10471.9664133255,10471.9664133255,
2020-09-05 00:00:00+00:00,10128.64358609,10128.64358609,10128.64358609,10128.64358609,
2020-09-06 00:00:00+00:00,10253.2998980129,10253.2998980129,10253.2998980129,10253.2998980129,
2020-09-07 00:00:00+00:00,10367.8783543542,10367.8783543542,10367.8783543542,10367.8783543542,
2020-09-08 00:00:00+00:00,10108.6354501461,10108.6354501461,10108.6354501461,10108.6354501461,
2020-09-09 00:00:00+00:00,10223.1114091175,10223.1114091175,10223.1114091175,10223.1114091175,
2020-09-10 00:00:00+00:00,10334.6307302162,10334.6307302162,10334.6307302162,10334.6307302162,
2020-09-11 00:00:00+00:00,10387.0207419638,10387.0207419638,10387.0207419638,10387.0207419638,
2020-09-12 00:00:00+00:00,10436.9778322618,10436.9778322618,10436.9778322618,10436.9778322618,
2020-09-13 00:00:00+00:00,10322.5236148451,10322.5236148451,10322.5236148451,10322.5236148451,
2020-09-14 00:00:00+00:00,10662.719912332,10662.719912332,10662.719912332,10662.719912332,
2020-09-15 00:00:00+00:00,10779.3810249562,10779.3810249562,10779.3810249562,10779.3810249562,
2020-09-16 00:00:00+00:00,10968.3205465809,10968.3205465809,10968.3205465809,10968.3205465809,
2020-09-17 00:00:00+00:00,10936.2927505552,10936.2927505552,10936.2927505552,10936.2927505552,
2020-09-18 00:00:00+00:00,10920.1128439509,10920.1128439509,10920.1128439509,10920.1128439509,
2020-09-19 00:00:00+00:00,11073.7795478083,11073.7795478083,11073.7795478083,11073.7795478083,
2020-09-20 00:00:00+00:00,10921.2180998247,10921.2180998247,10921.2180998247,10921.2180998247,
2020-09-21 00:00:00+00:00,10455.3799623027,10455.3799623027,10455.3799623027,10455.3799623027,
2020-09-22 00:00:00+00:00,10519.8391641146,10519.8391641146,10519.8391641146,10519.8391641146,
2020-09-23 00:00:00+00:00,10233.2995687317,10233.2995687317,10233.2995687317,10233.2995687317,
2020-09-24 00:00:00+00:00,10739.0427094097,10739.0427094097,10739.0427094097,10739.0427094097,
2020-09-25 00:00:00+00:00,10683.6305806546,10683.6305806546,10683.6305806546,10683.6305806546,
2020-09-26 00:00:00+00:00,10742.0304202221,10742.0304202221,10742.0304202221,10742.0304202221,
2020-09-27 00:00:00+00:00,10758.8242899474,10758.8242899474,10758.8242899474,10758.8242899474,
2020-09-28 00:00:00+00:00,10727.3750541204,10727.3750541204,10727.3750541204,10727.3750541204,
2020-09-29 00:00:00+00:00,10841.1427444769,10841.1427444769,10841.1427444769,10841.1427444769,
2020-09-30 00:00:00+00:00,10772.351766803,10772.351766803,10772.351766803,10772.351766803,
2020-10-01 00:00:00+00:00,10606.6173325541,10606.6173325541,10606.6173325541,10606.6173325541,
2020-10-02 00:00:00+00:00,10570.1056777908,10570.1056777908,10570.1056777908,10570.1056777908,
2020-10-03 00:00:00+00:00,10555.7054339567,10555.7054339567,10555.7054339567,10555.7054339567,
2020-10-04 00:00:00+00:00,10665.618622443,10665.618622443,10665.618622443,10665.618622443,
2020-10-05 00:00:00+00:00,10772.6355995909,10772.6355995909,10772.6355995909,10772.6355995909,
2020-10-06 00:00:00+00:00,10596.3735493863,10596.3735493863,10596.3735493863,10596.3735493863,
2020-10-07 00:00:00+00:00,10667.1943941555,10667.1943941555,10667.1943941555,10667.1943941555,
2020-10-08 00:00:00+00:00,10902.5293637054,10902.5293637054,10902.5293637054,10902.5293637054,
2020-10-09 00:00:00+00:00,11074.1036797779,11074.1036797779,11074.1036797779,11074.1036797779,
2020-10-10 00:00:00+00:00,11302.8542864407,11302.8542864407,11302.8542864407,11302.8542864407,
2020-10-11 00:00:00+00:00,11378.2625284629,11378.2625284629,11378.2625284629,11378.2625284629,
2020-10-12 00:00:00+00:00,11548.401556692,11548.401556692,11548.401556692,11548.401556692,
2020-10-13 00:00:00+00:00,11434.9687849211,11434.9687849211,11434.9687849211,11434.9687849211,
2020-10-14 00:00:00+00:00,11417.10811391,11417.10811391,11417.10811391,11417.10811391,
2020-10-15 00:00:00+00:00,11502.5812390415,11502.5812390415,11502.5812390415,11502.5812390415,
2020-10-16 00:00:00+00:00,11338.9871765634,11338.9871765634,11338.9871765634,11338.9871765634,
2020-10-17 00:00:00+00:00,11362.8022174167,11362.8022174167,11362.8022174167,11362.8022174167,
2020-10-18 00:00:00+00:00,11489.6225650497,11489.6225650497,11489.6225650497,11489.6225650497,
2020-10-19 00:00:00+00:00,11745.8119675628,11745.8119675628,11745.8119675628,11745.8119675628,
2020-10-20 00:00:00+00:00,11929.4572507306,11929.4572507306,11929.4572507306,11929.4572507306,
2020-10-21 00:00:00+00:00,12848.4906177674,12848.4906177674,12848.4906177674,12848.4906177674,
2020-10-22 00:00:00+00:00,12997.4993417884,12997.4993417884,12997.4993417884,12997.4993417884,
2020-10-23 00:00:00+00:00,12953.4296969608,12953.4296969608,12953.4296969608,12953.4296969608,
2020-10-24 00:00:00+00:00,13113.8669231444,13113.8669231444,13113.8669231444,13113.8669231444,
2020-10-25 00:00:00+00:00,13041.6410374635,13041.6410374635,13041.6410374635,13041.6410374635,
2020-10-26 00:00:00+00:00,13080.6561698422,13080.6561698422,13080.6561698422,13080.6561698422,
2020-10-27 00:00:00+00:00,13675.5239275278,13675.5239275278,13675.5239275278,13675.5239275278,
2020-10-28 00:00:00+00:00,13290.3288497954,13290.3288497954,13290.3288497954,13290.3288497954,
2020-10-29 00:00:00+00:00,13475.2173007013,13475.2173007013,13475.2173007013,13475.2173007013,
2020-10-30 00:00:00+00:00,13603.2960908825,13603.2960908825,13603.2960908825,13603.2960908825,
2020-10-31 00:00:00+00:00,13807.2336110462,13807.2336110462,13807.2336110462,13807.2336110462,
2020-11-01 00:00:00+00:00,13736.89941128,13736.89941128,13736.89941128,13736.89941128,
2020-11-02 00:00:00+00:00,13595.5647603741,13595.5647603741,13595.5647603741,13595.5647603741,
2020-11-03 00:00:00+00:00,13996.915398597312,13996.915398597312,13996.915398597312,13996.915398597312,
2020-11-04 00:00:00+00:00,14129.148195499703,14129.148195499703,14129.148195499703,14129.148195499703,
2020-11-05 00:00:00+00:00,15606.46683372297,15606.46683372297,15606.46683372297,15606.46683372297,
2020-11-06 00:00:00+00:00,15618.972471361778,15618.972471361778,15618.972471361778,15618.972471361778,
2020-11-07 00:00:00+00:00,14866.356304500296,14866.356304500296,14866.356304500296,14866.356304500296,
2020-11-08 00:00:00+00:00,15500.000707188785,15500.000707188785,15500.000707188785,15500.000707188785,
2020-11-09 00:00:00+00:00,15319.819972530682,15319.819972530682,15319.819972530682,15319.819972530682,
2020-11-10 00:00:00+00:00,15319.27567621274,15319.27567621274,15319.27567621274,15319.27567621274,
2020-11-11 00:00:00+00:00,15731.241105786092,15731.241105786092,15731.241105786092,15731.241105786092,
2020-11-12 00:00:00+00:00,16289.814897720637,16289.814897720637,16289.814897720637,16289.814897720637,
2020-11-13 00:00:00+00:00,16330.06276797195,16330.06276797195,16330.06276797195,16330.06276797195,
2020-11-14 00:00:00+00:00,16102.010016949156,16102.010016949156,16102.010016949156,16102.010016949156,
2020-11-15 00:00:00+00:00,15986.7549905903,15986.7549905903,15986.7549905903,15986.7549905903,
2020-11-16 00:00:00+00:00,16743.05393980129,16743.05393980129,16743.05393980129,16743.05393980129,
2020-11-17 00:00:00+00:00,17682.16918702513,17682.16918702513,17682.16918702513,17682.16918702513,
2020-11-18 00:00:00+00:00,17804.690023962594,17804.690023962594,17804.690023962594,17804.690023962594,
2020-11-19 00:00:00+00:00,17818.668662185857,17818.668662185857,17818.668662185857,17818.668662185857,
2020-11-20 00:00:00+00:00,18663.78185312683,18663.78185312683,18663.78185312683,18663.78185312683,
2020-11-21 00:00:00+00:00,18706.58933541788,18706.58933541788,18706.58933541788,18706.58933541788,
2020-11-22 00:00:00+00:00,18482.692631735823,18482.692631735823,18482.692631735823,18482.692631735823,
2020-11-23 00:00:00+00:00,18373.2577597896,18373.2577597896,18373.2577597896,18373.2577597896,
2020-11-24 00:00:00+00:00,19150.251048509646,19150.251048509646,19150.251048509646,19150.251048509646,
2020-11-25 00:00:00+00:00,18748.393713033314,18748.393713033314,18748.393713033314,18748.393713033314,
2020-11-26 00:00:00+00:00,17113.716871420223,17113.716871420223,17113.716871420223,17113.716871420223,
2020-11-27 00:00:00+00:00,17101.603018059614,17101.603018059614,17101.603018059614,17101.603018059614,
2020-11-28 00:00:00+00:00,17745.377312448858,17745.377312448858,17745.377312448858,17745.377312448858,
2020-11-29 00:00:00+00:00,18190.866880420806,18190.866880420806,18190.866880420806,18190.866880420806,
2020-11-30 00:00:00+00:00,19664.407606662764,19664.407606662764,19664.407606662764,19664.407606662764,
2020-12-01 00:00:00+00:00,18820.60778959673,18820.60778959673,18820.60778959673,18820.60778959673,
2020-12-02 00:00:00+00:00,19214.872229047334,19214.872229047334,19214.872229047334,19214.872229047334,
2020-12-03 00:00:00+00:00,19470.31120806546,19470.31120806546,19470.31120806546,19470.31120806546,
2020-12-04 00:00:00+00:00,18732.967090999413,18732.967090999413,18732.967090999413,18732.967090999413,
2020-12-05 00:00:00+00:00,19114.633130917588,19114.633130917588,19114.633130917588,19114.633130917588,
2020-12-06 00:00:00+00:00,19356.3136767972,19356.3136767972,19356.3136767972,19356.3136767972,
2020-12-07 00:00:00+00:00,19182.176832846293,19182.176832846293,19182.176832846293,19182.176832846293,
2020-12-08 00:00:00+00:00,18340.97813769725,18340.97813769725,18340.97813769725,18340.97813769725,
2020-12-09 00:00:00+00:00,18574.69673524255,18574.69673524255,18574.69673524255,18574.69673524255,
2020-12-10 00:00:00+00:00,18294.84695149036,18294.84695149036,18294.84695149036,18294.84695149036,
2020-12-11 00:00:00+00:00,18061.760025716,18061.760025716,18061.760025716,18061.760025716,
2020-12-12 00:00:00+00:00,18813.2837685564,18813.2837685564,18813.2837685564,18813.2837685564,
2020-12-13 00:00:00+00:00,19156.0825055523,19156.0825055523,19156.0825055523,19156.0825055523,
2020-12-14 00:00:00+00:00,19286.7512992402,19286.7512992402,19286.7512992402,19286.7512992402,
2020-12-15 00:00:00+00:00,19432.5884640561,19432.5884640561,19432.5884640561,19432.5884640561,
2020-12-16 00:00:00+00:00,21370.7203186441,21370.7203186441,21370.7203186441,21370.7203186441,
2020-12-17 00:00:00+00:00,22789.2674160725,22789.2674160725,22789.2674160725,22789.2674160725,
2020-12-18 00:00:00+00:00,23048.7645610754,23048.7645610754,23048.7645610754,23048.7645610754,
2020-12-19 00:00:00+00:00,23856.7735192285,23856.7735192285,23856.7735192285,23856.7735192285,
2020-12-20 00:00:00+00:00,23528.5506135593,23528.5506135593,23528.5506135593,23528.5506135593,
2020-12-21 00:00:00+00:00,22937.4183435418,22937.4183435418,22937.4183435418,22937.4183435418,
2020-12-22 00:00:00+00:00,23756.8887685564,23756.8887685564,23756.8887685564,23756.8887685564,
2020-12-23 00:00:00+00:00,23307.2709018118,23307.2709018118,23307.2709018118,23307.2709018118,
2020-12-24 00:00:00+00:00,23707.6330440678,23707.6330440678,23707.6330440678,23707.6330440678,
2020-12-25 00:00:00+00:00,24669.1643220339,24669.1643220339,24669.1643220339,24669.1643220339,
2020-12-26 00:00:00+00:00,26478.0681052016,26478.0681052016,26478.0681052016,26478.0681052016,
2020-12-27 00:00:00+00:00,26430.8565971946,26430.8565971946,26430.8565971946,26430.8565971946,
2020-12-28 00:00:00+00:00,27039.3490199883,27039.3490199883,27039.3490199883,27039.3490199883,
2020-12-29 00:00:00+00:00,27231.2034552893,27231.2034552893,27231.2034552893,27231.2034552893,
2020-12-30 00:00:00+00:00,28844.6136781999,28844.6136781999,28844.6136781999,28844.6136781999,
2020-12-31 00:00:00+00:00,29022.6714126242,29022.6714126242,29022.6714126242,29022.6714126242,
2021-01-01 00:00:00+00:00,29380.6937327878,29380.6937327878,29380.6937327878,29380.6937327878,
2021-01-02 00:00:00+00:00,32022.6810578609,32022.6810578609,32022.6810578609,32022.6810578609,
2021-01-03 00:00:00+00:00,33277.8353050848,33277.8353050848,33277.8353050848,33277.8353050848,
2021-01-04 00:00:00+00:00,31802.1467136178,31802.1467136178,31802.1467136178,31802.1467136178,
2021-01-05 00:00:00+00:00,34013.1741724138,34013.1741724138,34013.1741724138,34013.1741724138,
2021-01-06 00:00:00+00:00,36643.2777223846,36643.2777223846,36643.2777223846,36643.2777223846,
2021-01-07 00:00:00+00:00,39215.6511490356,39215.6511490356,39215.6511490356,39215.6511490356,
2021-01-08 00:00:00+00:00,40775.4045634132,40775.4045634132,40775.4045634132,40775.4045634132,
2021-01-09 00:00:00+00:00,40370.6823495032,40370.6823495032,40370.6823495032,40370.6823495032,
2021-01-10 00:00:00+00:00,38329.3401665693,38329.3401665693,38329.3401665693,38329.3401665693,
2021-01-11 00:00:00+00:00,35269.5137177089,35269.5137177089,35269.5137177089,35269.5137177089,
2021-01-12 00:00:00+00:00,33712.4685452952,33712.4685452952,33712.4685452952,33712.4685452952,
2021-01-13 00:00:00+00:00,37296.5475277615,37296.5475277615,37296.5475277615,37296.5475277615,
2021-01-14 00:00:00+00:00,39045.518340152,39045.518340152,39045.518340152,39045.518340152,
2021-01-15 00:00:00+00:00,36710.3174248977,36710.3174248977,36710.3174248977,36710.3174248977,
2021-01-16 00:00:00+00:00,36177.2610970193,36177.2610970193,36177.2610970193,36177.2610970193,
2021-01-17 00:00:00+00:00,36069.939466803,36069.939466803,36069.939466803,36069.939466803,
2021-01-18 00:00:00+00:00,36594.2964018118,36594.2964018118,36594.2964018118,36594.2964018118,
2021-01-19 00:00:00+00:00,36250.1461893629,36250.1461893629,36250.1461893629,36250.1461893629,
2021-01-20 00:00:00+00:00,35515.480012858,35515.480012858,35515.480012858,35515.480012858,
2021-01-21 00:00:00+00:00,31022.9510280538,31022.9510280538,31022.9510280538,31022.9510280538,
2021-01-22 00:00:00+00:00,32986.4357568673,32986.4357568673,32986.4357568673,32986.4357568673,
2021-01-23 00:00:00+00:00,32036.2822723553,32036.2822723553,32036.2822723553,32036.2822723553,
2021-01-24 00:00:00+00:00,32216.1042904734,32216.1042904734,32216.1042904734,32216.1042904734,
2021-01-25 00:00:00+00:00,32419.7059462303,32419.7059462303,32419.7059462303,32419.7059462303,
2021-01-26 00:00:00+00:00,32640.6391426067,32640.6391426067,32640.6391426067,32640.6391426067,
2021-01-27 00:00:00+00:00,30358.9347235535,30358.9347235535,30358.9347235535,30358.9347235535,
2021-01-28 00:00:00+00:00,33511.287595149,33511.287595149,33511.287595149,33511.287595149,
2021-01-29 00:00:00+00:00,34166.1494259497,34166.1494259497,34166.1494259497,34166.1494259497,
2021-01-30 00:00:00+00:00,34349.9170952659,34349.9170952659,34349.9170952659,34349.9170952659,
2021-01-31 00:00:00+00:00,33157.8325745178,33157.8325745178,33157.8325745178,33157.8325745178,
2021-02-01 00:00:00+00:00,33570.2718468732,33570.2718468732,33570.2718468732,33570.2718468732,
2021-02-02 00:00:00+00:00,35596.1489094097,35596.1489094097,35596.1489094097,35596.1489094097,
2021-02-03 00:00:00+00:00,37578.3732068966,37578.3732068966,37578.3732068966,37578.3732068966,
2021-02-04 00:00:00+00:00,37129.2029376972,37129.2029376972,37129.2029376972,37129.2029376972,
2021-02-05 00:00:00+00:00,38045.4136084161,38045.4136084161,38045.4136084161,38045.4136084161,
2021-02-06 00:00:00+00:00,39341.727081239,39341.727081239,39341.727081239,39341.727081239,
2021-02-07 00:00:00+00:00,39003.0121817651,39003.0121817651,39003.0121817651,39003.0121817651,
2021-02-08 00:00:00+00:00,46121.9340724722,46121.9340724722,46121.9340724722,46121.9340724722,
2021-02-09 00:00:00+00:00,46548.1619912332,46548.1619912332,46548.1619912332,46548.1619912332,
2021-02-10 00:00:00+00:00,45078.128350263,45078.128350263,45078.128350263,45078.128350263,
2021-02-11 00:00:00+00:00,47892.8409181765,47892.8409181765,47892.8409181765,47892.8409181765,
2021-02-12 00:00:00+00:00,47525.2091431911,47525.2091431911,47525.2091431911,47525.2091431911,
2021-02-13 00:00:00+00:00,47208.6250270602,47208.6250270602,47208.6250270602,47208.6250270602,
2021-02-14 00:00:00+00:00,48829.8275096435,48829.8275096435,48829.8275096435,48829.8275096435,
2021-02-15 00:00:00+00:00,48110.2417334892,48110.2417334892,48110.2417334892,48110.2417334892,
2021-02-16 00:00:00+00:00,49140.3826578024,49140.3826578024,49140.3826578024,49140.3826578024,
2021-02-17 00:00:00+00:00,52224.9391139684,52224.9391139684,52224.9391139684,52224.9391139684,
2021-02-18 00:00:00+00:00,51650.0699485681,51650.0699485681,51650.0699485681,51650.0699485681,
2021-02-19 00:00:00+00:00,55820.5044038574,55820.5044038574,55820.5044038574,55820.5044038574,
2021-02-20 00:00:00+00:00,55861.8205670953,55861.8205670953,55861.8205670953,55861.8205670953,
2021-02-21 00:00:00+00:00,57500.7161102864,57500.7161102864,57500.7161102864,57500.7161102864,
2021-02-22 00:00:00+00:00,53952.1533386324,53952.1533386324,53952.1533386324,53952.1533386324,
2021-02-23 00:00:00+00:00,48560.4890350672,48560.4890350672,48560.4890350672,48560.4890350672,
2021-02-24 00:00:00+00:00,49567.3456890707,49567.3456890707,49567.3456890707,49567.3456890707,
2021-02-25 00:00:00+00:00,47568.131170076,47568.131170076,47568.131170076,47568.131170076,
2021-02-26 00:00:00+00:00,46231.7675784921,46231.7675784921,46231.7675784921,46231.7675784921,
2021-02-27 00:00:00+00:00,45834.5133611923,45834.5133611923,45834.5133611923,45834.5133611923,
2021-02-28 00:00:00+00:00,45359.4641642314,45359.4641642314,45359.4641642314,45359.4641642314,
2021-03-01 00:00:00+00:00,49634.4471092928,49634.4471092928,49634.4471092928,49634.4471092928,
2021-03-02 00:00:00+00:00,48304.7054879018,48304.7054879018,48304.7054879018,48304.7054879018,
2021-03-03 00:00:00+00:00,50690.4671835184,50690.4671835184,50690.4671835184,50690.4671835184,
2021-03-04 00:00:00+00:00,48472.7954751607,48472.7954751607,48472.7954751607,48472.7954751607,
2021-03-05 00:00:00+00:00,48800.8173594389,48800.8173594389,48800.8173594389,48800.8173594389,
2021-03-06 00:00:00+00:00,48970.5244868498,48970.5244868498,48970.5244868498,48970.5244868498,
2021-03-07 00:00:00+00:00,51086.4681794272,51086.4681794272,51086.4681794272,51086.4681794272,
2021-03-08 00:00:00+00:00,52088.475131502,52088.475131502,52088.475131502,52088.475131502,
2021-03-09 00:00:00+00:00,54739.1352542373,54739.1352542373,54739.1352542373,54739.1352542373,
2021-03-10 00:00:00+00:00,56116.040912332,56116.040912332,56116.040912332,56116.040912332,
2021-03-11 00:00:00+00:00,57847.2549357101,57847.2549357101,57847.2549357101,57847.2549357101,
2021-03-12 00:00:00+00:00,57334.641534775,57334.641534775,57334.641534775,57334.641534775,
2021-03-13 00:00:00+00:00,61288.7941276447,61288.7941276447,61288.7941276447,61288.7941276447,
2021-03-14 00:00:00+00:00,59905.6184704851,59905.6184704851,59905.6184704851,59905.6184704851,
2021-03-15 00:00:00+00:00,56121.121924021,56121.121924021,56121.121924021,56121.121924021,
2021-03-16 00:00:00+00:00,56500.4460257159,56500.4460257159,56500.4460257159,56500.4460257159,
2021-03-17 00:00:00+00:00,58683.0659824664,58683.0659824664,58683.0659824664,58683.0659824664,
2021-03-18 00:00:00+00:00,57731.4798410871,57731.4798410871,57731.4798410871,57731.4798410871,
2021-03-19 00:00:00+00:00,58168.1219222677,58168.1219222677,58168.1219222677,58168.1219222677,
2021-03-20 00:00:00+00:00,58247.8847066043,58247.8847066043,58247.8847066043,58247.8847066043,
2021-03-21 00:00:00+00:00,57447.9330198714,57447.9330198714,57447.9330198714,57447.9330198714,
2021-03-22 00:00:00+00:00,54453.1373508475,54453.1373508475,54453.1373508475,54453.1373508475,
2021-03-23 00:00:00+00:00,54563.6119458211,54563.6119458211,54563.6119458211,54563.6119458211,
2021-03-24 00:00:00+00:00,52595.4113237873,52595.4113237873,52595.4113237873,52595.4113237873,
2021-03-25 00:00:00+00:00,51547.1248953828,51547.1248953828,51547.1248953828,51547.1248953828,
2021-03-26 00:00:00+00:00,54817.8571122151,54817.8571122151,54817.8571122151,54817.8571122151,
2021-03-27 00:00:00+00:00,56019.8373055523,56019.8373055523,56019.8373055523,56019.8373055523,
2021-03-28 00:00:00+00:00,55713.0381396844,55713.0381396844,55713.0381396844,55713.0381396844,
2021-03-29 00:00:00+00:00,57571.2333477498,57571.2333477498,57571.2333477498,57571.2333477498,
2021-03-30 00:00:00+00:00,58684.5483921683,58684.5483921683,58684.5483921683,58684.5483921683,
2021-03-31 00:00:00+00:00,58792.1948275862,58792.1948275862,58792.1948275862,58792.1948275862,
2021-04-01 00:00:00+00:00,58818.9770985973,58818.9770985973,58818.9770985973,58818.9770985973,
2021-04-02 00:00:00+00:00,59031.5340192285,59031.5340192285,59031.5340192285,59031.5340192285,
2021-04-03 00:00:00+00:00,57282.3896247808,57282.3896247808,57282.3896247808,57282.3896247808,
2021-04-04 00:00:00+00:00,58202.199391993,58202.199391993,58202.199391993,58202.199391993,
2021-04-05 00:00:00+00:00,58755.8525295149,58755.8525295149,58755.8525295149,58755.8525295149,
2021-04-06 00:00:00+00:00,58084.0664231444,58084.0664231444,58084.0664231444,58084.0664231444,
2021-04-07 00:00:00+00:00,56266.8346762127,56266.8346762127,56266.8346762127,56266.8346762127,
2021-04-08 00:00:00+00:00,57963.3445994155,57963.3445994155,57963.3445994155,57963.3445994155,
2021-04-09 00:00:00+00:00,58051.7625563998,58051.7625563998,58051.7625563998,58051.7625563998,
2021-04-10 00:00:00+00:00,59651.5589877265,59651.5589877265,59651.5589877265,59651.5589877265,
2021-04-11 00:00:00+00:00,59932.9306469901,59932.9306469901,59932.9306469901,59932.9306469901,
2021-04-12 00:00:00+00:00,59905.9363744594,59905.9363744594,59905.9363744594,59905.9363744594,
2021-04-13 00:00:00+00:00,63445.638314436,63445.638314436,63445.638314436,63445.638314436,
2021-04-14 00:00:00+00:00,62869.4955873758,62869.4955873758,62869.4955873758,62869.4955873758,
2021-04-15 00:00:00+00:00,63231.162987142,63231.162987142,63231.162987142,63231.162987142,
2021-04-16 00:00:00+00:00,61571.1100905903,61571.1100905903,61571.1100905903,61571.1100905903,
2021-04-17 00:00:00+00:00,60280.8761758036,60280.8761758036,60280.8761758036,60280.8761758036,
2021-04-18 00:00:00+00:00,56389.5579812975,56389.5579812975,56389.5579812975,56389.5579812975,
2021-04-19 00:00:00+00:00,55798.1370771479,55798.1370771479,55798.1370771479,55798.1370771479,
2021-04-20 00:00:00+00:00,56474.3737586207,56474.3737586207,56474.3737586207,56474.3737586207,
2021-04-21 00:00:00+00:00,54025.7995745178,54025.7995745178,54025.7995745178,54025.7995745178,
2021-04-22 00:00:00+00:00,51882.0598106371,51882.0598106371,51882.0598106371,51882.0598106371,
2021-04-23 00:00:00+00:00,50954.9100607832,50954.9100607832,50954.9100607832,50954.9100607832,
2021-04-24 00:00:00+00:00,50279.9484464056,50279.9484464056,50279.9484464056,50279.9484464056,
2021-04-25 00:00:00+00:00,48946.9407428404,48946.9407428404,48946.9407428404,48946.9407428404,
2021-04-26 00:00:00+00:00,53943.3499783752,53943.3499783752,53943.3499783752,53943.3499783752,
2021-04-27 00:00:00+00:00,55027.0309848042,55027.0309848042,55027.0309848042,55027.0309848042,
2021-04-28 00:00:00+00:00,54787.3787071888,54787.3787071888,54787.3787071888,54787.3787071888,
2021-04-29 00:00:00+00:00,53567.0811938048,53567.0811938048,53567.0811938048,53567.0811938048,
2021-04-30 00:00:00+00:00,57741.44441654,57741.44441654,57741.44441654,57741.44441654,
2021-05-01 00:00:00+00:00,57863.5903927528,57863.5903927528,57863.5903927528,57863.5903927528,
2021-05-02 00:00:00+00:00,56572.5968410286,56572.5968410286,56572.5968410286,56572.5968410286,
2021-05-03 00:00:00+00:00,57243.0416054939,57243.0416054939,57243.0416054939,57243.0416054939,
2021-05-04 00:00:00+00:00,53724.10892519,53724.10892519,53724.10892519,53724.10892519,
2021-05-05 00:00:00+00:00,57342.0256616014,57342.0256616014,57342.0256616014,57342.0256616014,
2021-05-06 00:00:00+00:00,56527.3529789597,56527.3529789597,56527.3529789597,56527.3529789597,
2021-05-07 00:00:00+00:00,57341.0684549386,57341.0684549386,57341.0684549386,57341.0684549386,
2021-05-08 00:00:00+00:00,58736.1258950906,58736.1258950906,58736.1258950906,58736.1258950906,
2021-05-09 00:00:00+00:00,58288.4256303916,58288.4256303916,58288.4256303916,58288.4256303916,
2021-05-10 00:00:00+00:00,55902.9277399182,55902.9277399182,55902.9277399182,55902.9277399182,
2021-05-11 00:00:00+00:00,56612.1026487434,56612.1026487434,56612.1026487434,56612.1026487434,
2021-05-12 00:00:00+00:00,50972.355081239,50972.355081239,50972.355081239,50972.355081239,
2021-05-13 00:00:00+00:00,49368.6144739918,49368.6144739918,49368.6144739918,49368.6144739918,
2021-05-14 00:00:00+00:00,49997.3959011105,49997.3959011105,49997.3959011105,49997.3959011105,
2021-05-15 00:00:00+00:00,47047.9633331385,47047.9633331385,47047.9633331385,47047.9633331385,
2021-05-16 00:00:00+00:00,46022.5037090006,46022.5037090006,46022.5037090006,46022.5037090006,
2021-05-17 00:00:00+00:00,43492.3954833431,43492.3954833431,43492.3954833431,43492.3954833431,
2021-05-18 00:00:00+00:00,42789.8093921683,42789.8093921683,42789.8093921683,42789.8093921683,
2021-05-19 00:00:00+00:00,37642.5200017534,37642.5200017534,37642.5200017534,37642.5200017534,
2021-05-20 00:00:00+00:00,40799.4021475745,40799.4021475745,40799.4021475745,40799.4021475745,
2021-05-21 00:00:00+00:00,37174.3311014027,37174.3311014027,37174.3311014027,37174.3311014027,
2021-05-22 00:00:00+00:00,37643.4197983635,37643.4197983635,37643.4197983635,37643.4197983635,
2021-05-23 00:00:00+00:00,34774.207221917,34774.207221917,34774.207221917,34774.207221917,
2021-05-24 00:00:00+00:00,38630.4091186441,38630.4091186441,38630.4091186441,38630.4091186441,
2021-05-25 00:00:00+00:00,38269.7710747516,38269.7710747516,38269.7710747516,38269.7710747516,
2021-05-26 00:00:00+00:00,39194.8588980129,39194.8588980129,39194.8588980129,39194.8588980129,
2021-05-27 00:00:00+00:00,38510.8570417884,38510.8570417884,38510.8570417884,38510.8570417884,
2021-05-28 00:00:00+00:00,35596.7179510228,35596.7179510228,35596.7179510228,35596.7179510228,
2021-05-29 00:00:00+00:00,34681.8183670368,34681.8183670368,34681.8183670368,34681.8183670368,
2021-05-30 00:00:00+00:00,35652.1687703098,35652.1687703098,35652.1687703098,35652.1687703098,
2021-05-31 00:00:00+00:00,37312.9748970193,37312.9748970193,37312.9748970193,37312.9748970193,
2021-06-01 00:00:00+00:00,36661.3781184687,36661.3781184687,36661.3781184687,36661.3781184687,
2021-06-02 00:00:00+00:00,37639.4556732905,37639.4556732905,37639.4556732905,37639.4556732905,
2021-06-03 00:00:00+00:00,39160.1504132086,39160.1504132086,39160.1504132086,39160.1504132086,
2021-06-04 00:00:00+00:00,36884.3735551724,36884.3735551724,36884.3735551724,36884.3735551724,
2021-06-05 00:00:00+00:00,35409.5672366452,35409.5672366452,35409.5672366452,35409.5672366452,
2021-06-06 00:00:00+00:00,35720.6043546464,35720.6043546464,35720.6043546464,35720.6043546464,
2021-06-07 00:00:00+00:00,33724.9077517826,33724.9077517826,33724.9077517826,33724.9077517826,
2021-06-08 00:00:00+00:00,33475.0489234366,33475.0489234366,33475.0489234366,33475.0489234366,
2021-06-09 00:00:00+00:00,37372.9888953828,37372.9888953828,37372.9888953828,37372.9888953828,
2021-06-10 00:00:00+00:00,36826.0022185856,36826.0022185856,36826.0022185856,36826.0022185856,
2021-06-11 00:00:00+00:00,37185.3931268264,37185.3931268264,37185.3931268264,37185.3931268264,
2021-06-12 00:00:00+00:00,35669.1712817066,35669.1712817066,35669.1712817066,35669.1712817066,
2021-06-13 00:00:00+00:00,38925.4194289889,38925.4194289889,38925.4194289889,38925.4194289889,
2021-06-14 00:00:00+00:00,40455.5959833431,40455.5959833431,40455.5959833431,40455.5959833431,
2021-06-15 00:00:00+00:00,40254.6514679135,40254.6514679135,40254.6514679135,40254.6514679135,
2021-06-16 00:00:00+00:00,38265.5437726476,38265.5437726476,38265.5437726476,38265.5437726476,
2021-06-17 00:00:00+00:00,38018.6432346581,38018.6432346581,38018.6432346581,38018.6432346581,
2021-06-18 00:00:00+00:00,35714.3120787259,35714.3120787259,35714.3120787259,35714.3120787259,
2021-06-19 00:00:00+00:00,35555.9763966686,35555.9763966686,35555.9763966686,35555.9763966686,
2021-06-20 00:00:00+00:00,35599.9418784337,35599.9418784337,35599.9418784337,35599.9418784337,
2021-06-21 00:00:00+00:00,31715.1598624196,31715.1598624196,31715.1598624196,31715.1598624196,
2021-06-22 00:00:00+00:00,32394.5555949737,32394.5555949737,32394.5555949737,32394.5555949737,
2021-06-23 00:00:00+00:00,33610.4968129749,33610.4968129749,33610.4968129749,33610.4968129749,
2021-06-24 00:00:00+00:00,34658.972875979,34658.972875979,34658.972875979,34658.972875979,
2021-06-25 00:00:00+00:00,31683.5032004676,31683.5032004676,31683.5032004676,31683.5032004676,
2021-06-26 00:00:00+00:00,31890.6764465225,31890.6764465225,31890.6764465225,31890.6764465225,
2021-06-27 00:00:00+00:00,34506.4911975453,34506.4911975453,34506.4911975453,34506.4911975453,
2021-06-28 00:00:00+00:00,34376.188538983,34376.188538983,34376.188538983,34376.188538983,
2021-06-29 00:00:00+00:00,35933.7782178843,35933.7782178843,35933.7782178843,35933.7782178843,
2021-06-30 00:00:00+00:00,35065.4661533606,35065.4661533606,35065.4661533606,35065.4661533606,
2021-07-01 00:00:00+00:00,33505.0804935126,33505.0804935126,33505.0804935126,33505.0804935126,
2021-07-02 00:00:00+00:00,33782.9459464641,33782.9459464641,33782.9459464641,33782.9459464641,
2021-07-03 00:00:00+00:00,34588.2242916423,34588.2242916423,34588.2242916423,34588.2242916423,
2021-07-04 00:00:00+00:00,35355.6078883694,35355.6078883694,35355.6078883694,35355.6078883694,
2021-07-05 00:00:00+00:00,33911.7538404442,33911.7538404442,33911.7538404442,33911.7538404442,
2021-07-06 00:00:00+00:00,34123.9815680888,34123.9815680888,34123.9815680888,34123.9815680888,
2021-07-07 00:00:00+00:00,33931.6186382233,33931.6186382233,33931.6186382233,33931.6186382233,
2021-07-08 00:00:00+00:00,32819.6595312098,32819.6595312098,32819.6595312098,32819.6595312098,
2021-07-09 00:00:00+00:00,33914.8810742256,33914.8810742256,33914.8810742256,33914.8810742256,
2021-07-10 00:00:00+00:00,33610.9458386908,33610.9458386908,33610.9458386908,33610.9458386908,
2021-07-11 00:00:00+00:00,34258.4413898305,34258.4413898305,34258.4413898305,34258.4413898305,
2021-07-12 00:00:00+00:00,33135.2359117475,33135.2359117475,33135.2359117475,33135.2359117475,
2021-07-13 00:00:00+00:00,32641.9759610169,32641.9759610169,32641.9759610169,32641.9759610169,
2021-07-14 00:00:00+00:00,32798.2845189947,32798.2845189947,32798.2845189947,32798.2845189947,
2021-07-15 00:00:00+00:00,31707.6900368206,31707.6900368206,31707.6900368206,31707.6900368206,
2021-07-16 00:00:00+00:00,31455.7175818819,31455.7175818819,31455.7175818819,31455.7175818819,
2021-07-17 00:00:00+00:00,31547.9511990064,31547.9511990064,31547.9511990064,31547.9511990064,
2021-07-18 00:00:00+00:00,31707.7038527177,31707.7038527177,31707.7038527177,31707.7038527177,
2021-07-19 00:00:00+00:00,30883.4697462303,30883.4697462303,30883.4697462303,30883.4697462303,
2021-07-20 00:00:00+00:00,29766.6577182934,29766.6577182934,29766.6577182934,29766.6577182934,
2021-07-21 00:00:00+00:00,32119.6572258328,32119.6572258328,32119.6572258328,32119.6572258328,
2021-07-22 00:00:00+00:00,32306.9614285798,32306.9614285798,32306.9614285798,32306.9614285798,
2021-07-23 00:00:00+00:00,33439.5957028638,33439.5957028638,33439.5957028638,33439.5957028638,
2021-07-24 00:00:00+00:00,34166.914654588,34166.914654588,34166.914654588,34166.914654588,
2021-07-25 00:00:00+00:00,35119.9374360023,35119.9374360023,35119.9374360023,35119.9374360023,
2021-07-26 00:00:00+00:00,37444.7825102279,37444.7825102279,37444.7825102279,37444.7825102279,
2021-07-27 00:00:00+00:00,39126.5402881356,39126.5402881356,39126.5402881356,39126.5402881356,
2021-07-28 00:00:00+00:00,39939.1940432495,39939.1940432495,39939.1940432495,39939.1940432495,
2021-07-29 00:00:00+00:00,40086.1643950906,40086.1643950906,40086.1643950906,40086.1643950906,
2021-07-30 00:00:00+00:00,41789.6670981882,41789.6670981882,41789.6670981882,41789.6670981882,
2021-07-31 00:00:00+00:00,41793.3137481005,41793.3137481005,41793.3137481005,41793.3137481005,
2021-08-01 00:00:00+00:00,39968.9689544126,39968.9689544126,39968.9689544126,39968.9689544126,
2021-08-02 00:00:00+00:00,39304.1862835769,39304.1862835769,39304.1862835769,39304.1862835769,
2021-08-03 00:00:00+00:00,38288.8253975453,38288.8253975453,38288.8253975453,38288.8253975453,
2021-08-04 00:00:00+00:00,39773.9113489188,39773.9113489188,39773.9113489188,39773.9113489188,
2021-08-05 00:00:00+00:00,40941.650434249,40941.650434249,40941.650434249,40941.650434249,
2021-08-06 00:00:00+00:00,42790.3573284629,42790.3573284629,42790.3573284629,42790.3573284629,
2021-08-07 00:00:00+00:00,44484.9005862069,44484.9005862069,44484.9005862069,44484.9005862069,
2021-08-08 00:00:00+00:00,43972.3010181181,43972.3010181181,43972.3010181181,43972.3010181181,
2021-08-09 00:00:00+00:00,46265.6424564582,46265.6424564582,46265.6424564582,46265.6424564582,
2021-08-10 00:00:00+00:00,45488.7912624196,45488.7912624196,45488.7912624196,45488.7912624196,
2021-08-11 00:00:00+00:00,45676.3263611923,45676.3263611923,45676.3263611923,45676.3263611923,
2021-08-12 00:00:00+00:00,44405.7483483343,44405.7483483343,44405.7483483343,44405.7483483343,
2021-08-13 00:00:00+00:00,47717.4853559322,47717.4853559322,47717.4853559322,47717.4853559322,
2021-08-14 00:00:00+00:00,47124.2050736411,47124.2050736411,47124.2050736411,47124.2050736411,
2021-08-15 00:00:00+00:00,47074.370710111,47074.370710111,47074.370710111,47074.370710111,
2021-08-16 00:00:00+00:00,45984.7199070719,45984.7199070719,45984.7199070719,45984.7199070719,
2021-08-17 00:00:00+00:00,44714.0967982466,44714.0967982466,44714.0967982466,44714.0967982466,
2021-08-18 00:00:00+00:00,44954.3637469316,44954.3637469316,44954.3637469316,44954.3637469316,
2021-08-19 00:00:00+00:00,46646.8615049679,46646.8615049679,46646.8615049679,46646.8615049679,
2021-08-20 00:00:00+00:00,49240.8356049094,49240.8356049094,49240.8356049094,49240.8356049094,
2021-08-21 00:00:00+00:00,49070.2409701929,49070.2409701929,49070.2409701929,49070.2409701929,
2021-08-22 00:00:00+00:00,49363.3160952659,49363.3160952659,49363.3160952659,49363.3160952659,
2021-08-23 00:00:00+00:00,49590.8763676213,49590.8763676213,49590.8763676213,49590.8763676213,
2021-08-24 00:00:00+00:00,47925.8622127411,47925.8622127411,47925.8622127411,47925.8622127411,
2021-08-25 00:00:00+00:00,49002.3166049094,49002.3166049094,49002.3166049094,49002.3166049094,
2021-08-26 00:00:00+00:00,47190.3449929866,47190.3449929866,47190.3449929866,47190.3449929866,
2021-08-27 00:00:00+00:00,49048.4755891292,49048.4755891292,49048.4755891292,49048.4755891292,
2021-08-28 00:00:00+00:00,48852.4687995324,48852.4687995324,48852.4687995324,48852.4687995324,
2021-08-29 00:00:00+00:00,48948.3479579193,48948.3479579193,48948.3479579193,48948.3479579193,
2021-08-30 00:00:00+00:00,47125.7685189947,47125.7685189947,47125.7685189947,47125.7685189947,
2021-08-31 00:00:00+00:00,47219.2443424898,47219.2443424898,47219.2443424898,47219.2443424898,
2021-09-01 00:00:00+00:00,48688.5375572764,48688.5375572764,48688.5375572764,48688.5375572764,
2021-09-02 00:00:00+00:00,49369.5862746932,49369.5862746932,49369.5862746932,49369.5862746932,
2021-09-03 00:00:00+00:00,49860.5341635301,49860.5341635301,49860.5341635301,49860.5341635301,
2021-09-04 00:00:00+00:00,49919.577563647,49919.577563647,49919.577563647,49919.577563647,
2021-09-05 00:00:00+00:00,51747.6438565167,51747.6438565167,51747.6438565167,51747.6438565167,
2021-09-06 00:00:00+00:00,52640.5883740503,52640.5883740503,52640.5883740503,52640.5883740503,
2021-09-07 00:00:00+00:00,46854.4006028638,46854.4006028638,46854.4006028638,46854.4006028638,
2021-09-08 00:00:00+00:00,46187.9757306254,46187.9757306254,46187.9757306254,46187.9757306254,
2021-09-09 00:00:00+00:00,46448.7748290473,46448.7748290473,46448.7748290473,46448.7748290473,
2021-09-10 00:00:00+00:00,44765.2755762712,44765.2755762712,44765.2755762712,44765.2755762712,
2021-09-11 00:00:00+00:00,45098.5916447691,45098.5916447691,45098.5916447691,45098.5916447691,
2021-09-12 00:00:00+00:00,46180.6124563998,46180.6124563998,46180.6124563998,46180.6124563998,
2021-09-13 00:00:00+00:00,44991.5221277031,44991.5221277031,44991.5221277031,44991.5221277031,
2021-09-14 00:00:00+00:00,47022.6177597896,47022.6177597896,47022.6177597896,47022.6177597896,
2021-09-15 00:00:00+00:00,48167.1893676213,48167.1893676213,48167.1893676213,48167.1893676213,
2021-09-16 00:00:00+00:00,47797.3283237873,47797.3283237873,47797.3283237873,47797.3283237873,
2021-09-17 00:00:00+00:00,47213.7941294565,47213.7941294565,47213.7941294565,47213.7941294565,
2021-09-18 00:00:00+00:00,48204.0136519579,48204.0136519579,48204.0136519579,48204.0136519579,
2021-09-19 00:00:00+00:00,47218.4739964933,47218.4739964933,47218.4739964933,47218.4739964933,
2021-09-20 00:00:00+00:00,42855.5103448276,42855.5103448276,42855.5103448276,42855.5103448276,
2021-09-21 00:00:00+00:00,40526.4893760958,40526.4893760958,40526.4893760958,40526.4893760958,
2021-09-22 00:00:00+00:00,43577.5724821742,43577.5724821742,43577.5724821742,43577.5724821742,
2021-09-23 00:00:00+00:00,44861.2980329047,44861.2980329047,44861.2980329047,44861.2980329047,
2021-09-24 00:00:00+00:00,42803.307701052,42803.307701052,42803.307701052,42803.307701052,
2021-09-25 00:00:00+00:00,42735.2658240795,42735.2658240795,42735.2658240795,42735.2658240795,
2021-09-26 00:00:00+00:00,43131.2941773816,43131.2941773816,43131.2941773816,43131.2941773816,
2021-09-27 00:00:00+00:00,42496.7852250146,42496.7852250146,42496.7852250146,42496.7852250146,
2021-09-28 00:00:00+00:00,41223.7862743425,41223.7862743425,41223.7862743425,41223.7862743425,
2021-09-29 00:00:00+00:00,41453.9470131502,41453.9470131502,41453.9470131502,41453.9470131502,
2021-09-30 00:00:00+00:00,43781.546015488,43781.546015488,43781.546015488,43781.546015488,
2021-10-01 00:00:00+00:00,48078.1315543542,48078.1315543542,48078.1315543542,48078.1315543542,
2021-10-02 00:00:00+00:00,47792.4391943308,47792.4391943308,47792.4391943308,47792.4391943308,
2021-10-03 00:00:00+00:00,48202.6229177089,48202.6229177089,48202.6229177089,48202.6229177089,
2021-10-04 00:00:00+00:00,49288.5013106371,49288.5013106371,49288.5013106371,49288.5013106371,
2021-10-05 00:00:00+00:00,51558.0493319112,51558.0493319112,51558.0493319112,51558.0493319112,
2021-10-06 00:00:00+00:00,55419.800411163,55419.800411163,55419.800411163,55419.800411163,
2021-10-07 00:00:00+00:00,53805.1569125658,53805.1569125658,53805.1569125658,53805.1569125658,
2021-10-08 00:00:00+00:00,53933.5275908825,53933.5275908825,53933.5275908825,53933.5275908825,
2021-10-09 00:00:00+00:00,55010.9224751607,55010.9224751607,55010.9224751607,55010.9224751607,
2021-10-10 00:00:00+00:00,54701.2797022209,54701.2797022209,54701.2797022209,54701.2797022209,
2021-10-11 00:00:00+00:00,57289.1864570426,57289.1864570426,57289.1864570426,57289.1864570426,
2021-10-12 00:00:00+00:00,56196.1812597896,56196.1812597896,56196.1812597896,56196.1812597896,
2021-10-13 00:00:00+00:00,57348.8928769725,57348.8928769725,57348.8928769725,57348.8928769725,
2021-10-14 00:00:00+00:00,57384.0369146698,57384.0369146698,57384.0369146698,57384.0369146698,
2021-10-15 00:00:00+00:00,61446.0840073057,61446.0840073057,61446.0840073057,61446.0840073057,
2021-10-16 00:00:00+00:00,60932.0632119228,60932.0632119228,60932.0632119228,60932.0632119228,
2021-10-17 00:00:00+00:00,61462.2223722969,61462.2223722969,61462.2223722969,61462.2223722969,
2021-10-18 00:00:00+00:00,61977.0575514319,61977.0575514319,61977.0575514319,61977.0575514319,
2021-10-19 00:00:00+00:00,64290.8977574518,64290.8977574518,64290.8977574518,64290.8977574518,
2021-10-20 00:00:00+00:00,66061.7965639977,66061.7965639977,66061.7965639977,66061.7965639977,
2021-10-21 00:00:00+00:00,62373.8856206897,62373.8856206897,62373.8856206897,62373.8856206897,
2021-10-22 00:00:00+00:00,60750.9673718293,60750.9673718293,60750.9673718293,60750.9673718293,
2021-10-23 00:00:00+00:00,61250.082628872,61250.082628872,61250.082628872,61250.082628872,
2021-10-24 00:00:00+00:00,60865.4470523086,60865.4470523086,60865.4470523086,60865.4470523086,
2021-10-25 00:00:00+00:00,63031.6729015196,63031.6729015196,63031.6729015196,63031.6729015196,
2021-10-26 00:00:00+00:00,60393.9802738165,60393.9802738165,60393.9802738165,60393.9802738165,
2021-10-27 00:00:00+00:00,58563.3359899766,58563.3359899766,58563.3359899766,58563.3359899766,
2021-10-28 00:00:00+00:00,60564.5721122151,60564.5721122151,60564.5721122151,60564.5721122151,
2021-10-29 00:00:00+00:00,62230.8055689655,62230.8055689655,62230.8055689655,62230.8055689655,
2021-10-30 00:00:00+00:00,61742.9165321449,61742.9165321449,61742.9165321449,61742.9165321449,
2021-10-31 00:00:00+00:00,61432.9700628287,61432.9700628287,61432.9700628287,61432.9700628287,
2021-11-01 00:00:00+00:00,61092.0950592051,61092.0950592051,61092.0950592051,61092.0950592051,
2021-11-02 00:00:00+00:00,63024.7472296902,63024.7472296902,63024.7472296902,63024.7472296902,
2021-11-03 00:00:00+00:00,62955.9817630041,62955.9817630041,62955.9817630041,62955.9817630041,
2021-11-04 00:00:00+00:00,61393.8899780246,61393.8899780246,61393.8899780246,61393.8899780246,
2021-11-05 00:00:00+00:00,61005.840833723,61005.840833723,61005.840833723,61005.840833723,
2021-11-06 00:00:00+00:00,61455.0536268849,61455.0536268849,61455.0536268849,61455.0536268849,
2021-11-07 00:00:00+00:00,63043.8290590298,63043.8290590298,63043.8290590298,63043.8290590298,
2021-11-08 00:00:00+00:00,67541.7555081824,67541.7555081824,67541.7555081824,67541.7555081824,
2021-11-09 00:00:00+00:00,67095.5856706605,67095.5856706605,67095.5856706605,67095.5856706605,
2021-11-10 00:00:00+00:00,64756.0779689071,64756.0779689071,64756.0779689071,64756.0779689071,
2021-11-11 00:00:00+00:00,64962.9312939801,64962.9312939801,64962.9312939801,64962.9312939801,
2021-11-12 00:00:00+00:00,64078.968037405,64078.968037405,64078.968037405,64078.968037405,
2021-11-13 00:00:00+00:00,64397.7912063121,64397.7912063121,64397.7912063121,64397.7912063121,
2021-11-14 00:00:00+00:00,65032.2256548217,65032.2256548217,65032.2256548217,65032.2256548217,
2021-11-15 00:00:00+00:00,63753.5031592636,63753.5031592636,63753.5031592636,63753.5031592636,
2021-11-16 00:00:00+00:00,60322.4978530099,60322.4978530099,60322.4978530099,60322.4978530099,
2021-11-17 00:00:00+00:00,60154.3083661601,60154.3083661601,60154.3083661601,60154.3083661601,
2021-11-18 00:00:00+00:00,56794.1556271186,56794.1556271186,56794.1556271186,56794.1556271186,
2021-11-19 00:00:00+00:00,58014.0729888954,58014.0729888954,58014.0729888954,58014.0729888954,
2021-11-20 00:00:00+00:00,59749.4738229106,59749.4738229106,59749.4738229106,59749.4738229106,
2021-11-21 00:00:00+00:00,59032.6241017534,59032.6241017534,59032.6241017534,59032.6241017534,
2021-11-22 00:00:00+00:00,56383.5658760958,56383.5658760958,56383.5658760958,56383.5658760958,
2021-11-23 00:00:00+00:00,57642.2657980713,57642.2657980713,57642.2657980713,57642.2657980713,
2021-11-24 00:00:00+00:00,57141.8303784337,57141.8303784337,57141.8303784337,57141.8303784337,
2021-11-25 00:00:00+00:00,59008.6554792519,59008.6554792519,59008.6554792519,59008.6554792519,
2021-11-26 00:00:00+00:00,53800.6178389831,53800.6178389831,53800.6178389831,53800.6178389831,
2021-11-27 00:00:00+00:00,54635.8824628872,54635.8824628872,54635.8824628872,54635.8824628872,
2021-11-28 00:00:00+00:00,57248.5696963764,57248.5696963764,57248.5696963764,57248.5696963764,
2021-11-29 00:00:00+00:00,57920.7107299825,57920.7107299825,57920.7107299825,57920.7107299825,
2021-11-30 00:00:00+00:00,57097.0127942724,57097.0127942724,57097.0127942724,57097.0127942724,
2021-12-01 00:00:00+00:00,57180.6098439509,57180.6098439509,57180.6098439509,57180.6098439509,
2021-12-02 00:00:00+00:00,56582.8937691408,56582.8937691408,56582.8937691408,56582.8937691408,
2021-12-03 00:00:00+00:00,53671.6160680888,53671.6160680888,53671.6160680888,53671.6160680888,
2021-12-04 00:00:00+00:00,49159.7357983635,49159.7357983635,49159.7357983635,49159.7357983635,
2021-12-05 00:00:00+00:00,49327.0935999416,49327.0935999416,49327.0935999416,49327.0935999416,
2021-12-06 00:00:00+00:00,50535.4252232612,50535.4252232612,50535.4252232612,50535.4252232612,
2021-12-07 00:00:00+00:00,50574.4728344828,50574.4728344828,50574.4728344828,50574.4728344828,
2021-12-08 00:00:00+00:00,50500.6543513735,50500.6543513735,50500.6543513735,50500.6543513735,
2021-12-09 00:00:00+00:00,47937.8228458212,47937.8228458212,47937.8228458212,47937.8228458212,
2021-12-10 00:00:00+00:00,47437.2289725307,47437.2289725307,47437.2289725307,47437.2289725307,
2021-12-11 00:00:00+00:00,49321.7693252484,49321.7693252484,49321.7693252484,49321.7693252484,
2021-12-12 00:00:00+00:00,50136.5722568673,50136.5722568673,50136.5722568673,50136.5722568673,
2021-12-13 00:00:00+00:00,46785.3278410286,46785.3278410286,46785.3278410286,46785.3278410286,
2021-12-14 00:00:00+00:00,48292.6822501461,48292.6822501461,48292.6822501461,48292.6822501461,
2021-12-15 00:00:00+00:00,48830.6223860316,48830.6223860316,48830.6223860316,48830.6223860316,
2021-12-16 00:00:00+00:00,47663.4691077148,47663.4691077148,47663.4691077148,47663.4691077148,
2021-12-17 00:00:00+00:00,46334.4837489772,46334.4837489772,46334.4837489772,46334.4837489772,
2021-12-18 00:00:00+00:00,46904.8736753361,46904.8736753361,46904.8736753361,46904.8736753361,
2021-12-19 00:00:00+00:00,46876.426924021,46876.426924021,46876.426924021,46876.426924021,
2021-12-20 00:00:00+00:00,46954.7634783168,46954.7634783168,46954.7634783168,46954.7634783168,
2021-12-21 00:00:00+00:00,49082.0624666277,49082.0624666277,49082.0624666277,49082.0624666277,
2021-12-22 00:00:00+00:00,48692.0987391584,48692.0987391584,48692.0987391584,48692.0987391584,
2021-12-23 00:00:00+00:00,50712.9707682642,50712.9707682642,50712.9707682642,50712.9707682642,
2021-12-24 00:00:00+00:00,50783.8344210988,50783.8344210988,50783.8344210988,50783.8344210988,
2021-12-25 00:00:00+00:00,50590.4508976622,50590.4508976622,50590.4508976622,50590.4508976622,
2021-12-26 00:00:00+00:00,50798.3065859147,50798.3065859147,50798.3065859147,50798.3065859147,
2021-12-27 00:00:00+00:00,50796.3776735827,50796.3776735827,50796.3776735827,50796.3776735827,
2021-12-28 00:00:00+00:00,47673.0440452367,47673.0440452367,47673.0440452367,47673.0440452367,
2021-12-29 00:00:00+00:00,46470.3215751023,46470.3215751023,46470.3215751023,46470.3215751023,
2021-12-30 00:00:00+00:00,47102.4630037989,47102.4630037989,47102.4630037989,47102.4630037989,
2021-12-31 00:00:00+00:00,46355.1173302747,46355.1173302747,46355.1173302747,46355.1173302747,
2022-01-01 00:00:00+00:00,47560.0093816482,47560.0093816482,47560.0093816482,47560.0093816482,
2022-01-02 00:00:00+00:00,47352.5577565751,47352.5577565751,47352.5577565751,47352.5577565751,
2022-01-03 00:00:00+00:00,46453.432351841,46453.432351841,46453.432351841,46453.432351841,
2022-01-04 00:00:00+00:00,45905.9611221508,45905.9611221508,45905.9611221508,45905.9611221508,
2022-01-05 00:00:00+00:00,43530.9440388662,43530.9440388662,43530.9440388662,43530.9440388662,
2022-01-06 00:00:00+00:00,43144.9652928112,43144.9652928112,43144.9652928112,43144.9652928112,
2022-01-07 00:00:00+00:00,41512.7845808299,41512.7845808299,41512.7845808299,41512.7845808299,
2022-01-08 00:00:00+00:00,41799.8128848627,41799.8128848627,41799.8128848627,41799.8128848627,
2022-01-09 00:00:00+00:00,41886.4985569842,41886.4985569842,41886.4985569842,41886.4985569842,
2022-01-10 00:00:00+00:00,41816.9510561075,41816.9510561075,41816.9510561075,41816.9510561075,
2022-01-11 00:00:00+00:00,42768.1786116306,42768.1786116306,42768.1786116306,42768.1786116306,
2022-01-12 00:00:00+00:00,43961.0265441262,43961.0265441262,43961.0265441262,43961.0265441262,
2022-01-13 00:00:00+00:00,42626.8653924605,42626.8653924605,42626.8653924605,42626.8653924605,
2022-01-14 00:00:00+00:00,43102.6476180596,43102.6476180596,43102.6476180596,43102.6476180596,
2022-01-15 00:00:00+00:00,43206.6744812975,43206.6744812975,43206.6744812975,43206.6744812975,
2022-01-16 00:00:00+00:00,43168.8596671537,43168.8596671537,43168.8596671537,43168.8596671537,
2022-01-17 00:00:00+00:00,42211.270399474,42211.270399474,42211.270399474,42211.270399474,
2022-01-18 00:00:00+00:00,42431.2319670368,42431.2319670368,42431.2319670368,42431.2319670368,
2022-01-19 00:00:00+00:00,41787.722012858,41787.722012858,41787.722012858,41787.722012858,
2022-01-20 00:00:00+00:00,40756.1261630625,40756.1261630625,40756.1261630625,40756.1261630625,
2022-01-21 00:00:00+00:00,36492.2872241379,36492.2872241379,36492.2872241379,36492.2872241379,
2022-01-22 00:00:00+00:00,34996.390965225,34996.390965225,34996.390965225,34996.390965225,
2022-01-23 00:00:00+00:00,36271.0502650497,36271.0502650497,36271.0502650497,36271.0502650497,
2022-01-24 00:00:00+00:00,36659.7252206312,36659.7252206312,36659.7252206312,36659.7252206312,
2022-01-25 00:00:00+00:00,36952.586773232,36952.586773232,36952.586773232,36952.586773232,
2022-01-26 00:00:00+00:00,36825.8245993571,36825.8245993571,36825.8245993571,36825.8245993571,
2022-01-27 00:00:00+00:00,37021.9371332554,37021.9371332554,37021.9371332554,37021.9371332554,
2022-01-28 00:00:00+00:00,37768.8474836353,37768.8474836353,37768.8474836353,37768.8474836353,
2022-01-29 00:00:00+00:00,38088.2912279953,38088.2912279953,38088.2912279953,38088.2912279953,
2022-01-30 00:00:00+00:00,37983.5063845704,37983.5063845704,37983.5063845704,37983.5063845704,
2022-01-31 00:00:00+00:00,38462.6724029807,38462.6724029807,38462.6724029807,38462.6724029807,
2022-02-01 00:00:00+00:00,38787.9640824079,38787.9640824079,38787.9640824079,38787.9640824079,
2022-02-02 00:00:00+00:00,36942.3307493279,36942.3307493279,36942.3307493279,36942.3307493279,
2022-02-03 00:00:00+00:00,37057.6521879018,37057.6521879018,37057.6521879018,37057.6521879018,
2022-02-04 00:00:00+00:00,41079.9060881356,41079.9060881356,41079.9060881356,41079.9060881356,
2022-02-05 00:00:00+00:00,41508.5816925774,41508.5816925774,41508.5816925774,41508.5816925774,
2022-02-06 00:00:00+00:00,42358.2251732905,42358.2251732905,42358.2251732905,42358.2251732905,
2022-02-07 00:00:00+00:00,43888.980119813,43888.980119813,43888.980119813,43888.980119813,
2022-02-08 00:00:00+00:00,44167.4447945646,44167.4447945646,44167.4447945646,44167.4447945646,
2022-02-09 00:00:00+00:00,44405.0732042665,44405.0732042665,44405.0732042665,44405.0732042665,
2022-02-10 00:00:00+00:00,43614.3426960842,43614.3426960842,43614.3426960842,43614.3426960842,
2022-02-11 00:00:00+00:00,42357.3217416715,42357.3217416715,42357.3217416715,42357.3217416715,
2022-02-12 00:00:00+00:00,42173.4593962595,42173.4593962595,42173.4593962595,42173.4593962595,
2022-02-13 00:00:00+00:00,42195.5947451782,42195.5947451782,42195.5947451782,42195.5947451782,
2022-02-14 00:00:00+00:00,42646.1618590883,42646.1618590883,42646.1618590883,42646.1618590883,
2022-02-15 00:00:00+00:00,44511.9084880187,44511.9084880187,44511.9084880187,44511.9084880187,
2022-02-16 00:00:00+00:00,44065.7092673875,44065.7092673875,44065.7092673875,44065.7092673875,
2022-02-17 00:00:00+00:00,40610.024261543,40610.024261543,40610.024261543,40610.024261543,
2022-02-18 00:00:00+00:00,40044.2204856809,40044.2204856809,40044.2204856809,40044.2204856809,
2022-02-19 00:00:00+00:00,40095.887329398,40095.887329398,40095.887329398,40095.887329398,
2022-02-20 00:00:00+00:00,38551.6224967855,38551.6224967855,38551.6224967855,38551.6224967855,
2022-02-21 00:00:00+00:00,37098.0360081824,37098.0360081824,37098.0360081824,37098.0360081824,
2022-02-22 00:00:00+00:00,38202.5940818235,38202.5940818235,38202.5940818235,38202.5940818235,
2022-02-23 00:00:00+00:00,37308.2687344243,37308.2687344243,37308.2687344243,37308.2687344243,
2022-02-24 00:00:00+00:00,38283.790402104,38283.790402104,38283.790402104,38283.790402104,
2022-02-25 00:00:00+00:00,39323.7702158387,39323.7702158387,39323.7702158387,39323.7702158387,
2022-02-26 00:00:00+00:00,39056.5781523086,39056.5781523086,39056.5781523086,39056.5781523086,
2022-02-27 00:00:00+00:00,37664.7792828755,37664.7792828755,37664.7792828755,37664.7792828755,
2022-02-28 00:00:00+00:00,43179.2545140269,43179.2545140269,43179.2545140269,43179.2545140269,
2022-03-01 00:00:00+00:00,44334.457582408,44334.457582408,44334.457582408,44334.457582408,
2022-03-02 00:00:00+00:00,43984.584926768,43984.584926768,43984.584926768,43984.584926768,
2022-03-03 00:00:00+00:00,42492.7744552893,42492.7744552893,42492.7744552893,42492.7744552893,
2022-03-04 00:00:00+00:00,39106.4052159556,39106.4052159556,39106.4052159556,39106.4052159556,
2022-03-05 00:00:00+00:00,39383.8848433665,39383.8848433665,39383.8848433665,39383.8848433665,
2022-03-06 00:00:00+00:00,38399.3426268264,38399.3426268264,38399.3426268264,38399.3426268264,
2022-03-07 00:00:00+00:00,38146.734273232,38146.734273232,38146.734273232,38146.734273232,
2022-03-08 00:00:00+00:00,38725.477261543,38725.477261543,38725.477261543,38725.477261543,
2022-03-09 00:00:00+00:00,41989.4028179427,41989.4028179427,41989.4028179427,41989.4028179427,
2022-03-10 00:00:00+00:00,39482.2584672706,39482.2584672706,39482.2584672706,39482.2584672706,
2022-03-11 00:00:00+00:00,38825.3644214494,38825.3644214494,38825.3644214494,38825.3644214494,
2022-03-12 00:00:00+00:00,38951.1300157802,38951.1300157802,38951.1300157802,38951.1300157802,
2022-03-13 00:00:00+00:00,37808.3174004091,37808.3174004091,37808.3174004091,37808.3174004091,
2022-03-14 00:00:00+00:00,39649.0453243717,39649.0453243717,39649.0453243717,39649.0453243717,
2022-03-15 00:00:00+00:00,39356.8139000584,39356.8139000584,39356.8139000584,39356.8139000584,
2022-03-16 00:00:00+00:00,41101.768579135,41101.768579135,41101.768579135,41101.768579135,
2022-03-17 00:00:00+00:00,40966.4169324956,40966.4169324956,40966.4169324956,40966.4169324956,
2022-03-18 00:00:00+00:00,41826.1160710111,41826.1160710111,41826.1160710111,41826.1160710111,
2022-03-19 00:00:00+00:00,42193.1615362361,42193.1615362361,42193.1615362361,42193.1615362361,
2022-03-20 00:00:00+00:00,41294.7235129164,41294.7235129164,41294.7235129164,41294.7235129164,
2022-03-21 00:00:00+00:00,41064.429648159,41064.429648159,41064.429648159,41064.429648159,
2022-03-22 00:00:00+00:00,42383.169518761,42383.169518761,42383.169518761,42383.169518761,
2022-03-23 00:00:00+00:00,42734.2000355932,42734.2000355932,42734.2000355932,42734.2000355932,
2022-03-24 00:00:00+00:00,43974.5935882525,43974.5935882525,43974.5935882525,43974.5935882525,
2022-03-25 00:00:00+00:00,44347.034279661,44347.034279661,44347.034279661,44347.034279661,
2022-03-26 00:00:00+00:00,44519.9268641145,44519.9268641145,44519.9268641145,44519.9268641145,
2022-03-27 00:00:00+00:00,46777.2056265342,46777.2056265342,46777.2056265342,46777.2056265342,
2022-03-28 00:00:00+00:00,47223.6528860316,47223.6528860316,47223.6528860316,47223.6528860316,
2022-03-29 00:00:00+00:00,47463.7096770894,47463.7096770894,47463.7096770894,47463.7096770894,
2022-03-30 00:00:00+00:00,47123.2971478667,47123.2971478667,47123.2971478667,47123.2971478667,
2022-03-31 00:00:00+00:00,45562.2106665693,45562.2106665693,45562.2106665693,45562.2106665693,
2022-04-01 00:00:00+00:00,46250.3362878434,46250.3362878434,46250.3362878434,46250.3362878434,
2022-04-02 00:00:00+00:00,45939.8973489188,45939.8973489188,45939.8973489188,45939.8973489188,
2022-04-03 00:00:00+00:00,46440.5438538866,46440.5438538866,46440.5438538866,46440.5438538866,
2022-04-04 00:00:00+00:00,46663.0041770894,46663.0041770894,46663.0041770894,46663.0041770894,
2022-04-05 00:00:00+00:00,45693.0350619521,45693.0350619521,45693.0350619521,45693.0350619521,
2022-04-06 00:00:00+00:00,43304.9371990064,43304.9371990064,43304.9371990064,43304.9371990064,
2022-04-07 00:00:00+00:00,43569.0471697837,43569.0471697837,43569.0471697837,43569.0471697837,
2022-04-08 00:00:00+00:00,42222.0689772063,42222.0689772063,42222.0689772063,42222.0689772063,
2022-04-09 00:00:00+00:00,42680.9947355932,42680.9947355932,42680.9947355932,42680.9947355932,
2022-04-10 00:00:00+00:00,42264.4633909994,42264.4633909994,42264.4633909994,42264.4633909994,
2022-04-11 00:00:00+00:00,39544.0251835184,39544.0251835184,39544.0251835184,39544.0251835184,
2022-04-12 00:00:00+00:00,40096.3669748685,40096.3669748685,40096.3669748685,40096.3669748685,
2022-04-13 00:00:00+00:00,41152.7554517826,41152.7554517826,41152.7554517826,41152.7554517826,
2022-04-14 00:00:00+00:00,39916.4963842782,39916.4963842782,39916.4963842782,39916.4963842782,
2022-04-15 00:00:00+00:00,40527.3319567504,40527.3319567504,40527.3319567504,40527.3319567504,
2022-04-16 00:00:00+00:00,40439.5881209819,40439.5881209819,40439.5881209819,40439.5881209819,
2022-04-17 00:00:00+00:00,39704.7839798364,39704.7839798364,39704.7839798364,39704.7839798364,
2022-04-18 00:00:00+00:00,40818.8786025716,40818.8786025716,40818.8786025716,40818.8786025716,
2022-04-19 00:00:00+00:00,41489.6638011689,41489.6638011689,41489.6638011689,41489.6638011689,
2022-04-20 00:00:00+00:00,41395.64458346,41395.64458346,41395.64458346,41395.64458346,
2022-04-21 00:00:00+00:00,40457.4959418469,40457.4959418469,40457.4959418469,40457.4959418469,
2022-04-22 00:00:00+00:00,39737.9735040912,39737.9735040912,39737.9735040912,39737.9735040912,
2022-04-23 00:00:00+00:00,39582.4548720047,39582.4548720047,39582.4548720047,39582.4548720047,
2022-04-24 00:00:00+00:00,39511.6456928697,39511.6456928697,39511.6456928697,39511.6456928697,
2022-04-25 00:00:00+00:00,40473.7483176505,40473.7483176505,40473.7483176505,40473.7483176505,
2022-04-26 00:00:00+00:00,38072.800873758,38072.800873758,38072.800873758,38072.800873758,
2022-04-27 00:00:00+00:00,39218.5376174752,39218.5376174752,39218.5376174752,39218.5376174752,
2022-04-28 00:00:00+00:00,39747.9894270018,39747.9894270018,39747.9894270018,39747.9894270018,
2022-04-29 00:00:00+00:00,38609.5059070719,38609.5059070719,38609.5059070719,38609.5059070719,
2022-04-30 00:00:00+00:00,37714.0949804208,37714.0949804208,37714.0949804208,37714.0949804208,
2022-05-01 00:00:00+00:00,38459.226979135,38459.226979135,38459.226979135,38459.226979135,
2022-05-02 00:00:00+00:00,38566.0628877849,38566.0628877849,38566.0628877849,38566.0628877849,
2022-05-03 00:00:00+00:00,37704.4053153127,37704.4053153127,37704.4053153127,37704.4053153127,
2022-05-04 00:00:00+00:00,39641.852176505,39641.852176505,39641.852176505,39641.852176505,
2022-05-05 00:00:00+00:00,36502.0245601403,36502.0245601403,36502.0245601403,36502.0245601403,
2022-05-06 00:00:00+00:00,36042.9995584453,36042.9995584453,36042.9995584453,36042.9995584453,
2022-05-07 00:00:00+00:00,35508.7110227937,35508.7110227937,35508.7110227937,35508.7110227937,
2022-05-08 00:00:00+00:00,34058.9066861484,34058.9066861484,34058.9066861484,34058.9066861484,
2022-05-09 00:00:00+00:00,30457.9218194039,30457.9218194039,30457.9218194039,30457.9218194039,
2022-05-10 00:00:00+00:00,30990.7351659848,30990.7351659848,30990.7351659848,30990.7351659848,
2022-05-11 00:00:00+00:00,28796.5568217417,28796.5568217417,28796.5568217417,28796.5568217417,
2022-05-12 00:00:00+00:00,29030.7070417884,29030.7070417884,29030.7070417884,29030.7070417884,
2022-05-13 00:00:00+00:00,29285.9346718293,29285.9346718293,29285.9346718293,29285.9346718293,
2022-05-14 00:00:00+00:00,30051.935755114,30051.935755114,30051.935755114,30051.935755114,
2022-05-15 00:00:00+00:00,31182.6212460549,31182.6212460549,31182.6212460549,31182.6212460549,
2022-05-16 00:00:00+00:00,29889.6124757452,29889.6124757452,29889.6124757452,29889.6124757452,
2022-05-17 00:00:00+00:00,30438.1944476914,30438.1944476914,30438.1944476914,30438.1944476914,
2022-05-18 00:00:00+00:00,28771.2204786675,28771.2204786675,28771.2204786675,28771.2204786675,
2022-05-19 00:00:00+00:00,30257.8852483928,30257.8852483928,30257.8852483928,30257.8852483928,
2022-05-20 00:00:00+00:00,29224.245998422,29224.245998422,29224.245998422,29224.245998422,
2022-05-21 00:00:00+00:00,29420.0782857978,29420.0782857978,29420.0782857978,29420.0782857978,
2022-05-22 00:00:00+00:00,30331.87514173,30331.87514173,30331.87514173,30331.87514173,
2022-05-23 00:00:00+00:00,29088.2515419638,29088.2515419638,29088.2515419638,29088.2515419638,
2022-05-24 00:00:00+00:00,29643.6837556984,29643.6837556984,29643.6837556984,29643.6837556984,
2022-05-25 00:00:00+00:00,29577.259880187,29577.259880187,29577.259880187,29577.259880187,
2022-05-26 00:00:00+00:00,29332.4860467563,29332.4860467563,29332.4860467563,29332.4860467563,
2022-05-27 00:00:00+00:00,28612.0413103448,28612.0413103448,28612.0413103448,28612.0413103448,
2022-05-28 00:00:00+00:00,29045.5206344243,29045.5206344243,29045.5206344243,29045.5206344243,
2022-05-29 00:00:00+00:00,29430.0689800117,29430.0689800117,29430.0689800117,29430.0689800117,
2022-05-30 00:00:00+00:00,31735.9549719462,31735.9549719462,31735.9549719462,31735.9549719462,
2022-05-31 00:00:00+00:00,31831.4095251315,31831.4095251315,31831.4095251315,31831.4095251315,
2022-06-01 00:00:00+00:00,29825.9221992987,29825.9221992987,29825.9221992987,29825.9221992987,
2022-06-02 00:00:00+00:00,30504.2679997078,30504.2679997078,30504.2679997078,30504.2679997078,
2022-06-03 00:00:00+00:00,29662.6709708942,29662.6709708942,29662.6709708942,29662.6709708942,
2022-06-04 00:00:00+00:00,29792.4076779077,29792.4076779077,29792.4076779077,29792.4076779077,
2022-06-05 00:00:00+00:00,29915.4093009936,29915.4093009936,29915.4093009936,29915.4093009936,
2022-06-06 00:00:00+00:00,31333.6770197545,31333.6770197545,31333.6770197545,31333.6770197545,
2022-06-07 00:00:00+00:00,31175.0324289889,31175.0324289889,31175.0324289889,31175.0324289889,
2022-06-08 00:00:00+00:00,30228.464698422,30228.464698422,30228.464698422,30228.464698422,
2022-06-09 00:00:00+00:00,30064.4855289305,30064.4855289305,30064.4855289305,30064.4855289305,
2022-06-10 00:00:00+00:00,29070.4000300994,29070.4000300994,29070.4000300994,29070.4000300994,
2022-06-11 00:00:00+00:00,28360.7899231444,28360.7899231444,28360.7899231444,28360.7899231444,
2022-06-12 00:00:00+00:00,26830.2839456458,26830.2839456458,26830.2839456458,26830.2839456458,
2022-06-13 00:00:00+00:00,22316.2570400351,22316.2570400351,22316.2570400351,22316.2570400351,
2022-06-14 00:00:00+00:00,22072.8663085915,22072.8663085915,22072.8663085915,22072.8663085915,
2022-06-15 00:00:00+00:00,22520.7910087668,22520.7910087668,22520.7910087668,22520.7910087668,
2022-06-16 00:00:00+00:00,20310.1769848042,20310.1769848042,20310.1769848042,20310.1769848042,
2022-06-17 00:00:00+00:00,20464.9290873174,20464.9290873174,20464.9290873174,20464.9290873174,
2022-06-18 00:00:00+00:00,19013.8672536528,19013.8672536528,19013.8672536528,19013.8672536528,
2022-06-19 00:00:00+00:00,20492.2951683226,20492.2951683226,20492.2951683226,20492.2951683226,
2022-06-20 00:00:00+00:00,20571.6292247224,20571.6292247224,20571.6292247224,20571.6292247224,
2022-06-21 00:00:00+00:00,20688.4651312098,20688.4651312098,20688.4651312098,20688.4651312098,
2022-06-22 00:00:00+00:00,20003.1683375219,20003.1683375219,20003.1683375219,20003.1683375219,
2022-06-23 00:00:00+00:00,21097.1028331385,21097.1028331385,21097.1028331385,21097.1028331385,
2022-06-24 00:00:00+00:00,21299.0769853887,21299.0769853887,21299.0769853887,21299.0769853887,
2022-06-25 00:00:00+00:00,21468.3431566335,21468.3431566335,21468.3431566335,21468.3431566335,
2022-06-26 00:00:00+00:00,21066.6209430158,21066.6209430158,21066.6209430158,21066.6209430158,
2022-06-27 00:00:00+00:00,20751.0516960842,20751.0516960842,20751.0516960842,20751.0516960842,
2022-06-28 00:00:00+00:00,20263.2196393922,20263.2196393922,20263.2196393922,20263.2196393922,
2022-06-29 00:00:00+00:00,20080.9480864991,20080.9480864991,20080.9480864991,20080.9480864991,
2022-06-30 00:00:00+00:00,19332.9121294565,19332.9121294565,19332.9121294565,19332.9121294565,
2022-07-01 00:00:00+00:00,19341.8631240795,19341.8631240795,19341.8631240795,19341.8631240795,
2022-07-02 00:00:00+00:00,19231.8317083577,19231.8317083577,19231.8317083577,19231.8317083577,
2022-07-03 00:00:00+00:00,19276.5146639392,19276.5146639392,19276.5146639392,19276.5146639392,
2022-07-04 00:00:00+00:00,20226.2984745763,20226.2984745763,20226.2984745763,20226.2984745763,
2022-07-05 00:00:00+00:00,20193.3427938048,20193.3427938048,20193.3427938048,20193.3427938048,
2022-07-06 00:00:00+00:00,20560.8438126826,20560.8438126826,20560.8438126826,20560.8438126826,
2022-07-07 00:00:00+00:00,21651.4191423144,21651.4191423144,21651.4191423144,21651.4191423144,
2022-07-08 00:00:00+00:00,21813.7871239042,21813.7871239042,21813.7871239042,21813.7871239042,
2022-07-09 00:00:00+00:00,21585.1321922852,21585.1321922852,21585.1321922852,21585.1321922852,
2022-07-10 00:00:00+00:00,20831.2733915839,20831.2733915839,20831.2733915839,20831.2733915839,
2022-07-11 00:00:00+00:00,19971.3294704851,19971.3294704851,19971.3294704851,19971.3294704851,
2022-07-12 00:00:00+00:00,19339.1534734074,19339.1534734074,19339.1534734074,19339.1534734074,
2022-07-13 00:00:00+00:00,20155.5278386908,20155.5278386908,20155.5278386908,20155.5278386908,
2022-07-14 00:00:00+00:00,20552.8990289304,20552.8990289304,20552.8990289304,20552.8990289304,
2022-07-15 00:00:00+00:00,20831.722700526,20831.722700526,20831.722700526,20831.722700526,
2022-07-16 00:00:00+00:00,21196.5091428989,21196.5091428989,21196.5091428989,21196.5091428989,
2022-07-17 00:00:00+00:00,20827.8886085915,20827.8886085915,20827.8886085915,20827.8886085915,
2022-07-18 00:00:00+00:00,22305.7066428989,22305.7066428989,22305.7066428989,22305.7066428989,
2022-07-19 00:00:00+00:00,23371.2026601403,23371.2026601403,23371.2026601403,23371.2026601403,
2022-07-20 00:00:00+00:00,23280.9356680304,23280.9356680304,23280.9356680304,23280.9356680304,
2022-07-21 00:00:00+00:00,23152.4093112215,23152.4093112215,23152.4093112215,23152.4093112215,
2022-07-22 00:00:00+00:00,22706.0835554646,22706.0835554646,22706.0835554646,22706.0835554646,
2022-07-23 00:00:00+00:00,22484.4592317358,22484.4592317358,22484.4592317358,22484.4592317358,
2022-07-24 00:00:00+00:00,22653.3570260082,22653.3570260082,22653.3570260082,22653.3570260082,
2022-07-25 00:00:00+00:00,21510.1255874342,21510.1255874342,21510.1255874342,21510.1255874342,
2022-07-26 00:00:00+00:00,21181.6591967855,21181.6591967855,21181.6591967855,21181.6591967855,
2022-07-27 00:00:00+00:00,22898.4150683226,22898.4150683226,22898.4150683226,22898.4150683226,
2022-07-28 00:00:00+00:00,23838.5568838691,23838.5568838691,23838.5568838691,23838.5568838691,
2022-07-29 00:00:00+00:00,23950.7403798948,23950.7403798948,23950.7403798948,23950.7403798948,
2022-07-30 00:00:00+00:00,23623.4349611338,23623.4349611338,23623.4349611338,23623.4349611338,
2022-07-31 00:00:00+00:00,23356.1722215079,23356.1722215079,23356.1722215079,23356.1722215079,
2022-08-01 00:00:00+00:00,23331.4426969608,23331.4426969608,23331.4426969608,23331.4426969608,
2022-08-02 00:00:00+00:00,23031.4268834015,23031.4268834015,23031.4268834015,23031.4268834015,
2022-08-03 00:00:00+00:00,22809.7474418469,22809.7474418469,22809.7474418469,22809.7474418469,
2022-08-04 00:00:00+00:00,22628.3320821157,22628.3320821157,22628.3320821157,22628.3320821157,
2022-08-05 00:00:00+00:00,23248.9715023378,23248.9715023378,23248.9715023378,23248.9715023378,
2022-08-06 00:00:00+00:00,22996.2750452952,22996.2750452952,22996.2750452952,22996.2750452952,
2022-08-07 00:00:00+00:00,23153.6584713618,23153.6584713618,23153.6584713618,23153.6584713618,
2022-08-08 00:00:00+00:00,23803.6505154296,23803.6505154296,23803.6505154296,23803.6505154296,
2022-08-09 00:00:00+00:00,23186.2917464641,23186.2917464641,23186.2917464641,23186.2917464641,
2022-08-10 00:00:00+00:00,23923.0584830508,23923.0584830508,23923.0584830508,23923.0584830508,
2022-08-11 00:00:00+00:00,23934.4390561075,23934.4390561075,23934.4390561075,23934.4390561075,
2022-08-12 00:00:00+00:00,24396.3088462887,24396.3088462887,24396.3088462887,24396.3088462887,
2022-08-13 00:00:00+00:00,24426.2225748101,24426.2225748101,24426.2225748101,24426.2225748101,
2022-08-14 00:00:00+00:00,24314.2021315021,24314.2021315021,24314.2021315021,24314.2021315021,
2022-08-15 00:00:00+00:00,24083.9539748685,24083.9539748685,24083.9539748685,24083.9539748685,
2022-08-16 00:00:00+00:00,23868.8193530099,23868.8193530099,23868.8193530099,23868.8193530099,
2022-08-17 00:00:00+00:00,23336.3489310345,23336.3489310345,23336.3489310345,23336.3489310345,
2022-08-18 00:00:00+00:00,23221.1706028638,23221.1706028638,23221.1706028638,23221.1706028638,
2022-08-19 00:00:00+00:00,20906.7663141438,20906.7663141438,20906.7663141438,20906.7663141438,
2022-08-20 00:00:00+00:00,21146.6548021625,21146.6548021625,21146.6548021625,21146.6548021625,
2022-08-21 00:00:00+00:00,21553.9961717125,21553.9961717125,21553.9961717125,21553.9961717125,
2022-08-22 00:00:00+00:00,21301.0840581531,21301.0840581531,21301.0840581531,21301.0840581531,
2022-08-23 00:00:00+00:00,21534.5143521333,21534.5143521333,21534.5143521333,21534.5143521333,
2022-08-24 00:00:00+00:00,21424.9728232028,21424.9728232028,21424.9728232028,21424.9728232028,
2022-08-25 00:00:00+00:00,21587.8395844535,21587.8395844535,21587.8395844535,21587.8395844535,
2022-08-26 00:00:00+00:00,20246.1655733489,20246.1655733489,20246.1655733489,20246.1655733489,
2022-08-27 00:00:00+00:00,20043.9909485681,20043.9909485681,20043.9909485681,20043.9909485681,
2022-08-28 00:00:00+00:00,19673.5412188778,19673.5412188778,19673.5412188778,19673.5412188778,
2022-08-29 00:00:00+00:00,20270.960383986,20270.960383986,20270.960383986,20270.960383986,
2022-08-30 00:00:00+00:00,19825.4632066043,19825.4632066043,19825.4632066043,19825.4632066043,
2022-08-31 00:00:00+00:00,20024.6716059614,20024.6716059614,20024.6716059614,20024.6716059614,
2022-09-01 00:00:00+00:00,20105.4626072472,20105.4626072472,20105.4626072472,20105.4626072472,
2022-09-02 00:00:00+00:00,19948.8567472823,19948.8567472823,19948.8567472823,19948.8567472823,
2022-09-03 00:00:00+00:00,19803.8332697253,19803.8332697253,19803.8332697253,19803.8332697253,
2022-09-04 00:00:00+00:00,19961.9118907072,19961.9118907072,19961.9118907072,19961.9118907072,
2022-09-05 00:00:00+00:00,19797.7967884278,19797.7967884278,19797.7967884278,19797.7967884278,
2022-09-06 00:00:00+00:00,18846.150537405,18846.150537405,18846.150537405,18846.150537405,
2022-09-07 00:00:00+00:00,19292.9070745178,19292.9070745178,19292.9070745178,19292.9070745178,
2022-09-08 00:00:00+00:00,19319.1248512566,19319.1248512566,19319.1248512566,19319.1248512566,
2022-09-09 00:00:00+00:00,21363.3136152542,21363.3136152542,21363.3136152542,21363.3136152542,
2022-09-10 00:00:00+00:00,21715.2107980713,21715.2107980713,21715.2107980713,21715.2107980713,
2022-09-11 00:00:00+00:00,21732.7705686733,21732.7705686733,21732.7705686733,21732.7705686733,
2022-09-12 00:00:00+00:00,22365.2145601987,22365.2145601987,22365.2145601987,22365.2145601987,
2022-09-13 00:00:00+00:00,20165.0421607247,20165.0421607247,20165.0421607247,20165.0421607247,
2022-09-14 00:00:00+00:00,20246.3660424313,20246.3660424313,20246.3660424313,20246.3660424313,
2022-09-15 00:00:00+00:00,19696.8698661601,19696.8698661601,19696.8698661601,19696.8698661601,
2022-09-16 00:00:00+00:00,19741.5776168907,19741.5776168907,19741.5776168907,19741.5776168907,
2022-09-17 00:00:00+00:00,20120.7023459965,20120.7023459965,20120.7023459965,20120.7023459965,
2022-09-18 00:00:00+00:00,19427.1002626534,19427.1002626534,19427.1002626534,19427.1002626534,
2022-09-19 00:00:00+00:00,19557.9769582116,19557.9769582116,19557.9769582116,19557.9769582116,
2022-09-20 00:00:00+00:00,18872.9498667446,18872.9498667446,18872.9498667446,18872.9498667446,
2022-09-21 00:00:00+00:00,18506.7607481005,18506.7607481005,18506.7607481005,18506.7607481005,
2022-09-22 00:00:00+00:00,19414.5396449445,19414.5396449445,19414.5396449445,19414.5396449445,
2022-09-23 00:00:00+00:00,19326.8648199883,19326.8648199883,19326.8648199883,19326.8648199883,
2022-09-24 00:00:00+00:00,18924.7677872589,18924.7677872589,18924.7677872589,18924.7677872589,
2022-09-25 00:00:00+00:00,18793.1561531268,18793.1561531268,18793.1561531268,18793.1561531268,
2022-09-26 00:00:00+00:00,19201.1317209234,19201.1317209234,19201.1317209234,19201.1317209234,
2022-09-27 00:00:00+00:00,19106.7389135009,19106.7389135009,19106.7389135009,19106.7389135009,
2022-09-28 00:00:00+00:00,19454.937210111,19454.937210111,19454.937210111,19454.937210111,
2022-09-29 00:00:00+00:00,19540.8664105786,19540.8664105786,19540.8664105786,19540.8664105786,
2022-09-30 00:00:00+00:00,19435.1946917008,19435.1946917008,19435.1946917008,19435.1946917008,
2022-10-01 00:00:00+00:00,19311.861629398,19311.861629398,19311.861629398,19311.861629398,
2022-10-02 00:00:00+00:00,19015.2928050847,19015.2928050847,19015.2928050847,19015.2928050847,
2022-10-03 00:00:00+00:00,19633.4325859147,19633.4325859147,19633.4325859147,19633.4325859147,
2022-10-04 00:00:00+00:00,20339.9712811221,20339.9712811221,20339.9712811221,20339.9712811221,
2022-10-05 00:00:00+00:00,20155.0996987142,20155.0996987142,20155.0996987142,20155.0996987142,
2022-10-06 00:00:00+00:00,19950.5477957335,19950.5477957335,19950.5477957335,19950.5477957335,
2022-10-07 00:00:00+00:00,19539.1439216832,19539.1439216832,19539.1439216832,19539.1439216832,
2022-10-08 00:00:00+00:00,19416.1772291058,19416.1772291058,19416.1772291058,19416.1772291058,
2022-10-09 00:00:00+00:00,19428.3671323787,19428.3671323787,19428.3671323787,19428.3671323787,
2022-10-10 00:00:00+00:00,19154.4042346581,19154.4042346581,19154.4042346581,19154.4042346581,
2022-10-11 00:00:00+00:00,19039.2820683811,19039.2820683811,19039.2820683811,19039.2820683811,
2022-10-12 00:00:00+00:00,19156.9115645821,19156.9115645821,19156.9115645821,19156.9115645821,
2022-10-13 00:00:00+00:00,19387.8336806546,19387.8336806546,19387.8336806546,19387.8336806546,
2022-10-14 00:00:00+00:00,19177.6941031561,19177.6941031561,19177.6941031561,19177.6941031561,
2022-10-15 00:00:00+00:00,19069.8749272355,19069.8749272355,19069.8749272355,19069.8749272355,
2022-10-16 00:00:00+00:00,19261.7497878434,19261.7497878434,19261.7497878434,19261.7497878434,
2022-10-17 00:00:00+00:00,19557.0218106371,19557.0218106371,19557.0218106371,19557.0218106371,
2022-10-18 00:00:00+00:00,19341.4075543542,19341.4075543542,19341.4075543542,19341.4075543542,
2022-10-19 00:00:00+00:00,19132.1544254822,19132.1544254822,19132.1544254822,19132.1544254822,
2022-10-20 00:00:00+00:00,19033.3760239626,19033.3760239626,19033.3760239626,19033.3760239626,
2022-10-21 00:00:00+00:00,19174.8763487434,19174.8763487434,19174.8763487434,19174.8763487434,
2022-10-22 00:00:00+00:00,19207.6285078901,19207.6285078901,19207.6285078901,19207.6285078901,
2022-10-23 00:00:00+00:00,19565.4123243717,19565.4123243717,19565.4123243717,19565.4123243717,
2022-10-24 00:00:00+00:00,19341.460210111,19341.460210111,19341.460210111,19341.460210111,
2022-10-25 00:00:00+00:00,20094.9611215663,20094.9611215663,20094.9611215663,20094.9611215663,
2022-10-26 00:00:00+00:00,20797.0308258328,20797.0308258328,20797.0308258328,20797.0308258328,
2022-10-27 00:00:00+00:00,20280.1751280538,20280.1751280538,20280.1751280538,20280.1751280538,
2022-10-28 00:00:00+00:00,20604.6138535944,20604.6138535944,20604.6138535944,20604.6138535944,
2022-10-29 00:00:00+00:00,20803.8999205143,20803.8999205143,20803.8999205143,20803.8999205143,
2022-10-30 00:00:00+00:00,20616.7033766803,20616.7033766803,20616.7033766803,20616.7033766803,
2022-10-31 00:00:00+00:00,20490.8581808884,20490.8581808884,20490.8581808884,20490.8581808884,
2022-11-01 00:00:00+00:00,20483.966530976,20483.966530976,20483.966530976,20483.966530976,
2022-11-02 00:00:00+00:00,20148.2845537697,20148.2845537697,20148.2845537697,20148.2845537697,
2022-11-03 00:00:00+00:00,20198.1111860316,20198.1111860316,20198.1111860316,20198.1111860316,
2022-11-04 00:00:00+00:00,21157.2449275278,21157.2449275278,21157.2449275278,21157.2449275278,
2022-11-05 00:00:00+00:00,21283.4715999416,21283.4715999416,21283.4715999416,21283.4715999416,
2022-11-06 00:00:00+00:00,20946.8030359439,20946.8030359439,20946.8030359439,20946.8030359439,
2022-11-07 00:00:00+00:00,20568.5651183518,20568.5651183518,20568.5651183518,20568.5651183518,
2022-11-08 00:00:00+00:00,18520.971163647,18520.971163647,18520.971163647,18520.971163647,
2022-11-09 00:00:00+00:00,15758.2912819988,15758.2912819988,15758.2912819988,15758.2912819988,
2022-11-10 00:00:00+00:00,17541.5602866745,17541.5602866745,17541.5602866745,17541.5602866745,
2022-11-11 00:00:00+00:00,16916.8506312098,16916.8506312098,16916.8506312098,16916.8506312098,
2022-11-12 00:00:00+00:00,16771.2426718293,16771.2426718293,16771.2426718293,16771.2426718293,
2022-11-13 00:00:00+00:00,16320.4983375219,16320.4983375219,16320.4983375219,16320.4983375219,
2022-11-14 00:00:00+00:00,16629.4784146698,16629.4784146698,16629.4784146698,16629.4784146698,
2022-11-15 00:00:00+00:00,16855.59378609,16855.59378609,16855.59378609,16855.59378609,
2022-11-16 00:00:00+00:00,16659.6063345996,16659.6063345996,16659.6063345996,16659.6063345996,
2022-11-17 00:00:00+00:00,16675.1790204559,16675.1790204559,16675.1790204559,16675.1790204559,
2022-11-18 00:00:00+00:00,16661.5229576271,16661.5229576271,16661.5229576271,16661.5229576271,
2022-11-19 00:00:00+00:00,16696.0040581531,16696.0040581531,16696.0040581531,16696.0040581531,
2022-11-20 00:00:00+00:00,16246.8446992987,16246.8446992987,16246.8446992987,16246.8446992987,
2022-11-21 00:00:00+00:00,15778.0174047341,15778.0174047341,15778.0174047341,15778.0174047341,
2022-11-22 00:00:00+00:00,16172.8893445354,16172.8893445354,16172.8893445354,16172.8893445354,
2022-11-23 00:00:00+00:00,16574.0617299825,16574.0617299825,16574.0617299825,16574.0617299825,
2022-11-24 00:00:00+00:00,16583.5243445354,16583.5243445354,16583.5243445354,16583.5243445354,
2022-11-25 00:00:00+00:00,16522.3887767388,16522.3887767388,16522.3887767388,16522.3887767388,
2022-11-26 00:00:00+00:00,16448.6413077148,16448.6413077148,16448.6413077148,16448.6413077148,
2022-11-27 00:00:00+00:00,16436.0707688486,16436.0707688486,16436.0707688486,16436.0707688486,
2022-11-28 00:00:00+00:00,16212.5814161309,16212.5814161309,16212.5814161309,16212.5814161309,
2022-11-29 00:00:00+00:00,16443.0368199883,16443.0368199883,16443.0368199883,16443.0368199883,
2022-11-30 00:00:00+00:00,17176.8986914085,17176.8986914085,17176.8986914085,17176.8986914085,
2022-12-01 00:00:00+00:00,16961.2918042081,16961.2918042081,16961.2918042081,16961.2918042081,
2022-12-02 00:00:00+00:00,17075.1091370544,17075.1091370544,17075.1091370544,17075.1091370544,
2022-12-03 00:00:00+00:00,16899.5073831093,16899.5073831093,16899.5073831093,16899.5073831093,
2022-12-04 00:00:00+00:00,17121.7149824664,17121.7149824664,17121.7149824664,17121.7149824664,
2022-12-05 00:00:00+00:00,16961.3517866745,16961.3517866745,16961.3517866745,16961.3517866745,
2022-12-06 00:00:00+00:00,17070.5158281707,17070.5158281707,17070.5158281707,17070.5158281707,
2022-12-07 00:00:00+00:00,16848.2518243717,16848.2518243717,16848.2518243717,16848.2518243717,
2022-12-08 00:00:00+00:00,17231.4563223261,17231.4563223261,17231.4563223261,17231.4563223261,
2022-12-09 00:00:00+00:00,17136.1490008767,17136.1490008767,17136.1490008767,17136.1490008767,
2022-12-10 00:00:00+00:00,17124.2146797195,17124.2146797195,17124.2146797195,17124.2146797195,
2022-12-11 00:00:00+00:00,17094.3606592636,17094.3606592636,17094.3606592636,17094.3606592636,
2022-12-12 00:00:00+00:00,17195.5249962011,17195.5249962011,17195.5249962011,17195.5249962011,
2022-12-13 00:00:00+00:00,17774.9166320865,17774.9166320865,17774.9166320865,17774.9166320865,
2022-12-14 00:00:00+00:00,17809.7240835769,17809.7240835769,17809.7240835769,17809.7240835769,
2022-12-15 00:00:00+00:00,17344.0544569258,17344.0544569258,17344.0544569258,17344.0544569258,
2022-12-16 00:00:00+00:00,16606.1101750438,16606.1101750438,16606.1101750438,16606.1101750438,
2022-12-17 00:00:00+00:00,16774.3853702513,16774.3853702513,16774.3853702513,16774.3853702513,
2022-12-18 00:00:00+00:00,16776.1159254822,16776.1159254822,16776.1159254822,16776.1159254822,
2022-12-19 00:00:00+00:00,16424.1313857393,16424.1313857393,16424.1313857393,16424.1313857393,
2022-12-20 00:00:00+00:00,16901.8169362946,16901.8169362946,16901.8169362946,16901.8169362946,
2022-12-21 00:00:00+00:00,16800.5329707773,16800.5329707773,16800.5329707773,16800.5329707773,
2022-12-22 00:00:00+00:00,16814.2225791935,16814.2225791935,16814.2225791935,16814.2225791935,
2022-12-23 00:00:00+00:00,16780.5169798363,16780.5169798363,16780.5169798363,16780.5169798363,
2022-12-24 00:00:00+00:00,16837.612170076,16837.612170076,16837.612170076,16837.612170076,
2022-12-25 00:00:00+00:00,16824.8389736996,16824.8389736996,16824.8389736996,16824.8389736996,
2022-12-26 00:00:00+00:00,16879.9382273524,16879.9382273524,16879.9382273524,16879.9382273524,
2022-12-27 00:00:00+00:00,16698.9112708942,16698.9112708942,16698.9112708942,16698.9112708942,
2022-12-28 00:00:00+00:00,16536.2942001753,16536.2942001753,16536.2942001753,16536.2942001753,
2022-12-29 00:00:00+00:00,16630.5931551724,16630.5931551724,16630.5931551724,16630.5931551724,
2022-12-30 00:00:00+00:00,16593.6888287551,16593.6888287551,16593.6888287551,16593.6888287551,
2022-12-31 00:00:00+00:00,16524.2178024547,16524.2178024547,16524.2178024547,16524.2178024547,
2023-01-01 00:00:00+00:00,16606.7520432496,16606.7520432496,16606.7520432496,16606.7520432496,
2023-01-02 00:00:00+00:00,16688.7192729398,16688.7192729398,16688.7192729398,16688.7192729398,
2023-01-03 00:00:00+00:00,16670.0773836937,16670.0773836937,16670.0773836937,16670.0773836937,
2023-01-04 00:00:00+00:00,16848.3660391584,16848.3660391584,16848.3660391584,16848.3660391584,
2023-01-05 00:00:00+00:00,16824.8001826417,16824.8001826417,16824.8001826417,16824.8001826417,
2023-01-06 00:00:00+00:00,16957.8622738165,16957.8622738165,16957.8622738165,16957.8622738165,
2023-01-07 00:00:00+00:00,16942.6285891292,16942.6285891292,16942.6285891292,16942.6285891292,
2023-01-08 00:00:00+00:00,17059.2399444769,17059.2399444769,17059.2399444769,17059.2399444769,
2023-01-09 00:00:00+00:00,17182.3198521333,17182.3198521333,17182.3198521333,17182.3198521333,
2023-01-10 00:00:00+00:00,17433.9146320865,17433.9146320865,17433.9146320865,17433.9146320865,
2023-01-11 00:00:00+00:00,17833.7107656341,17833.7107656341,17833.7107656341,17833.7107656341,
2023-01-12 00:00:00+00:00,18869.7044842198,18869.7044842198,18869.7044842198,18869.7044842198,
2023-01-13 00:00:00+00:00,19868.7247454705,19868.7247454705,19868.7247454705,19868.7247454705,
2023-01-14 00:00:00+00:00,21010.9227200468,21010.9227200468,21010.9227200468,21010.9227200468,
2023-01-15 00:00:00+00:00,20876.0085561075,20876.0085561075,20876.0085561075,20876.0085561075,
2023-01-16 00:00:00+00:00,21180.4119485681,21180.4119485681,21180.4119485681,21180.4119485681,
2023-01-17 00:00:00+00:00,21178.2993962595,21178.2993962595,21178.2993962595,21178.2993962595,
2023-01-18 00:00:00+00:00,20709.6686040327,20709.6686040327,20709.6686040327,20709.6686040327,
2023-01-19 00:00:00+00:00,21071.8334152542,21071.8334152542,21071.8334152542,21071.8334152542,
2023-01-20 00:00:00+00:00,22660.7169421391,22660.7169421391,22660.7169421391,22660.7169421391,
2023-01-21 00:00:00+00:00,22803.172761543,22803.172761543,22803.172761543,22803.172761543,
2023-01-22 00:00:00+00:00,22716.2771966686,22716.2771966686,22716.2771966686,22716.2771966686,
2023-01-23 00:00:00+00:00,22929.0248936295,22929.0248936295,22929.0248936295,22929.0248936295,
2023-01-24 00:00:00+00:00,22611.1268787259,22611.1268787259,22611.1268787259,22611.1268787259,
2023-01-25 00:00:00+00:00,23109.0845189947,23109.0845189947,23109.0845189947,23109.0845189947,
2023-01-26 00:00:00+00:00,23008.6894766219,23008.6894766219,23008.6894766219,23008.6894766219,
2023-01-27 00:00:00+00:00,23070.4964582116,23070.4964582116,23070.4964582116,23070.4964582116,
2023-01-28 00:00:00+00:00,23008.8094649328,23008.8094649328,23008.8094649328,23008.8094649328,
2023-01-29 00:00:00+00:00,23774.9963679135,23774.9963679135,23774.9963679135,23774.9963679135,
2023-01-30 00:00:00+00:00,22799.427261543,22799.427261543,22799.427261543,22799.427261543,
2023-01-31 00:00:00+00:00,23130.0519132087,23130.0519132087,23130.0519132087,23130.0519132087,
2023-02-01 00:00:00+00:00,23727.2026075395,23727.2026075395,23727.2026075395,23727.2026075395,
2023-02-02 00:00:00+00:00,23505.6048430742,23505.6048430742,23505.6048430742,23505.6048430742,
2023-02-03 00:00:00+00:00,23445.8131773816,23445.8131773816,23445.8131773816,23445.8131773816,
2023-02-04 00:00:00+00:00,23355.5243863238,23355.5243863238,23355.5243863238,23355.5243863238,
2023-02-05 00:00:00+00:00,22957.2251905319,22957.2251905319,22957.2251905319,22957.2251905319,
2023-02-06 00:00:00+00:00,22745.1650371128,22745.1650371128,22745.1650371128,22745.1650371128,
2023-02-07 00:00:00+00:00,23266.2692036821,23266.2692036821,23266.2692036821,23266.2692036821,
2023-02-08 00:00:00+00:00,22937.5799453536,22937.5799453536,22937.5799453536,22937.5799453536,
2023-02-09 00:00:00+00:00,21818.1989456458,21818.1989456458,21818.1989456458,21818.1989456458,
2023-02-10 00:00:00+00:00,21620.5667837522,21620.5667837522,21620.5667837522,21620.5667837522,
2023-02-11 00:00:00+00:00,21864.8626414378,21864.8626414378,21864.8626414378,21864.8626414378,
2023-02-12 00:00:00+00:00,21772.1373252484,21772.1373252484,21772.1373252484,21772.1373252484,
2023-02-13 00:00:00+00:00,21798.7157168323,21798.7157168323,21798.7157168323,21798.7157168323,
2023-02-14 00:00:00+00:00,22222.415043834,22222.415043834,22222.415043834,22222.415043834,
2023-02-15 00:00:00+00:00,24304.6129827586,24304.6129827586,24304.6129827586,24304.6129827586,
2023-02-16 00:00:00+00:00,23742.4488354763,23742.4488354763,23742.4488354763,23742.4488354763,
2023-02-17 00:00:00+00:00,24607.3356054939,24607.3356054939,24607.3356054939,24607.3356054939,
2023-02-18 00:00:00+00:00,24636.5266127995,24636.5266127995,24636.5266127995,24636.5266127995,
2023-02-19 00:00:00+00:00,24366.9907606663,24366.9907606663,24366.9907606663,24366.9907606663,
2023-02-20 00:00:00+00:00,24797.8430359439,24797.8430359439,24797.8430359439,24797.8430359439,
2023-02-21 00:00:00+00:00,24400.3893898305,24400.3893898305,24400.3893898305,24400.3893898305,
2023-02-22 00:00:00+00:00,24163.7389812975,24163.7389812975,24163.7389812975,24163.7389812975,
2023-02-23 00:00:00+00:00,23910.0342104033,23910.0342104033,23910.0342104033,23910.0342104033,
2023-02-24 00:00:00+00:00,23175.8242036821,23175.8242036821,23175.8242036821,23175.8242036821,
2023-02-25 00:00:00+00:00,23159.8154403857,23159.8154403857,23159.8154403857,23159.8154403857,
2023-02-26 00:00:00+00:00,23542.0964281122,23542.0964281122,23542.0964281122,23542.0964281122,
2023-02-27 00:00:00+00:00,23504.1894178843,23504.1894178843,23504.1894178843,23504.1894178843,
2023-02-28 00:00:00+00:00,23145.9491277031,23145.9491277031,23145.9491277031,23145.9491277031,
2023-03-01 00:00:00+00:00,23610.6590902981,23610.6590902981,23610.6590902981,23610.6590902981,
2023-03-02 00:00:00+00:00,23470.0254815897,23470.0254815897,23470.0254815897,23470.0254815897,
2023-03-03 00:00:00+00:00,22350.0962340736,22350.0962340736,22350.0962340736,22350.0962340736,
2023-03-04 00:00:00+00:00,22334.2852638808,22334.2852638808,22334.2852638808,22334.2852638808,
2023-03-05 00:00:00+00:00,22419.8171390999,22419.8171390999,22419.8171390999,22419.8171390999,
2023-03-06 00:00:00+00:00,22414.7033056692,22414.7033056692,22414.7033056692,22414.7033056692,
2023-03-07 00:00:00+00:00,22174.6484725307,22174.6484725307,22174.6484725307,22174.6484725307,
2023-03-08 00:00:00+00:00,21701.3846227352,21701.3846227352,21701.3846227352,21701.3846227352,
2023-03-09 00:00:00+00:00,20349.8141732905,20349.8141732905,20349.8141732905,20349.8141732905,
2023-03-10 00:00:00+00:00,20240.406694623,20240.406694623,20240.406694623,20240.406694623,
2023-03-11 00:00:00+00:00,20585.2343290473,20585.2343290473,20585.2343290473,20585.2343290473,
2023-03-12 00:00:00+00:00,22065.9800359439,22065.9800359439,22065.9800359439,22065.9800359439,
2023-03-13 00:00:00+00:00,24154.4290946815,24154.4290946815,24154.4290946815,24154.4290946815,
2023-03-14 00:00:00+00:00,24769.0175691409,24769.0175691409,24769.0175691409,24769.0175691409,
2023-03-15 00:00:00+00:00,24409.8017518995,24409.8017518995,24409.8017518995,24409.8017518995,
2023-03-16 00:00:00+00:00,25043.2388468732,25043.2388468732,25043.2388468732,25043.2388468732,
2023-03-17 00:00:00+00:00,27450.6282933957,27450.6282933957,27450.6282933957,27450.6282933957,
2023-03-18 00:00:00+00:00,26985.7359915254,26985.7359915254,26985.7359915254,26985.7359915254,
2023-03-19 00:00:00+00:00,28185.2043319696,28185.2043319696,28185.2043319696,28185.2043319696,
2023-03-20 00:00:00+00:00,27834.3361090006,27834.3361090006,27834.3361090006,27834.3361090006,
2023-03-21 00:00:00+00:00,28172.7950558153,28172.7950558153,28172.7950558153,28172.7950558153,
2023-03-22 00:00:00+00:00,27341.5571297487,27341.5571297487,27341.5571297487,27341.5571297487,
2023-03-23 00:00:00+00:00,28387.8897495617,28387.8897495617,28387.8897495617,28387.8897495617,
2023-03-24 00:00:00+00:00,27464.1249453536,27464.1249453536,27464.1249453536,27464.1249453536,
2023-03-25 00:00:00+00:00,27488.954880187,27488.954880187,27488.954880187,27488.954880187,
2023-03-26 00:00:00+00:00,28049.3916911163,28049.3916911163,28049.3916911163,28049.3916911163,
2023-03-27 00:00:00+00:00,27154.9963702513,27154.9963702513,27154.9963702513,27154.9963702513,
2023-03-28 00:00:00+00:00,27283.9634029807,27283.9634029807,27283.9634029807,27283.9634029807,
2023-03-29 00:00:00+00:00,28389.2917784921,28389.2917784921,28389.2917784921,28389.2917784921,
2023-03-30 00:00:00+00:00,28021.5583009936,28021.5583009936,28021.5583009936,28021.5583009936,
2023-03-31 00:00:00+00:00,28514.6813062537,28514.6813062537,28514.6813062537,28514.6813062537,
2023-04-01 00:00:00+00:00,28494.5638863238,28494.5638863238,28494.5638863238,28494.5638863238,
2023-04-02 00:00:00+00:00,28161.9980362361,28161.9980362361,28161.9980362361,28161.9980362361,
2023-04-03 00:00:00+00:00,27850.9799436002,27850.9799436002,27850.9799436002,27850.9799436002,
2023-04-04 00:00:00+00:00,28113.9585187025,28113.9585187025,28113.9585187025,28113.9585187025,
2023-04-05 00:00:00+00:00,28190.3116063705,28190.3116063705,28190.3116063705,28190.3116063705,
2023-04-06 00:00:00+00:00,28049.0744763296,28049.0744763296,28049.0744763296,28049.0744763296,
2023-04-07 00:00:00+00:00,27936.8042609585,27936.8042609585,27936.8042609585,27936.8042609585,
2023-04-08 00:00:00+00:00,27964.0512498539,27964.0512498539,27964.0512498539,27964.0512498539,
2023-04-09 00:00:00+00:00,28357.8072703098,28357.8072703098,28357.8072703098,28357.8072703098,
2023-04-10 00:00:00+00:00,29687.5651846873,29687.5651846873,29687.5651846873,29687.5651846873,
2023-04-11 00:00:00+00:00,30247.0959193454,30247.0959193454,30247.0959193454,30247.0959193454,
2023-04-12 00:00:00+00:00,29913.0035463472,29913.0035463472,29913.0035463472,29913.0035463472,
2023-04-13 00:00:00+00:00,30370.82207218,30370.82207218,30370.82207218,30370.82207218,
2023-04-14 00:00:00+00:00,30458.9700414962,30458.9700414962,30458.9700414962,30458.9700414962,
2023-04-15 00:00:00+00:00,30342.0591084161,30342.0591084161,30342.0591084161,30342.0591084161,
2023-04-16 00:00:00+00:00,30312.9308533022,30312.9308533022,30312.9308533022,30312.9308533022,
2023-04-17 00:00:00+00:00,29469.5050727645,29469.5050727645,29469.5050727645,29469.5050727645,
2023-04-18 00:00:00+00:00,30366.8723813559,30366.8723813559,30366.8723813559,30366.8723813559,
2023-04-19 00:00:00+00:00,28796.7440952659,28796.7440952659,28796.7440952659,28796.7440952659,
2023-04-20 00:00:00+00:00,28251.2763790181,28251.2763790181,28251.2763790181,28251.2763790181,
2023-04-21 00:00:00+00:00,27292.0211052016,27292.0211052016,27292.0211052016,27292.0211052016,
2023-04-22 00:00:00+00:00,27827.5475920514,27827.5475920514,27827.5475920514,27827.5475920514,
2023-04-23 00:00:00+00:00,27604.6855742256,27604.6855742256,27604.6855742256,27604.6855742256,
2023-04-24 00:00:00+00:00,27520.1996729982,27520.1996729982,27520.1996729982,27520.1996729982,
2023-04-25 00:00:00+00:00,28302.6942180012,28302.6942180012,28302.6942180012,28302.6942180012,
2023-04-26 00:00:00+00:00,28384.2340333139,28384.2340333139,28384.2340333139,28384.2340333139,
2023-04-27 00:00:00+00:00,29465.5514272355,29465.5514272355,29465.5514272355,29465.5514272355,
2023-04-28 00:00:00+00:00,29350.811886616,29350.811886616,29350.811886616,29350.811886616,
2023-04-29 00:00:00+00:00,29221.5145075979,29221.5145075979,29221.5145075979,29221.5145075979,
2023-04-30 00:00:00+00:00,29362.0867974868,29362.0867974868,29362.0867974868,29362.0867974868,
2023-05-01 00:00:00+00:00,28114.9531873174,28114.9531873174,28114.9531873174,28114.9531873174,
2023-05-02 00:00:00+00:00,28690.5809959088,28690.5809959088,28690.5809959088,28690.5809959088,
2023-05-03 00:00:00+00:00,29045.0427735243,29045.0427735243,29045.0427735243,29045.0427735243,
2023-05-04 00:00:00+00:00,28855.8574465225,28855.8574465225,28855.8574465225,28855.8574465225,
2023-05-05 00:00:00+00:00,29552.9695236704,29552.9695236704,29552.9695236704,29552.9695236704,
2023-05-06 00:00:00+00:00,28899.4629602572,28899.4629602572,28899.4629602572,28899.4629602572,
2023-05-07 00:00:00+00:00,28761.738434249,28761.738434249,28761.738434249,28761.738434249,
2023-05-08 00:00:00+00:00,27727.2854091175,27727.2854091175,27727.2854091175,27727.2854091175,
2023-05-09 00:00:00+00:00,27642.4281092928,27642.4281092928,27642.4281092928,27642.4281092928,
2023-05-10 00:00:00+00:00,27646.004902104,27646.004902104,27646.004902104,27646.004902104,
2023-05-11 00:00:00+00:00,26986.271065751,26986.271065751,26986.271065751,26986.271065751,
2023-05-12 00:00:00+00:00,26773.3443591467,26773.3443591467,26773.3443591467,26773.3443591467,
2023-05-13 00:00:00+00:00,26841.3982913501,26841.3982913501,26841.3982913501,26841.3982913501,
2023-05-14 00:00:00+00:00,26918.261597896,26918.261597896,26918.261597896,26918.261597896,
2023-05-15 00:00:00+00:00,27231.6216052016,27231.6216052016,27231.6216052016,27231.6216052016,
2023-05-16 00:00:00+00:00,27025.7181864407,27025.7181864407,27025.7181864407,27025.7181864407,
2023-05-17 00:00:00+00:00,27401.0440610754,27401.0440610754,27401.0440610754,27401.0440610754,
2023-05-18 00:00:00+00:00,26843.2350938048,26843.2350938048,26843.2350938048,26843.2350938048,
2023-05-19 00:00:00+00:00,26889.503631502,26889.503631502,26889.503631502,26889.503631502,
2023-05-20 00:00:00+00:00,27100.8582878434,27100.8582878434,27100.8582878434,27100.8582878434,
2023-05-21 00:00:00+00:00,26777.0977831677,26777.0977831677,26777.0977831677,26777.0977831677,
2023-05-22 00:00:00+00:00,26858.7370637054,26858.7370637054,26858.7370637054,26858.7370637054,
2023-05-23 00:00:00+00:00,27226.8558763881,27226.8558763881,27226.8558763881,27226.8558763881,
2023-05-24 00:00:00+00:00,26341.4306446522,26341.4306446522,26341.4306446522,26341.4306446522,
2023-05-25 00:00:00+00:00,26484.8359234366,26484.8359234366,26484.8359234366,26484.8359234366,
2023-05-26 00:00:00+00:00,26720.3838071303,26720.3838071303,26720.3838071303,26720.3838071303,
2023-05-27 00:00:00+00:00,26854.5403702513,26854.5403702513,26854.5403702513,26854.5403702513,
2023-05-28 00:00:00+00:00,28097.5211259497,28097.5211259497,28097.5211259497,28097.5211259497,
2023-05-29 00:00:00+00:00,27765.0728693746,27765.0728693746,27765.0728693746,27765.0728693746,
2023-05-30 00:00:00+00:00,27712.4915844535,27712.4915844535,27712.4915844535,27712.4915844535,
2023-05-31 00:00:00+00:00,27217.6832580362,27217.6832580362,27217.6832580362,27217.6832580362,
2023-06-01 00:00:00+00:00,26825.3713451198,26825.3713451198,26825.3713451198,26825.3713451198,
2023-06-02 00:00:00+00:00,27255.2279941555,27255.2279941555,27255.2279941555,27255.2279941555,
2023-06-03 00:00:00+00:00,27079.4084643483,27079.4084643483,27079.4084643483,27079.4084643483,
2023-06-04 00:00:00+00:00,27158.25456955,27158.25456955,27158.25456955,27158.25456955,
2023-06-05 00:00:00+00:00,25785.8514842198,25785.8514842198,25785.8514842198,25785.8514842198,
2023-06-06 00:00:00+00:00,27213.7705187025,27213.7705187025,27213.7705187025,27213.7705187025,
2023-06-07 00:00:00+00:00,26339.5790292227,26339.5790292227,26339.5790292227,26339.5790292227,
2023-06-08 00:00:00+00:00,26521.693600526,26521.693600526,26521.693600526,26521.693600526,
2023-06-09 00:00:00+00:00,26470.6775780245,26470.6775780245,26470.6775780245,26470.6775780245,
2023-06-10 00:00:00+00:00,25863.2138506721,25863.2138506721,25863.2138506721,25863.2138506721,
2023-06-11 00:00:00+00:00,25906.8281516657,25906.8281516657,25906.8281516657,25906.8281516657,
2023-06-12 00:00:00+00:00,25906.7519354179,25906.7519354179,25906.7519354179,25906.7519354179,
2023-06-13 00:00:00+00:00,25880.8599734074,25880.8599734074,25880.8599734074,25880.8599734074,
2023-06-14 00:00:00+00:00,25097.5853796026,25097.5853796026,25097.5853796026,25097.5853796026,
2023-06-15 00:00:00+00:00,25559.1433293396,25559.1433293396,25559.1433293396,25559.1433293396,
2023-06-16 00:00:00+00:00,26331.8200943892,26331.8200943892,26331.8200943892,26331.8200943892,
2023-06-17 00:00:00+00:00,26514.1713495032,26514.1713495032,26514.1713495032,26514.1713495032,
2023-06-18 00:00:00+00:00,26353.962682934,26353.962682934,26353.962682934,26353.962682934,
2023-06-19 00:00:00+00:00,26778.0634415547,26778.0634415547,26778.0634415547,26778.0634415547,
2023-06-20 00:00:00+00:00,28305.4204573349,28305.4204573349,28305.4204573349,28305.4204573349,
2023-06-21 00:00:00+00:00,30099.5153509643,30099.5153509643,30099.5153509643,30099.5153509643,
2023-06-22 00:00:00+00:00,29952.5112866745,29952.5112866745,29952.5112866745,29952.5112866745,
2023-06-23 00:00:00+00:00,30638.3537644652,30638.3537644652,30638.3537644652,30638.3537644652,
2023-06-24 00:00:00+00:00,30549.0162872589,30549.0162872589,30549.0162872589,30549.0162872589,
2023-06-25 00:00:00+00:00,30467.4403705435,30467.4403705435,30467.4403705435,30467.4403705435,
2023-06-26 00:00:00+00:00,30255.8861241964,30255.8861241964,30255.8861241964,30255.8861241964,
2023-06-27 00:00:00+00:00,30667.0762948568,30667.0762948568,30667.0762948568,30667.0762948568,
2023-06-28 00:00:00+00:00,30104.0432717709,30104.0432717709,30104.0432717709,30104.0432717709,
2023-06-29 00:00:00+00:00,30460.792978083,30460.792978083,30460.792978083,30460.792978083,
2023-06-30 00:00:00+00:00,30484.503257744,30484.503257744,30484.503257744,30484.503257744,
2023-07-01 00:00:00+00:00,30581.6889655172,30581.6889655172,30581.6889655172,30581.6889655172,
2023-07-02 00:00:00+00:00,30594.2164736996,30594.2164736996,30594.2164736996,30594.2164736996,
2023-07-03 00:00:00+00:00,31135.3575993571,31135.3575993571,31135.3575993571,31135.3575993571,
2023-07-04 00:00:00+00:00,30799.9474558738,30799.9474558738,30799.9474558738,30799.9474558738,
2023-07-05 00:00:00+00:00,30497.8221282876,30497.8221282876,30497.8221282876,30497.8221282876,
2023-07-06 00:00:00+00:00,29979.7298094681,29979.7298094681,29979.7298094681,29979.7298094681,
2023-07-07 00:00:00+00:00,30329.8829786674,30329.8829786674,30329.8829786674,30329.8829786674,
2023-07-08 00:00:00+00:00,30263.6196341321,30263.6196341321,30263.6196341321,30263.6196341321,
2023-07-09 00:00:00+00:00,30163.2210563998,30163.2210563998,30163.2210563998,30163.2210563998,
2023-07-10 00:00:00+00:00,30394.6555806546,30394.6555806546,30394.6555806546,30394.6555806546,
2023-07-11 00:00:00+00:00,30616.247094097,30616.247094097,30616.247094097,30616.247094097,
2023-07-12 00:00:00+00:00,30385.6087852133,30385.6087852133,30385.6087852133,30385.6087852133,
2023-07-13 00:00:00+00:00,31434.7354704851,31434.7354704851,31434.7354704851,31434.7354704851,
2023-07-14 00:00:00+00:00,30310.6720204559,30310.6720204559,30310.6720204559,30310.6720204559,
2023-07-15 00:00:00+00:00,30290.8905958504,30290.8905958504,30290.8905958504,30290.8905958504,
2023-07-16 00:00:00+00:00,30249.7729658095,30249.7729658095,30249.7729658095,30249.7729658095,
2023-07-17 00:00:00+00:00,30143.7462744009,30143.7462744009,30143.7462744009,30143.7462744009,
2023-07-18 00:00:00+00:00,29835.7474076563,29835.7474076563,29835.7474076563,29835.7474076563,
2023-07-19 00:00:00+00:00,29913.0294646406,29913.0294646406,29913.0294646406,29913.0294646406,
2023-07-20 00:00:00+00:00,29805.6065707189,29805.6065707189,29805.6065707189,29805.6065707189,
2023-07-21 00:00:00+00:00,29919.6934921099,29919.6934921099,29919.6934921099,29919.6934921099,
2023-07-22 00:00:00+00:00,29726.0096271186,29726.0096271186,29726.0096271186,29726.0096271186,
2023-07-23 00:00:00+00:00,30066.5724482759,30066.5724482759,30066.5724482759,30066.5724482759,
2023-07-24 00:00:00+00:00,29178.3597042665,29178.3597042665,29178.3597042665,29178.3597042665,
2023-07-25 00:00:00+00:00,29221.2548533022,29221.2548533022,29221.2548533022,29221.2548533022,
2023-07-26 00:00:00+00:00,29361.5917580362,29361.5917580362,29361.5917580362,29361.5917580362,
2023-07-27 00:00:00+00:00,29201.6865175336,29201.6865175336,29201.6865175336,29201.6865175336,
2023-07-28 00:00:00+00:00,29316.3130751023,29316.3130751023,29316.3130751023,29316.3130751023,
2023-07-29 00:00:00+00:00,29360.376179135,29360.376179135,29360.376179135,29360.376179135,
2023-07-30 00:00:00+00:00,29262.8367337814,29262.8367337814,29262.8367337814,29262.8367337814,
2023-07-31 00:00:00+00:00,29219.8201887785,29219.8201887785,29219.8201887785,29219.8201887785,
2023-08-01 00:00:00+00:00,29499.5875385739,29499.5875385739,29499.5875385739,29499.5875385739,
2023-08-02 00:00:00+00:00,29143.1519620105,29143.1519620105,29143.1519620105,29143.1519620105,
2023-08-03 00:00:00+00:00,29192.3448617767,29192.3448617767,29192.3448617767,29192.3448617767,
2023-08-04 00:00:00+00:00,29057.2532437171,29057.2532437171,29057.2532437171,29057.2532437171,
2023-08-05 00:00:00+00:00,29053.0956975453,29053.0956975453,29053.0956975453,29053.0956975453,
2023-08-06 00:00:00+00:00,29048.0433275862,29048.0433275862,29048.0433275862,29048.0433275862,
2023-08-07 00:00:00+00:00,29164.3585873758,29164.3585873758,29164.3585873758,29164.3585873758,
2023-08-08 00:00:00+00:00,29779.511383986,29779.511383986,29779.511383986,29779.511383986,
2023-08-09 00:00:00+00:00,29582.9442375804,29582.9442375804,29582.9442375804,29582.9442375804,
2023-08-10 00:00:00+00:00,29430.1599117475,29430.1599117475,29430.1599117475,29430.1599117475,
2023-08-11 00:00:00+00:00,29399.784739626,29399.784739626,29399.784739626,29399.784739626,
2023-08-12 00:00:00+00:00,29415.733902104,29415.733902104,29415.733902104,29415.733902104,
2023-08-13 00:00:00+00:00,29286.1176110462,29286.1176110462,29286.1176110462,29286.1176110462,
2023-08-14 00:00:00+00:00,29408.9717127411,29408.9717127411,29408.9717127411,29408.9717127411,
2023-08-15 00:00:00+00:00,29167.59721654,29167.59721654,29167.59721654,29167.59721654,
2023-08-16 00:00:00+00:00,28754.2924079486,28754.2924079486,28754.2924079486,28754.2924079486,
2023-08-17 00:00:00+00:00,26660.5627264757,26660.5627264757,26660.5627264757,26660.5627264757,
2023-08-18 00:00:00+00:00,26037.3658474576,26037.3658474576,26037.3658474576,26037.3658474576,
2023-08-19 00:00:00+00:00,26093.981808007,26093.981808007,26093.981808007,26093.981808007,
2023-08-20 00:00:00+00:00,26176.4721642315,26176.4721642315,26176.4721642315,26176.4721642315,
2023-08-21 00:00:00+00:00,26128.9050160725,26128.9050160725,26128.9050160725,26128.9050160725,
2023-08-22 00:00:00+00:00,25978.2096914085,25978.2096914085,25978.2096914085,25978.2096914085,
2023-08-23 00:00:00+00:00,26452.1935882525,26452.1935882525,26452.1935882525,26452.1935882525,
2023-08-24 00:00:00+00:00,26126.7943331385,26126.7943331385,26126.7943331385,26126.7943331385,
2023-08-25 00:00:00+00:00,26040.881255114,26040.881255114,26040.881255114,26040.881255114,
2023-08-26 00:00:00+00:00,26006.1740800701,26006.1740800701,26006.1740800701,26006.1740800701,
2023-08-27 00:00:00+00:00,26086.3612594974,26086.3612594974,26086.3612594974,26086.3612594974,
2023-08-28 00:00:00+00:00,26103.2765730567,26103.2765730567,26103.2765730567,26103.2765730567,
2023-08-29 00:00:00+00:00,27672.2221306254,27672.2221306254,27672.2221306254,27672.2221306254,
2023-08-30 00:00:00+00:00,27298.997779661,27298.997779661,27298.997779661,27298.997779661,
2023-08-31 00:00:00+00:00,25954.8665935126,25954.8665935126,25954.8665935126,25954.8665935126,
2023-09-01 00:00:00+00:00,25802.7885298071,25802.7885298071,25802.7885298071,25802.7885298071,
2023-09-02 00:00:00+00:00,25868.2960976037,25868.2960976037,25868.2960976037,25868.2960976037,
2023-09-03 00:00:00+00:00,25962.5475689655,25962.5475689655,25962.5475689655,25962.5475689655,
2023-09-04 00:00:00+00:00,25799.5256870251,25799.5256870251,25799.5256870251,25799.5256870251,
2023-09-05 00:00:00+00:00,25782.3622200468,25782.3622200468,25782.3622200468,25782.3622200468,
2023-09-06 00:00:00+00:00,25754.7902676797,25754.7902676797,25754.7902676797,25754.7902676797,
2023-09-07 00:00:00+00:00,26210.6045637054,26210.6045637054,26210.6045637054,26210.6045637054,
2023-09-08 00:00:00+00:00,25904.6982127411,25904.6982127411,25904.6982127411,25904.6982127411,
2023-09-09 00:00:00+00:00,25894.6205976037,25894.6205976037,25894.6205976037,25894.6205976037,
2023-09-10 00:00:00+00:00,25831.4647802455,25831.4647802455,25831.4647802455,25831.4647802455,
2023-09-11 00:00:00+00:00,25135.0393781414,25135.0393781414,25135.0393781414,25135.0393781414,
2023-09-12 00:00:00+00:00,25859.7018068381,25859.7018068381,25859.7018068381,25859.7018068381,
2023-09-13 00:00:00+00:00,26226.8667524839,26226.8667524839,26226.8667524839,26226.8667524839,
2023-09-14 00:00:00+00:00,26556.056943308,26556.056943308,26556.056943308,26556.056943308,
2023-09-15 00:00:00+00:00,26672.6160818235,26672.6160818235,26672.6160818235,26672.6160818235,
2023-09-16 00:00:00+00:00,26555.6361031561,26555.6361031561,26555.6361031561,26555.6361031561,
2023-09-17 00:00:00+00:00,26502.4321189363,26502.4321189363,26502.4321189363,26502.4321189363,
2023-09-18 00:00:00+00:00,26764.6319064874,26764.6319064874,26764.6319064874,26764.6319064874,
2023-09-19 00:00:00+00:00,27215.0504848042,27215.0504848042,27215.0504848042,27215.0504848042,
2023-09-20 00:00:00+00:00,27133.4037235535,27133.4037235535,27133.4037235535,27133.4037235535,
2023-09-21 00:00:00+00:00,26571.5952919345,26571.5952919345,26571.5952919345,26571.5952919345,
2023-09-22 00:00:00+00:00,26581.1476116306,26581.1476116306,26581.1476116306,26581.1476116306,
2023-09-23 00:00:00+00:00,26575.776386616,26575.776386616,26575.776386616,26575.776386616,
2023-09-24 00:00:00+00:00,26286.6410488019,26286.6410488019,26286.6410488019,26286.6410488019,
2023-09-25 00:00:00+00:00,26288.8095005845,26288.8095005845,26288.8095005845,26288.8095005845,
2023-09-26 00:00:00+00:00,26194.5378880772,26194.5378880772,26194.5378880772,26194.5378880772,
2023-09-27 00:00:00+00:00,26336.0825973115,26336.0825973115,26336.0825973115,26336.0825973115,
2023-09-28 00:00:00+00:00,27033.4254415546,27033.4254415546,27033.4254415546,27033.4254415546,
2023-09-29 00:00:00+00:00,26911.2514739918,26911.2514739918,26911.2514739918,26911.2514739918,
2023-09-30 00:00:00+00:00,26977.6933126826,26977.6933126826,26977.6933126826,26977.6933126826,
2023-10-01 00:00:00+00:00,27950.1453594389,27950.1453594389,27950.1453594389,27950.1453594389,
2023-10-02 00:00:00+00:00,27565.8892954413,27565.8892954413,27565.8892954413,27565.8892954413,
2023-10-03 00:00:00+00:00,27439.1422393337,27439.1422393337,27439.1422393337,27439.1422393337,
2023-10-04 00:00:00+00:00,27797.251176505,27797.251176505,27797.251176505,27797.251176505,
2023-10-05 00:00:00+00:00,27426.3450926359,27426.3450926359,27426.3450926359,27426.3450926359,
2023-10-06 00:00:00+00:00,27941.9633760959,27941.9633760959,27941.9633760959,27941.9633760959,
2023-10-07 00:00:00+00:00,27972.7515704266,27972.7515704266,27972.7515704266,27972.7515704266,
2023-10-08 00:00:00+00:00,27936.3261157218,27936.3261157218,27936.3261157218,27936.3261157218,
2023-10-09 00:00:00+00:00,27591.3467618352,27591.3467618352,27591.3467618352,27591.3467618352,
2023-10-10 00:00:00+00:00,27419.7971803039,27419.7971803039,27419.7971803039,27419.7971803039,
2023-10-11 00:00:00+00:00,26828.1725710111,26828.1725710111,26828.1725710111,26828.1725710111,
2023-10-12 00:00:00+00:00,26741.3405990649,26741.3405990649,26741.3405990649,26741.3405990649,
2023-10-13 00:00:00+00:00,26842.4467703098,26842.4467703098,26842.4467703098,26842.4467703098,
2023-10-14 00:00:00+00:00,26861.9892375804,26861.9892375804,26861.9892375804,26861.9892375804,
2023-10-15 00:00:00+00:00,27130.3067092344,27130.3067092344,27130.3067092344,27130.3067092344,
2023-10-16 00:00:00+00:00,28506.7936741671,28506.7936741671,28506.7936741671,28506.7936741671,
2023-10-17 00:00:00+00:00,28433.2051522501,28433.2051522501,28433.2051522501,28433.2051522501,
2023-10-18 00:00:00+00:00,28328.0750195792,28328.0750195792,28328.0750195792,28328.0750195792,
2023-10-19 00:00:00+00:00,28690.358041204,28690.358041204,28690.358041204,28690.358041204,
2023-10-20 00:00:00+00:00,29704.9853673291,29704.9853673291,29704.9853673291,29704.9853673291,
2023-10-21 00:00:00+00:00,29922.5464044418,29922.5464044418,29922.5464044418,29922.5464044418,
2023-10-22 00:00:00+00:00,29984.1593196961,29984.1593196961,29984.1593196961,29984.1593196961,
2023-10-23 00:00:00+00:00,32954.1690482174,32954.1690482174,32954.1690482174,32954.1690482174,
2023-10-24 00:00:00+00:00,33880.9566537113,33880.9566537113,33880.9566537113,33880.9566537113,
2023-10-25 00:00:00+00:00,34488.6589210988,34488.6589210988,34488.6589210988,34488.6589210988,
2023-10-26 00:00:00+00:00,34181.4922521917,34181.4922521917,34181.4922521917,34181.4922521917,
2023-10-27 00:00:00+00:00,33896.938528346,33896.938528346,33896.938528346,33896.938528346,
2023-10-28 00:00:00+00:00,34091.5890327294,34091.5890327294,34091.5890327294,34091.5890327294,
2023-10-29 00:00:00+00:00,34574.3377206312,34574.3377206312,34574.3377206312,34574.3377206312,
2023-10-30 00:00:00+00:00,34495.1050207481,34495.1050207481,34495.1050207481,34495.1050207481,
2023-10-31 00:00:00+00:00,34636.4264736996,34636.4264736996,34636.4264736996,34636.4264736996,
2023-11-01 00:00:00+00:00,35431.9794532437,35431.9794532437,35431.9794532437,35431.9794532437,
2023-11-02 00:00:00+00:00,34882.9173366452,34882.9173366452,34882.9173366452,34882.9173366452,
2023-11-03 00:00:00+00:00,34708.2218804792,34708.2218804792,34708.2218804792,34708.2218804792,
2023-11-04 00:00:00+00:00,35091.0763062537,35091.0763062537,35091.0763062537,35091.0763062537,
2023-11-05 00:00:00+00:00,35105.0420265926,35105.0420265926,35105.0420265926,35105.0420265926,
2023-11-06 00:00:00+00:00,35017.7151484512,35017.7151484512,35017.7151484512,35017.7151484512,
2023-11-07 00:00:00+00:00,35418.4768901227,35418.4768901227,35418.4768901227,35418.4768901227,
2023-11-08 00:00:00+00:00,35797.8946090006,35797.8946090006,35797.8946090006,35797.8946090006,
2023-11-09 00:00:00+00:00,36675.3264333723,36675.3264333723,36675.3264333723,36675.3264333723,
2023-11-10 00:00:00+00:00,37367.4943722969,37367.4943722969,37367.4943722969,37367.4943722969,
2023-11-11 00:00:00+00:00,36979.9312405026,36979.9312405026,36979.9312405026,36979.9312405026,
2023-11-12 00:00:00+00:00,37053.3410514319,37053.3410514319,37053.3410514319,37053.3410514319,
2023-11-13 00:00:00+00:00,36543.2680870836,36543.2680870836,36543.2680870836,36543.2680870836,
2023-11-14 00:00:00+00:00,35590.6835645821,35590.6835645821,35590.6835645821,35590.6835645821,
2023-11-15 00:00:00+00:00,37840.5534894798,37840.5534894798,37840.5534894798,37840.5534894798,
2023-11-16 00:00:00+00:00,36160.4044509059,36160.4044509059,36160.4044509059,36160.4044509059,
2023-11-17 00:00:00+00:00,36569.7120534775,36569.7120534775,36569.7120534775,36569.7120534775,
2023-11-18 00:00:00+00:00,36577.4249617183,36577.4249617183,36577.4249617183,36577.4249617183,
2023-11-19 00:00:00+00:00,37442.7285119813,37442.7285119813,37442.7285119813,37442.7285119813,
2023-11-20 00:00:00+00:00,37516.0503708358,37516.0503708358,37516.0503708358,37516.0503708358,
2023-11-21 00:00:00+00:00,36035.0330862069,36035.0330862069,36035.0330862069,36035.0330862069,
2023-11-22 00:00:00+00:00,37403.0347168323,37403.0347168323,37403.0347168323,37403.0347168323,
2023-11-23 00:00:00+00:00,37311.7192156634,37311.7192156634,37311.7192156634,37311.7192156634,
2023-11-24 00:00:00+00:00,37718.7841630625,37718.7841630625,37718.7841630625,37718.7841630625,
2023-11-25 00:00:00+00:00,37800.1260932203,37800.1260932203,37800.1260932203,37800.1260932203,
2023-11-26 00:00:00+00:00,37482.7055260082,37482.7055260082,37482.7055260082,37482.7055260082,
2023-11-27 00:00:00+00:00,37229.2452197545,37229.2452197545,37229.2452197545,37229.2452197545,
2023-11-28 00:00:00+00:00,37828.4655911748,37828.4655911748,37828.4655911748,37828.4655911748,
2023-11-29 00:00:00+00:00,37846.8531227352,37846.8531227352,37846.8531227352,37846.8531227352,
2023-11-30 00:00:00+00:00,37712.7114789597,37712.7114789597,37712.7114789597,37712.7114789597,
2023-12-01 00:00:00+00:00,38703.5536820573,38703.5536820573,38703.5536820573,38703.5536820573,
2023-12-02 00:00:00+00:00,39462.2799272355,39462.2799272355,39462.2799272355,39462.2799272355,
2023-12-03 00:00:00+00:00,39978.2226104617,39978.2226104617,39978.2226104617,39978.2226104617,
2023-12-04 00:00:00+00:00,41910.2994815897,41910.2994815897,41910.2994815897,41910.2994815897,
2023-12-05 00:00:00+00:00,44067.0054763296,44067.0054763296,44067.0054763296,44067.0054763296,
2023-12-06 00:00:00+00:00,43745.8343907072,43745.8343907072,43745.8343907072,43745.8343907072,
2023-12-07 00:00:00+00:00,43282.6182261835,43282.6182261835,43282.6182261835,43282.6182261835,
2023-12-08 00:00:00+00:00,44205.0522089421,44205.0522089421,44205.0522089421,44205.0522089421,
2023-12-09 00:00:00+00:00,43740.0063927528,43740.0063927528,43740.0063927528,43740.0063927528,
2023-12-10 00:00:00+00:00,43732.7120900059,43732.7120900059,43732.7120900059,43732.7120900059,
2023-12-11 00:00:00+00:00,41209.8947904734,41209.8947904734,41209.8947904734,41209.8947904734,
2023-12-12 00:00:00+00:00,41467.2735698422,41467.2735698422,41467.2735698422,41467.2735698422,
2023-12-13 00:00:00+00:00,42939.0607583285,42939.0607583285,42939.0607583285,42939.0607583285,
2023-12-14 00:00:00+00:00,43033.1371560491,43033.1371560491,43033.1371560491,43033.1371560491,
2023-12-15 00:00:00+00:00,41978.0970195792,41978.0970195792,41978.0970195792,41978.0970195792,
2023-12-16 00:00:00+00:00,42203.2140450029,42203.2140450029,42203.2140450029,42203.2140450029,
2023-12-17 00:00:00+00:00,41428.6657855056,41428.6657855056,41428.6657855056,41428.6657855056,
2023-12-18 00:00:00+00:00,42635.7331911163,42635.7331911163,42635.7331911163,42635.7331911163,
2023-12-19 00:00:00+00:00,42271.863025716,42271.863025716,42271.863025716,42271.863025716,
2023-12-20 00:00:00+00:00,43605.1555549386,43605.1555549386,43605.1555549386,43605.1555549386,
2023-12-21 00:00:00+00:00,43870.2382340736,43870.2382340736,43870.2382340736,43870.2382340736,
2023-12-22 00:00:00+00:00,44009.5016551724,44009.5016551724,44009.5016551724,44009.5016551724,
2023-12-23 00:00:00+00:00,43768.8067518995,43768.8067518995,43768.8067518995,43768.8067518995,
2023-12-24 00:00:00+00:00,43097.8093258329,43097.8093258329,43097.8093258329,43097.8093258329,
2023-12-25 00:00:00+00:00,43623.7504029807,43623.7504029807,43623.7504029807,43623.7504029807,
2023-12-26 00:00:00+00:00,42491.1229079486,42491.1229079486,42491.1229079486,42491.1229079486,
2023-12-27 00:00:00+00:00,43436.9594269433,43436.9594269433,43436.9594269433,43436.9594269433,
2023-12-28 00:00:00+00:00,42670.6797180012,42670.6797180012,42670.6797180012,42670.6797180012,
2023-12-29 00:00:00+00:00,41998.6033442431,41998.6033442431,41998.6033442431,41998.6033442431,
2023-12-30 00:00:00+00:00,42204.4917744009,42204.4917744009,42204.4917744009,42204.4917744009,
2023-12-31 00:00:00+00:00,42217.1587913501,42217.1587913501,42217.1587913501,42217.1587913501,
2024-01-01 00:00:00+00:00,44049.4735534775,44049.4735534775,44049.4735534775,44049.4735534775,
2024-01-02 00:00:00+00:00,44941.160493571,44941.160493571,44941.160493571,44941.160493571,
2024-01-03 00:00:00+00:00,42773.6515423729,42773.6515423729,42773.6515423729,42773.6515423729,
2024-01-04 00:00:00+00:00,44250.7452670953,44250.7452670953,44250.7452670953,44250.7452670953,
2024-01-05 00:00:00+00:00,44146.3222022209,44146.3222022209,44146.3222022209,44146.3222022209,
2024-01-06 00:00:00+00:00,43917.9798147282,43917.9798147282,43917.9798147282,43917.9798147282,
2024-01-07 00:00:00+00:00,43844.195949737,43844.195949737,43844.195949737,43844.195949737,
2024-01-08 00:00:00+00:00,46981.3242995324,46981.3242995324,46981.3242995324,46981.3242995324,
2024-01-09 00:00:00+00:00,46084.005795149,46084.005795149,46084.005795149,46084.005795149,
2024-01-10 00:00:00+00:00,46818.1592764465,46818.1592764465,46818.1592764465,46818.1592764465,
2024-01-11 00:00:00+00:00,46380.8708082992,46380.8708082992,46380.8708082992,46380.8708082992,
2024-01-12 00:00:00+00:00,42817.4305356517,42817.4305356517,42817.4305356517,42817.4305356517,
2024-01-13 00:00:00+00:00,42846.9544699006,42846.9544699006,42846.9544699006,42846.9544699006,
2024-01-14 00:00:00+00:00,41888.1513068381,41888.1513068381,41888.1513068381,41888.1513068381,
2024-01-15 00:00:00+00:00,42528.9192489772,42528.9192489772,42528.9192489772,42528.9192489772,
2024-01-16 00:00:00+00:00,43171.4472241379,43171.4472241379,43171.4472241379,43171.4472241379,
2024-01-17 00:00:00+00:00,42689.304327294,42689.304327294,42689.304327294,42689.304327294,
2024-01-18 00:00:00+00:00,41261.9076177674,41261.9076177674,41261.9076177674,41261.9076177674,
2024-01-19 00:00:00+00:00,41606.8535330216,41606.8535330216,41606.8535330216,41606.8535330216,
2024-01-20 00:00:00+00:00,41668.6904102864,41668.6904102864,41668.6904102864,41668.6904102864,
2024-01-21 00:00:00+00:00,41537.1123562244,41537.1123562244,41537.1123562244,41537.1123562244,
2024-01-22 00:00:00+00:00,39577.0998603156,39577.0998603156,39577.0998603156,39577.0998603156,
2024-01-23 00:00:00+00:00,39737.3143617767,39737.3143617767,39737.3143617767,39737.3143617767,
2024-01-24 00:00:00+00:00,40101.8568980129,40101.8568980129,40101.8568980129,40101.8568980129,
2024-01-25 00:00:00+00:00,39917.6611461134,39917.6611461134,39917.6611461134,39917.6611461134,
2024-01-26 00:00:00+00:00,41860.7310458796,41860.7310458796,41860.7310458796,41860.7310458796,
2024-01-27 00:00:00+00:00,42125.3014155465,42125.3014155465,42125.3014155465,42125.3014155465,
2024-01-28 00:00:00+00:00,41983.0202744009,41983.0202744009,41983.0202744009,41983.0202744009,
2024-01-29 00:00:00+00:00,43218.3470821157,43218.3470821157,43218.3470821157,43218.3470821157,
2024-01-30 00:00:00+00:00,42950.0541277031,42950.0541277031,42950.0541277031,42950.0541277031,
2024-01-31 00:00:00+00:00,42589.4708059614,42589.4708059614,42589.4708059614,42589.4708059614,
2024-02-01 00:00:00+00:00,43020.3596548802,43020.3596548802,43020.3596548802,43020.3596548802,
2024-02-02 00:00:00+00:00,43155.3852030976,43155.3852030976,43155.3852030976,43155.3852030976,
2024-02-03 00:00:00+00:00,42982.3789979544,42982.3789979544,42982.3789979544,42982.3789979544,
2024-02-04 00:00:00+00:00,42576.2913050847,42576.2913050847,42576.2913050847,42576.2913050847,
2024-02-05 00:00:00+00:00,42619.2742738165,42619.2742738165,42619.2742738165,42619.2742738165,
2024-02-06 00:00:00+00:00,43102.7062632963,43102.7062632963,43102.7062632963,43102.7062632963,
2024-02-07 00:00:00+00:00,44253.0314731151,44253.0314731151,44253.0314731151,44253.0314731151,
2024-02-08 00:00:00+00:00,45332.09157218,45332.09157218,45332.09157218,45332.09157218,
2024-02-09 00:00:00+00:00,47176.9665137347,47176.9665137347,47176.9665137347,47176.9665137347,
2024-02-10 00:00:00+00:00,47792.8972156634,47792.8972156634,47792.8972156634,47792.8972156634,
2024-02-11 00:00:00+00:00,48200.7986057861,48200.7986057861,48200.7986057861,48200.7986057861,
2024-02-12 00:00:00+00:00,49989.80371654,49989.80371654,49989.80371654,49989.80371654,
2024-02-13 00:00:00+00:00,49628.0941528346,49628.0941528346,49628.0941528346,49628.0941528346,
2024-02-14 00:00:00+00:00,51844.2929193454,51844.2929193454,51844.2929193454,51844.2929193454,
2024-02-15 00:00:00+00:00,51939.1472919345,51939.1472919345,51939.1472919345,51939.1472919345,
2024-02-16 00:00:00+00:00,52157.3123977206,52157.3123977206,52157.3123977206,52157.3123977206,
2024-02-17 00:00:00+00:00,51674.8158521333,51674.8158521333,51674.8158521333,51674.8158521333,
2024-02-18 00:00:00+00:00,52148.0645365283,52148.0645365283,52148.0645365283,52148.0645365283,
2024-02-19 00:00:00+00:00,51804.8051537113,51804.8051537113,51804.8051537113,51804.8051537113,
2024-02-20 00:00:00+00:00,52308.0531712449,52308.0531712449,52308.0531712449,52308.0531712449,
2024-02-21 00:00:00+00:00,51744.321808007,51744.321808007,51744.321808007,51744.321808007,
2024-02-22 00:00:00+00:00,51292.3252574518,51292.3252574518,51292.3252574518,51292.3252574518,
2024-02-23 00:00:00+00:00,50789.1431759205,50789.1431759205,50789.1431759205,50789.1431759205,
2024-02-24 00:00:00+00:00,51578.2349164231,51578.2349164231,51578.2349164231,51578.2349164231,
2024-02-25 00:00:00+00:00,51746.4789669784,51746.4789669784,51746.4789669784,51746.4789669784,
2024-02-26 00:00:00+00:00,54551.8259184687,54551.8259184687,54551.8259184687,54551.8259184687,
2024-02-27 00:00:00+00:00,57049.888220339,57049.888220339,57049.888220339,57049.888220339,
2024-02-28 00:00:00+00:00,62460.740619813,62460.740619813,62460.740619813,62460.740619813,
2024-02-29 00:00:00+00:00,61394.7818515488,61394.7818515488,61394.7818515488,61394.7818515488,
2024-03-01 00:00:00+00:00,62524.401817066,62524.401817066,62524.401817066,62524.401817066,
2024-03-02 00:00:00+00:00,62049.6145637054,62049.6145637054,62049.6145637054,62049.6145637054,
2024-03-03 00:00:00+00:00,62991.4422913501,62991.4422913501,62991.4422913501,62991.4422913501,
2024-03-04 00:00:00+00:00,68091.8388243717,68091.8388243717,68091.8388243717,68091.8388243717,
2024-03-05 00:00:00+00:00,63950.524329924,63950.524329924,63950.524329924,63950.524329924,
2024-03-06 00:00:00+00:00,66103.7215400351,66103.7215400351,66103.7215400351,66103.7215400351,
2024-03-07 00:00:00+00:00,67070.3791484512,67070.3791484512,67070.3791484512,67070.3791484512,
2024-03-08 00:00:00+00:00,68343.7149552893,68343.7149552893,68343.7149552893,68343.7149552893,
2024-03-09 00:00:00+00:00,68502.5053392753,68502.5053392753,68502.5053392753,68502.5053392753,
2024-03-10 00:00:00+00:00,68882.2513395675,68882.2513395675,68882.2513395675,68882.2513395675,
2024-03-11 00:00:00+00:00,72198.0875341905,72198.0875341905,72198.0875341905,72198.0875341905,
2024-03-12 00:00:00+00:00,71432.7283018702,71432.7283018702,71432.7283018702,71432.7283018702,
2024-03-13 00:00:00+00:00,73081.5759053185,73081.5759053185,73081.5759053185,73081.5759053185,
2024-03-14 00:00:00+00:00,71505.2729076563,71505.2729076563,71505.2729076563,71505.2729076563,
2024-03-15 00:00:00+00:00,69424.9141753361,69424.9141753361,69424.9141753361,69424.9141753361,
2024-03-16 00:00:00+00:00,65433.6819006429,65433.6819006429,65433.6819006429,65433.6819006429,
2024-03-17 00:00:00+00:00,68285.0891691993,68285.0891691993,68285.0891691993,68285.0891691993,
2024-03-18 00:00:00+00:00,67770.8865245471,67770.8865245471,67770.8865245471,67770.8865245471,
2024-03-19 00:00:00+00:00,61969.3075394506,61969.3075394506,61969.3075394506,61969.3075394506,
2024-03-20 00:00:00+00:00,67848.1076396844,67848.1076396844,67848.1076396844,67848.1076396844,
2024-03-21 00:00:00+00:00,65454.7357232612,65454.7357232612,65454.7357232612,65454.7357232612,
2024-03-22 00:00:00+00:00,63486.4849997078,63486.4849997078,63486.4849997078,63486.4849997078,
2024-03-23 00:00:00+00:00,64361.2429047341,64361.2429047341,64361.2429047341,64361.2429047341,
2024-03-24 00:00:00+00:00,67289.5658310929,67289.5658310929,67289.5658310929,67289.5658310929,
2024-03-25 00:00:00+00:00,70042.0204237288,70042.0204237288,70042.0204237288,70042.0204237288,
2024-03-26 00:00:00+00:00,70071.0472144945,70071.0472144945,70071.0472144945,70071.0472144945,
2024-03-27 00:00:00+00:00,69267.8879815897,69267.8879815897,69267.8879815897,69267.8879815897,
2024-03-28 00:00:00+00:00,70826.8968714202,70826.8968714202,70826.8968714202,70826.8968714202,
2024-03-29 00:00:00+00:00,69917.0430070134,69917.0430070134,69917.0430070134,69917.0430070134,
2024-03-30 00:00:00+00:00,69663.0119073641,69663.0119073641,69663.0119073641,69663.0119073641,
2024-03-31 00:00:00+00:00,71227.4517939801,71227.4517939801,71227.4517939801,71227.4517939801,
2024-04-01 00:00:00+00:00,69791.6277305669,69791.6277305669,69791.6277305669,69791.6277305669,
2024-04-02 00:00:00+00:00,65533.7548351841,65533.7548351841,65533.7548351841,65533.7548351841,
2024-04-03 00:00:00+00:00,66130.2162393337,66130.2162393337,66130.2162393337,66130.2162393337,
2024-04-04 00:00:00+00:00,68438.135024547,68438.135024547,68438.135024547,68438.135024547,
2024-04-05 00:00:00+00:00,67904.9094766219,67904.9094766219,67904.9094766219,67904.9094766219,
2024-04-06 00:00:00+00:00,69136.0710783168,69136.0710783168,69136.0710783168,69136.0710783168,
2024-04-07 00:00:00+00:00,69392.6830108124,69392.6830108124,69392.6830108124,69392.6830108124,
2024-04-08 00:00:00+00:00,71712.7972840444,71712.7972840444,71712.7972840444,71712.7972840444,
2024-04-09 00:00:00+00:00,69074.5418638223,69074.5418638223,69074.5418638223,69074.5418638223,
2024-04-10 00:00:00+00:00,70579.4456767972,70579.4456767972,70579.4456767972,70579.4456767972,
2024-04-11 00:00:00+00:00,70046.5536057861,70046.5536057861,70046.5536057861,70046.5536057861,
2024-04-12 00:00:00+00:00,67098.113691993,67098.113691993,67098.113691993,67098.113691993,
2024-04-13 00:00:00+00:00,64551.6482875512,64551.6482875512,64551.6482875512,64551.6482875512,
2024-04-14 00:00:00+00:00,65648.8099602572,65648.8099602572,65648.8099602572,65648.8099602572,
2024-04-15 00:00:00+00:00,63393.325166277,63393.325166277,63393.325166277,63393.325166277,
2024-04-16 00:00:00+00:00,63784.8203340152,63784.8203340152,63784.8203340152,63784.8203340152,
2024-04-17 00:00:00+00:00,61324.2184286967,61324.2184286967,61324.2184286967,61324.2184286967,
2024-04-18 00:00:00+00:00,63510.14500263,63510.14500263,63510.14500263,63510.14500263,
2024-04-19 00:00:00+00:00,63762.6310300994,63762.6310300994,63762.6310300994,63762.6310300994,
2024-04-20 00:00:00+00:00,64907.9928366452,64907.9928366452,64907.9928366452,64907.9928366452,
2024-04-21 00:00:00+00:00,64968.192619813,64968.192619813,64968.192619813,64968.192619813,
2024-04-22 00:00:00+00:00,66944.5960911748,66944.5960911748,66944.5960911748,66944.5960911748,
2024-04-23 00:00:00+00:00,66385.3002919345,66385.3002919345,66385.3002919345,66385.3002919345,
2024-04-24 00:00:00+00:00,64189.9679064874,64189.9679064874,64189.9679064874,64189.9679064874,
2024-04-25 00:00:00+00:00,64515.3874725307,64515.3874725307,64515.3874725307,64515.3874725307,
2024-04-26 00:00:00+00:00,63777.4715002922,63777.4715002922,63777.4715002922,63777.4715002922,
2024-04-27 00:00:00+00:00,63429.3099649328,63429.3099649328,63429.3099649328,63429.3099649328,
2024-04-28 00:00:00+00:00,62978.5770049678,62978.5770049678,62978.5770049678,62978.5770049678,
2024-04-29 00:00:00+00:00,63908.3888766803,63908.3888766803,63908.3888766803,63908.3888766803,
2024-04-30 00:00:00+00:00,60636.3261633548,60636.3261633548,60636.3261633548,60636.3261633548,
2024-05-01 00:00:00+00:00,58141.7772799532,58141.7772799532,58141.7772799532,58141.7772799532,
2024-05-02 00:00:00+00:00,59170.1088936295,59170.1088936295,59170.1088936295,59170.1088936295,
2024-05-03 00:00:00+00:00,62983.6554783752,62983.6554783752,62983.6554783752,62983.6554783752,
2024-05-04 00:00:00+00:00,63881.1305429573,63881.1305429573,63881.1305429573,63881.1305429573,
2024-05-05 00:00:00+00:00,64067.5959918177,64067.5959918177,64067.5959918177,64067.5959918177,
2024-05-06 00:00:00+00:00,63228.1031341321,63228.1031341321,63228.1031341321,63228.1031341321,
2024-05-07 00:00:00+00:00,62396.999720339,62396.999720339,62396.999720339,62396.999720339,
2024-05-08 00:00:00+00:00,61079.27442782,61079.27442782,61079.27442782,61079.27442782,
2024-05-09 00:00:00+00:00,62998.4903381064,62998.4903381064,62998.4903381064,62998.4903381064,
2024-05-10 00:00:00+00:00,60896.6418880772,60896.6418880772,60896.6418880772,60896.6418880772,
2024-05-11 00:00:00+00:00,60843.5729240211,60843.5729240211,60843.5729240211,60843.5729240211,
2024-05-12 00:00:00+00:00,61431.2746879018,61431.2746879018,61431.2746879018,61431.2746879018,
2024-05-13 00:00:00+00:00,62886.9394491526,62886.9394491526,62886.9394491526,62886.9394491526,
2024-05-14 00:00:00+00:00,61555.5670046756,61555.5670046756,61555.5670046756,61555.5670046756,
2024-05-15 00:00:00+00:00,66281.5322542373,66281.5322542373,66281.5322542373,66281.5322542373,
2024-05-16 00:00:00+00:00,65269.2603246639,65269.2603246639,65269.2603246639,65269.2603246639,
2024-05-17 00:00:00+00:00,66956.4409476914,66956.4409476914,66956.4409476914,66956.4409476914,
2024-05-18 00:00:00+00:00,66977.6006914085,66977.6006914085,66977.6006914085,66977.6006914085,
2024-05-19 00:00:00+00:00,66259.4704260666,66259.4704260666,66259.4704260666,66259.4704260666,
2024-05-20 00:00:00+00:00,71202.2025902981,71202.2025902981,71202.2025902981,71202.2025902981,
2024-05-21 00:00:00+00:00,70217.2546914085,70217.2546914085,70217.2546914085,70217.2546914085,
2024-05-22 00:00:00+00:00,69074.9141350088,69074.9141350088,69074.9141350088,69074.9141350088,
2024-05-23 00:00:00+00:00,67758.7306586791,67758.7306586791,67758.7306586791,67758.7306586791,
2024-05-24 00:00:00+00:00,68608.998279661,68608.998279661,68608.998279661,68608.998279661,
2024-05-25 00:00:00+00:00,69282.7925976037,69282.7925976037,69282.7925976037,69282.7925976037,
2024-05-26 00:00:00+00:00,68445.0069532437,68445.0069532437,68445.0069532437,68445.0069532437,
2024-05-27 00:00:00+00:00,69347.815260374,69347.815260374,69347.815260374,69347.815260374,
2024-05-28 00:00:00+00:00,68342.8204488603,68342.8204488603,68342.8204488603,68342.8204488603,
2024-05-29 00:00:00+00:00,67584.2632402104,67584.2632402104,67584.2632402104,67584.2632402104,
2024-05-30 00:00:00+00:00,68375.4760260082,68375.4760260082,68375.4760260082,68375.4760260082,
2024-05-31 00:00:00+00:00,67377.7626122151,67377.7626122151,67377.7626122151,67377.7626122151,
2024-06-01 00:00:00+00:00,67714.3526399766,67714.3526399766,67714.3526399766,67714.3526399766,
2024-06-02 00:00:00+00:00,67805.4855742256,67805.4855742256,67805.4855742256,67805.4855742256,
2024-06-03 00:00:00+00:00,68833.3028351841,68833.3028351841,68833.3028351841,68833.3028351841,
2024-06-04 00:00:00+00:00,70554.0894330801,70554.0894330801,70554.0894330801,70554.0894330801,
2024-06-05 00:00:00+00:00,71087.4433158971,71087.4433158971,71087.4433158971,71087.4433158971,
2024-06-06 00:00:00+00:00,70788.5013755114,70788.5013755114,70788.5013755114,70788.5013755114,
2024-06-07 00:00:00+00:00,69338.1573240795,69338.1573240795,69338.1573240795,69338.1573240795,
2024-06-08 00:00:00+00:00,69310.1092618352,69310.1092618352,69310.1092618352,69310.1092618352,
2024-06-09 00:00:00+00:00,69644.0190894214,69644.0190894214,69644.0190894214,69644.0190894214,
2024-06-10 00:00:00+00:00,69465.9362478083,69465.9362478083,69465.9362478083,69465.9362478083,
2024-06-11 00:00:00+00:00,67368.263506429,67368.263506429,67368.263506429,67368.263506429,
2024-06-12 00:00:00+00:00,68213.8346838106,68213.8346838106,68213.8346838106,68213.8346838106,
2024-06-13 00:00:00+00:00,66783.4902767388,66783.4902767388,66783.4902767388,66783.4902767388,
2024-06-14 00:00:00+00:00,65982.1865195792,65982.1865195792,65982.1865195792,65982.1865195792,
2024-06-15 00:00:00+00:00,66204.904308007,66204.904308007,66204.904308007,66204.904308007,
2024-06-16 00:00:00+00:00,66622.5999336645,66622.5999336645,66622.5999336645,66622.5999336645,
2024-06-17 00:00:00+00:00,66483.8785260082,66483.8785260082,66483.8785260082,66483.8785260082,
2024-06-18 00:00:00+00:00,65112.1230020456,65112.1230020456,65112.1230020456,65112.1230020456,
2024-06-19 00:00:00+00:00,64878.7141525424,64878.7141525424,64878.7141525424,64878.7141525424,
2024-06-20 00:00:00+00:00,64897.7011542957,64897.7011542957,64897.7011542957,64897.7011542957,
2024-06-21 00:00:00+00:00,64086.0489228521,64086.0489228521,64086.0489228521,64086.0489228521,
2024-06-22 00:00:00+00:00,64258.135506429,64258.135506429,64258.135506429,64258.135506429,
2024-06-23 00:00:00+00:00,63345.0218760959,63345.0218760959,63345.0218760959,63345.0218760959,
2024-06-24 00:00:00+00:00,60258.9554374635,60258.9554374635,60258.9554374635,60258.9554374635,
2024-06-25 00:00:00+00:00,61739.6658477498,61739.6658477498,61739.6658477498,61739.6658477498,
2024-06-26 00:00:00+00:00,60794.4760584454,60794.4760584454,60794.4760584454,60794.4760584454,
2024-06-27 00:00:00+00:00,61569.9234275278,61569.9234275278,61569.9234275278,61569.9234275278,
2024-06-28 00:00:00+00:00,60303.3147364115,60303.3147364115,60303.3147364115,60303.3147364115,
2024-06-29 00:00:00+00:00,60889.3298430742,60889.3298430742,60889.3298430742,60889.3298430742,
2024-06-30 00:00:00+00:00,62763.2796861485,62763.2796861485,62763.2796861485,62763.2796861485,
2024-07-01 00:00:00+00:00,62835.3997647575,62835.3997647575,62835.3997647575,62835.3997647575,
2024-07-02 00:00:00+00:00,62028.6170385739,62028.6170385739,62028.6170385739,62028.6170385739,
2024-07-03 00:00:00+00:00,60216.3920859147,60216.3920859147,60216.3920859147,60216.3920859147,
2024-07-04 00:00:00+00:00,57418.2420213326,57418.2420213326,57418.2420213326,57418.2420213326,
2024-07-05 00:00:00+00:00,56720.9881256575,56720.9881256575,56720.9881256575,56720.9881256575,
2024-07-06 00:00:00+00:00,58259.221773232,58259.221773232,58259.221773232,58259.221773232,
2024-07-07 00:00:00+00:00,56112.5725587376,56112.5725587376,56112.5725587376,56112.5725587376,
2024-07-08 00:00:00+00:00,56691.9149061952,56691.9149061952,56691.9149061952,56691.9149061952,
2024-07-09 00:00:00+00:00,57981.4320967271,57981.4320967271,57981.4320967271,57981.4320967271,
2024-07-10 00:00:00+00:00,57722.0113527177,57722.0113527177,57722.0113527177,57722.0113527177,
2024-07-11 00:00:00+00:00,57307.712738457,57307.712738457,57307.712738457,57307.712738457,
2024-07-12 00:00:00+00:00,57859.1202819988,57859.1202819988,57859.1202819988,57859.1202819988,
2024-07-13 00:00:00+00:00,59329.0372016365,59329.0372016365,59329.0372016365,59329.0372016365,
2024-07-14 00:00:00+00:00,61015.0339412624,61015.0339412624,61015.0339412624,61015.0339412624,
2024-07-15 00:00:00+00:00,64734.7611697837,64734.7611697837,64734.7611697837,64734.7611697837,
2024-07-16 00:00:00+00:00,65118.8266583869,65118.8266583869,65118.8266583869,65118.8266583869,
2024-07-17 00:00:00+00:00,64201.3707805377,64201.3707805377,64201.3707805377,64201.3707805377,
2024-07-18 00:00:00+00:00,63984.3022022209,63984.3022022209,63984.3022022209,63984.3022022209,
2024-07-19 00:00:00+00:00,66755.7833828171,66755.7833828171,66755.7833828171,66755.7833828171,
2024-07-20 00:00:00+00:00,67185.4978112215,67185.4978112215,67185.4978112215,67185.4978112215,
2024-07-21 00:00:00+00:00,68056.6201215663,68056.6201215663,68056.6201215663,68056.6201215663,
2024-07-22 00:00:00+00:00,67535.1976738749,67535.1976738749,67535.1976738749,67535.1976738749,
2024-07-23 00:00:00+00:00,65916.4081616014,65916.4081616014,65916.4081616014,65916.4081616014,
2024-07-24 00:00:00+00:00,65353.3857784921,65353.3857784921,65353.3857784921,65353.3857784921,
2024-07-25 00:00:00+00:00,65722.0611917007,65722.0611917007,65722.0611917007,65722.0611917007,
2024-07-26 00:00:00+00:00,67912.2433091759,67912.2433091759,67912.2433091759,67912.2433091759,
2024-07-27 00:00:00+00:00,68077.3730812391,68077.3730812391,68077.3730812391,68077.3730812391,
2024-07-28 00:00:00+00:00,68170.6691309176,68170.6691309176,68170.6691309176,68170.6691309176,
2024-07-29 00:00:00+00:00,66867.167277031,66867.167277031,66867.167277031,66867.167277031,
2024-07-30 00:00:00+00:00,66186.9146861484,66186.9146861484,66186.9146861484,66186.9146861484,
2024-07-31 00:00:00+00:00,64690.6340385739,64690.6340385739,64690.6340385739,64690.6340385739,
2024-08-01 00:00:00+00:00,65178.0554891876,65178.0554891876,65178.0554891876,65178.0554891876,
2024-08-02 00:00:00+00:00,61506.7698877849,61506.7698877849,61506.7698877849,61506.7698877849,
2024-08-03 00:00:00+00:00,60688.2444272355,60688.2444272355,60688.2444272355,60688.2444272355,
2024-08-04 00:00:00+00:00,58306.2644786675,58306.2644786675,58306.2644786675,58306.2644786675,
2024-08-05 00:00:00+00:00,54343.6276773816,54343.6276773816,54343.6276773816,54343.6276773816,
2024-08-06 00:00:00+00:00,56047.4712866744,56047.4712866744,56047.4712866744,56047.4712866744,
2024-08-07 00:00:00+00:00,55129.7410376973,55129.7410376973,55129.7410376973,55129.7410376973,
2024-08-08 00:00:00+00:00,61908.7896724138,61908.7896724138,61908.7896724138,61908.7896724138,
2024-08-09 00:00:00+00:00,60720.9407594974,60720.9407594974,60720.9407594974,60720.9407594974,
2024-08-10 00:00:00+00:00,60871.5550727645,60871.5550727645,60871.5550727645,60871.5550727645,
2024-08-11 00:00:00+00:00,58836.1043722969,58836.1043722969,58836.1043722969,58836.1043722969,
2024-08-12 00:00:00+00:00,59394.1629538282,59394.1629538282,59394.1629538282,59394.1629538282,
2024-08-13 00:00:00+00:00,60536.2457846289,60536.2457846289,60536.2457846289,60536.2457846289,
2024-08-14 00:00:00+00:00,58840.6466797195,58840.6466797195,58840.6466797195,58840.6466797195,
2024-08-15 00:00:00+00:00,57644.1876879018,57644.1876879018,57644.1876879018,57644.1876879018,
2024-08-16 00:00:00+00:00,58927.2765087668,58927.2765087668,58927.2765087668,58927.2765087668,
2024-08-17 00:00:00+00:00,59414.6743351841,59414.6743351841,59414.6743351841,59414.6743351841,
2024-08-18 00:00:00+00:00,58793.2061458212,58793.2061458212,58793.2061458212,58793.2061458212,
2024-08-19 00:00:00+00:00,59411.5190169492,59411.5190169492,59411.5190169492,59411.5190169492,
2024-08-20 00:00:00+00:00,59123.3002662186,59123.3002662186,59123.3002662186,59123.3002662186,
2024-08-21 00:00:00+00:00,61133.0256493279,61133.0256493279,61133.0256493279,61133.0256493279,
2024-08-22 00:00:00+00:00,60394.4737749854,60394.4737749854,60394.4737749854,60394.4737749854,
2024-08-23 00:00:00+00:00,64106.8029152543,64106.8029152543,64106.8029152543,64106.8029152543,
2024-08-24 00:00:00+00:00,64023.226703682,64023.226703682,64023.226703682,64023.226703682,
2024-08-25 00:00:00+00:00,64498.0183413209,64498.0183413209,64498.0183413209,64498.0183413209,
2024-08-26 00:00:00+00:00,62983.4427729398,62983.4427729398,62983.4427729398,62983.4427729398,
2024-08-27 00:00:00+00:00,59548.0076215663,59548.0076215663,59548.0076215663,59548.0076215663,
2024-08-28 00:00:00+00:00,59100.7747548217,59100.7747548217,59100.7747548217,59100.7747548217,
2024-08-29 00:00:00+00:00,59339.7909947399,59339.7909947399,59339.7909947399,59339.7909947399,
2024-08-30 00:00:00+00:00,59142.9399640561,59142.9399640561,59142.9399640561,59142.9399640561,
2024-08-31 00:00:00+00:00,58959.926273232,58959.926273232,58959.926273232,58959.926273232,
2024-09-01 00:00:00+00:00,57349.0807180012,57349.0807180012,57349.0807180012,57349.0807180012,
2024-09-02 00:00:00+00:00,59159.0238877849,59159.0238877849,59159.0238877849,59159.0238877849,
2024-09-03 00:00:00+00:00,57637.7754444769,57637.7754444769,57637.7754444769,57637.7754444769,
2024-09-04 00:00:00+00:00,58033.3989704851,58033.3989704851,58033.3989704851,58033.3989704851,
2024-09-05 00:00:00+00:00,56112.9529400935,56112.9529400935,56112.9529400935,56112.9529400935,
2024-09-06 00:00:00+00:00,53838.9534623028,53838.9534623028,53838.9534623028,53838.9534623028,
2024-09-07 00:00:00+00:00,54066.4399248977,54066.4399248977,54066.4399248977,54066.4399248977,
2024-09-08 00:00:00+00:00,54859.2584082408,54859.2584082408,54859.2584082408,54859.2584082408,
2024-09-09 00:00:00+00:00,57135.7814371712,57135.7814371712,57135.7814371712,57135.7814371712,
2024-09-10 00:00:00+00:00,57664.4998214494,57664.4998214494,57664.4998214494,57664.4998214494,
2024-09-11 00:00:00+00:00,57409.1950663355,57409.1950663355,57409.1950663355,57409.1950663355,
2024-09-12 00:00:00+00:00,58124.6418065459,58124.6418065459,58124.6418065459,58124.6418065459,
2024-09-13 00:00:00+00:00,60536.8814503215,60536.8814503215,60536.8814503215,60536.8814503215,
2024-09-14 00:00:00+00:00,60007.1702507306,60007.1702507306,60007.1702507306,60007.1702507306,
2024-09-15 00:00:00+00:00,59129.9197536528,59129.9197536528,59129.9197536528,59129.9197536528,
2024-09-16 00:00:00+00:00,58227.46421654,58227.46421654,58227.46421654,58227.46421654,
2024-09-17 00:00:00+00:00,60238.2177255991,60238.2177255991,60238.2177255991,60238.2177255991,
2024-09-18 00:00:00+00:00,61306.2337317358,61306.2337317358,61306.2337317358,61306.2337317358,
2024-09-19 00:00:00+00:00,62994.6096528346,62994.6096528346,62994.6096528346,62994.6096528346,
2024-09-20 00:00:00+00:00,63153.9518270018,63153.9518270018,63153.9518270018,63153.9518270018,
2024-09-21 00:00:00+00:00,63367.7296078317,63367.7296078317,63367.7296078317,63367.7296078317,
2024-09-22 00:00:00+00:00,63571.9521729983,63571.9521729983,63571.9521729983,63571.9521729983,
2024-09-23 00:00:00+00:00,63336.0126347165,63336.0126347165,63336.0126347165,63336.0126347165,
2024-09-24 00:00:00+00:00,64342.7891113384,64342.7891113384,64342.7891113384,64342.7891113384,
2024-09-25 00:00:00+00:00,63059.6269167154,63059.6269167154,63059.6269167154,63059.6269167154,
2024-09-26 00:00:00+00:00,65057.7861461134,65057.7861461134,65057.7861461134,65057.7861461134,
2024-09-27 00:00:00+00:00,65767.7132542373,65767.7132542373,65767.7132542373,65767.7132542373,
2024-09-28 00:00:00+00:00,65770.5276478667,65770.5276478667,65770.5276478667,65770.5276478667,
2024-09-29 00:00:00+00:00,65617.7610689655,65617.7610689655,65617.7610689655,65617.7610689655,
2024-09-30 00:00:00+00:00,63260.0425482174,63260.0425482174,63260.0425482174,63260.0425482174,
2024-10-01 00:00:00+00:00,60858.2487086499,60858.2487086499,60858.2487086499,60858.2487086499,
2024-10-02 00:00:00+00:00,60686.0993135593,60686.0993135593,60686.0993135593,60686.0993135593,
2024-10-03 00:00:00+00:00,60765.2367498539,60765.2367498539,60765.2367498539,60765.2367498539,
2024-10-04 00:00:00+00:00,62052.5100496785,62052.5100496785,62052.5100496785,62052.5100496785,
2024-10-05 00:00:00+00:00,62030.4538977206,62030.4538977206,62030.4538977206,62030.4538977206,
2024-10-06 00:00:00+00:00,62789.8814555815,62789.8814555815,62789.8814555815,62789.8814555815,
2024-10-07 00:00:00+00:00,62416.508829924,62416.508829924,62416.508829924,62416.508829924,
2024-10-08 00:00:00+00:00,62126.3273769725,62126.3273769725,62126.3273769725,62126.3273769725,
2024-10-09 00:00:00+00:00,60615.2581917008,60615.2581917008,60615.2581917008,60615.2581917008,
2024-10-10 00:00:00+00:00,60221.1172869667,60221.1172869667,60221.1172869667,60221.1172869667,
2024-10-11 00:00:00+00:00,62462.539962595,62462.539962595,62462.539962595,62462.539962595,
2024-10-12 00:00:00+00:00,63202.8806992987,63202.8806992987,63202.8806992987,63202.8806992987,
2024-10-13 00:00:00+00:00,62759.431113384,62759.431113384,62759.431113384,62759.431113384,
2024-10-14 00:00:00+00:00,66089.7587410871,66089.7587410871,66089.7587410871,66089.7587410871,
2024-10-15 00:00:00+00:00,66933.974833723,66933.974833723,66933.974833723,66933.974833723,
2024-10-16 00:00:00+00:00,67662.9534038574,67662.9534038574,67662.9534038574,67662.9534038574,
2024-10-17 00:00:00+00:00,67337.9075482174,67337.9075482174,67337.9075482174,67337.9075482174,
2024-10-18 00:00:00+00:00,68390.5375625365,68390.5375625365,68390.5375625365,68390.5375625365,
2024-10-19 00:00:00+00:00,68357.8982963179,68357.8982963179,68357.8982963179,68357.8982963179,
2024-10-20 00:00:00+00:00,69012.3532089421,69012.3532089421,69012.3532089421,69012.3532089421,
2024-10-21 00:00:00+00:00,67440.4625058445,67440.4625058445,67440.4625058445,67440.4625058445,
2024-10-22 00:00:00+00:00,67425.7553211572,67425.7553211572,67425.7553211572,67425.7553211572,
2024-10-23 00:00:00+00:00,66647.2866642315,66647.2866642315,66647.2866642315,66647.2866642315,
2024-10-24 00:00:00+00:00,68130.9948369374,68130.9948369374,68130.9948369374,68130.9948369374,
2024-10-25 00:00:00+00:00,66261.5376861485,66261.5376861485,66261.5376861485,66261.5376861485,
2024-10-26 00:00:00+00:00,67023.3399611338,67023.3399611338,67023.3399611338,67023.3399611338,
2024-10-27 00:00:00+00:00,68000.1475008767,68000.1475008767,68000.1475008767,68000.1475008767,
2024-10-28 00:00:00+00:00,69862.5205470485,69862.5205470485,69862.5205470485,69862.5205470485,
2024-10-29 00:00:00+00:00,72678.7866201052,72678.7866201052,72678.7866201052,72678.7866201052,
2024-10-30 00:00:00+00:00,72450.2843819404,72450.2843819404,72450.2843819404,72450.2843819404,
2024-10-31 00:00:00+00:00,70367.0819576271,70367.0819576271,70367.0819576271,70367.0819576271,
2024-11-01 00:00:00+00:00,69483.5830303916,69483.5830303916,69483.5830303916,69483.5830303916,
2024-11-02 00:00:00+00:00,69241.6794865576,69241.6794865576,69241.6794865576,69241.6794865576,
2024-11-03 00:00:00+00:00,68742.7546227352,68742.7546227352,68742.7546227352,68742.7546227352,
2024-11-04 00:00:00+00:00,67779.0969795441,67779.0969795441,67779.0969795441,67779.0969795441,
2024-11-05 00:00:00+00:00,69538.0241729982,69538.0241729982,69538.0241729982,69538.0241729982,
2024-11-06 00:00:00+00:00,75696.0366192285,75696.0366192285,75696.0366192285,75696.0366192285,
2024-11-07 00:00:00+00:00,75972.2955546464,75972.2955546464,75972.2955546464,75972.2955546464,
2024-11-08 00:00:00+00:00,76507.4474012273,76507.4474012273,76507.4474012273,76507.4474012273,
2024-11-09 00:00:00+00:00,76799.2527469316,76799.2527469316,76799.2527469316,76799.2527469316,
2024-11-10 00:00:00+00:00,80409.2865666277,80409.2865666277,80409.2865666277,80409.2865666277,
2024-11-11 00:00:00+00:00,88859.998448568,88859.998448568,88859.998448568,88859.998448568,
2024-11-12 00:00:00+00:00,88048.7488877849,88048.7488877849,88048.7488877849,88048.7488877849,
2024-11-13 00:00:00+00:00,90369.3819693162,90369.3819693162,90369.3819693162,90369.3819693162,
2024-11-14 00:00:00+00:00,87204.2569827586,87204.2569827586,87204.2569827586,87204.2569827586,
2024-11-15 00:00:00+00:00,91139.0844427236,91139.0844427236,91139.0844427236,91139.0844427236,
2024-11-16 00:00:00+00:00,90567.6957568673,90567.6957568673,90567.6957568673,90567.6957568673,
2024-11-17 00:00:00+00:00,89732.9704292811,89732.9704292811,89732.9704292811,89732.9704292811,
2024-11-18 00:00:00+00:00,90587.6965534775,90587.6965534775,90587.6965534775,90587.6965534775,
2024-11-19 00:00:00+00:00,92254.1385800701,92254.1385800701,92254.1385800701,92254.1385800701,
2024-11-20 00:00:00+00:00,94160.0406858562,94160.0406858562,94160.0406858562,94160.0406858562,
2024-11-21 00:00:00+00:00,98545.5688798948,98545.5688798948,98545.5688798948,98545.5688798948,
2024-11-22 00:00:00+00:00,98938.3495450029,98938.3495450029,98938.3495450029,98938.3495450029,
2024-11-23 00:00:00+00:00,97707.0484590883,97707.0484590883,97707.0484590883,97707.0484590883,
2024-11-24 00:00:00+00:00,97980.2082819988,97980.2082819988,97980.2082819988,97980.2082819988,
2024-11-25 00:00:00+00:00,93343.0290745178,93343.0290745178,93343.0290745178,93343.0290745178,
2024-11-26 00:00:00+00:00,91875.5699593805,91875.5699593805,91875.5699593805,91875.5699593805,
2024-11-27 00:00:00+00:00,95989.0802273524,95989.0802273524,95989.0802273524,95989.0802273524,
2024-11-28 00:00:00+00:00,95737.9402822911,95737.9402822911,95737.9402822911,95737.9402822911,
2024-11-29 00:00:00+00:00,97398.9417399182,97398.9417399182,97398.9417399182,97398.9417399182,
2024-11-30 00:00:00+00:00,96463.6248980129,96463.6248980129,96463.6248980129,96463.6248980129,
2024-12-01 00:00:00+00:00,97469.6044529515,97469.6044529515,97469.6044529515,97469.6044529515,
2024-12-02 00:00:00+00:00,95726.4417258913,95726.4417258913,95726.4417258913,95726.4417258913,
2024-12-03 00:00:00+00:00,96010.8774228521,96010.8774228521,96010.8774228521,96010.8774228521,
2024-12-04 00:00:00+00:00,98920.2528255406,98920.2528255406,98920.2528255406,98920.2528255406,
2024-12-05 00:00:00+00:00,96949.6644117475,96949.6644117475,96949.6644117475,96949.6644117475,
2024-12-06 00:00:00+00:00,99953.1056580947,99953.1056580947,99953.1056580947,99953.1056580947,
2024-12-07 00:00:00+00:00,99977.7002282291,99977.7002282291,99977.7002282291,99977.7002282291,
2024-12-08 00:00:00+00:00,100798.98356429,100798.98356429,100798.98356429,100798.98356429,
2024-12-09 00:00:00+00:00,97390.1988597311,97390.1988597311,97390.1988597311,97390.1988597311,
2024-12-10 00:00:00+00:00,96835.5017387493,96835.5017387493,96835.5017387493,96835.5017387493,
2024-12-11 00:00:00+00:00,101310.201899766,101310.201899766,101310.201899766,101310.201899766,
2024-12-12 00:00:00+00:00,100090.890479544,100090.890479544,100090.890479544,100090.890479544,
2024-12-13 00:00:00+00:00,101289.823976914,101289.823976914,101289.823976914,101289.823976914,
2024-12-14 00:00:00+00:00,101366.87166803,101366.87166803,101366.87166803,101366.87166803,
2024-12-15 00:00:00+00:00,104551.367141146,104551.367141146,104551.367141146,104551.367141146,
2024-12-16 00:00:00+00:00,105855.672229982,105855.672229982,105855.672229982,105855.672229982,
2024-12-17 00:00:00+00:00,106115.910582992,106115.910582992,106115.910582992,106115.910582992,
2024-12-18 00:00:00+00:00,100469.770656926,100469.770656926,100469.770656926,100469.770656926,
2024-12-19 00:00:00+00:00,97697.045779661,97697.045779661,97697.045779661,97697.045779661,
2024-12-20 00:00:00+00:00,97617.4422051432,97617.4422051432,97617.4422051432,97617.4422051432,
2024-12-21 00:00:00+00:00,97093.0190832846,97093.0190832846,97093.0190832846,97093.0190832846,
2024-12-22 00:00:00+00:00,95149.1058252484,95149.1058252484,95149.1058252484,95149.1058252484,
2024-12-23 00:00:00+00:00,94800.7562060199,94800.7562060199,94800.7562060199,94800.7562060199,
2024-12-24 00:00:00+00:00,98637.7330543542,98637.7330543542,98637.7330543542,98637.7330543542,
2024-12-25 00:00:00+00:00,99235.3678869082,99235.3678869082,99235.3678869082,99235.3678869082,
2024-12-26 00:00:00+00:00,95628.3030902981,95628.3030902981,95628.3030902981,95628.3030902981,
2024-12-27 00:00:00+00:00,94219.9821461134,94219.9821461134,94219.9821461134,94219.9821461134,
2024-12-28 00:00:00+00:00,95123.5811098773,95123.5811098773,95123.5811098773,95123.5811098773,
2024-12-29 00:00:00+00:00,93457.5783202806,93457.5783202806,93457.5783202806,93457.5783202806,
2024-12-30 00:00:00+00:00,92523.163085038,92523.163085038,92523.163085038,92523.163085038,
2024-12-31 00:00:00+00:00,93389.7326016949,93389.7326016949,93389.7326016949,93389.7326016949,
2025-01-01 00:00:00+00:00,94455.7965718878,94455.7965718878,94455.7965718878,94455.7965718878,
2025-01-02 00:00:00+00:00,96851.393682934,96851.393682934,96851.393682934,96851.393682934,
2025-01-03 00:00:00+00:00,98120.6846759205,98120.6846759205,98120.6846759205,98120.6846759205,
2025-01-04 00:00:00+00:00,98230.0478571011,98230.0478571011,98230.0478571011,98230.0478571011,
2025-01-05 00:00:00+00:00,98414.8120964348,98414.8120964348,98414.8120964348,98414.8120964348,
2025-01-06 00:00:00+00:00,102179.560366745,102179.560366745,102179.560366745,102179.560366745,
2025-01-07 00:00:00+00:00,96974.9957857978,96974.9957857978,96974.9957857978,96974.9957857978,
2025-01-08 00:00:00+00:00,95039.2809210988,95039.2809210988,95039.2809210988,95039.2809210988,
2025-01-09 00:00:00+00:00,92346.1691589714,92346.1691589714,92346.1691589714,92346.1691589714,
2025-01-10 00:00:00+00:00,94759.1196358854,94759.1196358854,94759.1196358854,94759.1196358854,
2025-01-11 00:00:00+00:00,94606.5080099357,94606.5080099357,94606.5080099357,94606.5080099357,
2025-01-12 00:00:00+00:00,94353.7752586207,94353.7752586207,94353.7752586207,94353.7752586207,
2025-01-13 00:00:00+00:00,94375.7299102864,94375.7299102864,94375.7299102864,94375.7299102864,
2025-01-14 00:00:00+00:00,96569.475726768,96569.475726768,96569.475726768,96569.475726768,
2025-01-15 00:00:00+00:00,100172.405985096,100172.405985096,100172.405985096,100172.405985096,
2025-01-16 00:00:00+00:00,99977.7298234951,99977.7298234951,99977.7298234951,99977.7298234951,
2025-01-17 00:00:00+00:00,104296.588034191,104296.588034191,104296.588034191,104296.588034191,
2025-01-18 00:00:00+00:00,104398.156261251,104398.156261251,104398.156261251,104398.156261251,
2025-01-19 00:00:00+00:00,100954.572281999,100954.572281999,100954.572281999,100954.572281999,
2025-01-20 00:00:00+00:00,102588.998699006,102588.998699006,102588.998699006,102588.998699006,
2025-01-21 00:00:00+00:00,105987.888705435,105987.888705435,105987.888705435,105987.888705435,
2025-01-22 00:00:00+00:00,103791.128861485,103791.128861485,103791.128861485,103791.128861485,
2025-01-23 00:00:00+00:00,104184.616743717,104184.616743717,104184.616743717,104184.616743717,
2025-01-24 00:00:00+00:00,104716.12488194,104716.12488194,104716.12488194,104716.12488194,
2025-01-25 00:00:00+00:00,104866.085348919,104866.085348919,104866.085348919,104866.085348919,
2025-01-26 00:00:00+00:00,102833.369273232,102833.369273232,102833.369273232,102833.369273232,
2025-01-27 00:00:00+00:00,101907.44629661,101907.44629661,101907.44629661,101907.44629661,
2025-01-28 00:00:00+00:00,101138.144066043,101138.144066043,101138.144066043,101138.144066043,
2025-01-29 00:00:00+00:00,103918.795458796,103918.795458796,103918.795458796,103918.795458796,
2025-01-30 00:00:00+00:00,104987.446410871,104987.446410871,104987.446410871,104987.446410871,
2025-01-31 00:00:00+00:00,102263.043670953,102263.043670953,102263.043670953,102263.043670953,
2025-02-01 00:00:00+00:00,100610.290439801,100610.290439801,100610.290439801,100610.290439801,
2025-02-02 00:00:00+00:00,97424.7809000584,97424.7809000584,97424.7809000584,97424.7809000584,
2025-02-03 00:00:00+00:00,101582.408702221,101582.408702221,101582.408702221,101582.408702221,
2025-02-04 00:00:00+00:00,97848.1497592051,97848.1497592051,97848.1497592051,97848.1497592051,
2025-02-05 00:00:00+00:00,96559.3327562829,96559.3327562829,96559.3327562829,96559.3327562829,
2025-02-06 00:00:00+00:00,96541.3006811806,96541.3006811806,96541.3006811806,96541.3006811806,
2025-02-07 00:00:00+00:00,96384.1109836353,96384.1109836353,96384.1109836353,96384.1109836353,
2025-02-08 00:00:00+00:00,96603.318157218,96603.318157218,96603.318157218,96603.318157218,
2025-02-09 00:00:00+00:00,96309.7532405026,96309.7532405026,96309.7532405026,96309.7532405026,
2025-02-10 00:00:00+00:00,97375.2253535944,97375.2253535944,97375.2253535944,97375.2253535944,
2025-02-11 00:00:00+00:00,95806.2580385739,95806.2580385739,95806.2580385739,95806.2580385739,
2025-02-12 00:00:00+00:00,97756.4976548802,97756.4976548802,97756.4976548802,97756.4976548802,
2025-02-13 00:00:00+00:00,96534.7406332554,96534.7406332554,96534.7406332554,96534.7406332554,
2025-02-14 00:00:00+00:00,97414.3589821742,97414.3589821742,97414.3589821742,97414.3589821742,
2025-02-15 00:00:00+00:00,97583.2431767972,97583.2431767972,97583.2431767972,97583.2431767972,
2025-02-16 00:00:00+00:00,96182.2661706604,96182.2661706604,96182.2661706604,96182.2661706604,
2025-02-17 00:00:00+00:00,95790.5109985389,95790.5109985389,95790.5109985389,95790.5109985389,
2025-02-18 00:00:00+00:00,95444.031886616,95444.031886616,95444.031886616,95444.031886616,
2025-02-19 00:00:00+00:00,96647.9132977791,96647.9132977791,96647.9132977791,96647.9132977791,
2025-02-20 00:00:00+00:00,98392.2197247224,98392.2197247224,98392.2197247224,98392.2197247224,
2025-02-21 00:00:00+00:00,96048.9937247224,96048.9937247224,96048.9937247224,96048.9937247224,
2025-02-22 00:00:00+00:00,96605.7091057861,96605.7091057861,96605.7091057861,96605.7091057861,
2025-02-23 00:00:00+00:00,96091.6329774985,96091.6329774985,96091.6329774985,96091.6329774985,
2025-02-24 00:00:00+00:00,91869.6543430742,91869.6543430742,91869.6543430742,91869.6543430742,
2025-02-25 00:00:00+00:00,88769.7356265342,88769.7356265342,88769.7356265342,88769.7356265342,
2025-02-26 00:00:00+00:00,83987.89564173,83987.89564173,83987.89564173,83987.89564173,
2025-02-27 00:00:00+00:00,84625.4191364699,84625.4191364699,84625.4191364699,84625.4191364699,
2025-02-28 00:00:00+00:00,84243.7779114553,84243.7779114553,84243.7779114553,84243.7779114553,
2025-03-01 00:00:00+00:00,85844.3685628288,85844.3685628288,85844.3685628288,85844.3685628288,
2025-03-02 00:00:00+00:00,94328.0094444769,94328.0094444769,94328.0094444769,94328.0094444769,
2025-03-03 00:00:00+00:00,86315.9305511397,86315.9305511397,86315.9305511397,86315.9305511397,
2025-03-04 00:00:00+00:00,87323.690650789,87323.690650789,87323.690650789,87323.690650789,
2025-03-05 00:00:00+00:00,90619.4090976038,90619.4090976038,90619.4090976038,90619.4090976038,
2025-03-06 00:00:00+00:00,90222.0693275862,90222.0693275862,90222.0693275862,90222.0693275862,
2025-03-07 00:00:00+00:00,86553.5921937464,86553.5921937464,86553.5921937464,86553.5921937464,
2025-03-08 00:00:00+00:00,86171.2789362946,86171.2789362946,86171.2789362946,86171.2789362946,
2025-03-09 00:00:00+00:00,80647.7964108709,80647.7964108709,80647.7964108709,80647.7964108709,
2025-03-10 00:00:00+00:00,79005.9601291642,79005.9601291642,79005.9601291642,79005.9601291642,
2025-03-11 00:00:00+00:00,82747.1601917008,82747.1601917008,82747.1601917008,82747.1601917008,
2025-03-12 00:00:00+00:00,83630.1581101695,83630.1581101695,83630.1581101695,83630.1581101695,
2025-03-13 00:00:00+00:00,81110.2890490941,81110.2890490941,81110.2890490941,81110.2890490941,
2025-03-14 00:00:00+00:00,84105.8335517241,84105.8335517241,84105.8335517241,84105.8335517241,
2025-03-15 00:00:00+00:00,84352.8773018703,84352.8773018703,84352.8773018703,84352.8773018703,
2025-03-16 00:00:00+00:00,82492.1028287551,82492.1028287551,82492.1028287551,82492.1028287551,
2025-03-17 00:00:00+00:00,84013.947518118,84013.947518118,84013.947518118,84013.947518118,
2025-03-18 00:00:00+00:00,82680.8065514319,82680.8065514319,82680.8065514319,82680.8065514319,
2025-03-19 00:00:00+00:00,86774.23507218,86774.23507218,86774.23507218,86774.23507218,
2025-03-20 00:00:00+00:00,84124.9712878434,84124.9712878434,84124.9712878434,84124.9712878434,
2025-03-21 00:00:00+00:00,84069.4081800117,84069.4081800117,84069.4081800117,84069.4081800117,
2025-03-22 00:00:00+00:00,83821.220305377,83821.220305377,83821.220305377,83821.220305377,
2025-03-23 00:00:00+00:00,85760.8814506137,85760.8814506137,85760.8814506137,85760.8814506137,
2025-03-24 00:00:00+00:00,87322.5718568089,87322.5718568089,87322.5718568089,87322.5718568089,
2025-03-25 00:00:00+00:00,87422.8426084161,87422.8426084161,87422.8426084161,87422.8426084161,
2025-03-26 00:00:00+00:00,86836.6760955582,86836.6760955582,86836.6760955582,86836.6760955582,
2025-03-27 00:00:00+00:00,87211.3240169492,87211.3240169492,87211.3240169492,87211.3240169492,
2025-03-28 00:00:00+00:00,84309.0783550555,84309.0783550555,84309.0783550555,84309.0783550555,
2025-03-29 00:00:00+00:00,82497.1792472238,82497.1792472238,82497.1792472238,82497.1792472238,
2025-03-30 00:00:00+00:00,82216.4666765049,82216.4666765049,82216.4666765049,82216.4666765049,
2025-03-31 00:00:00+00:00,82461.4496279953,82461.4496279953,82461.4496279953,82461.4496279953,
2025-04-01 00:00:00+00:00,85226.7137936879,85226.7137936879,85226.7137936879,85226.7137936879,
2025-04-02 00:00:00+00:00,82555.631296318,82555.631296318,82555.631296318,82555.631296318,
2025-04-03 00:00:00+00:00,82931.697399474,82931.697399474,82931.697399474,82931.697399474,
2025-04-04 00:00:00+00:00,83774.1797375804,83774.1797375804,83774.1797375804,83774.1797375804,
2025-04-05 00:00:00+00:00,83302.1715756867,83302.1715756867,83302.1715756867,83302.1715756867,
2025-04-06 00:00:00+00:00,77949.0884926943,77949.0884926943,77949.0884926943,77949.0884926943,
2025-04-07 00:00:00+00:00,79421.8044105786,79421.8044105786,79421.8044105786,79421.8044105786,
2025-04-08 00:00:00+00:00,76351.4295303916,76351.4295303916,76351.4295303916,76351.4295303916,
2025-04-09 00:00:00+00:00,82720.6034891876,82720.6034891876,82720.6034891876,82720.6034891876,
2025-04-10 00:00:00+00:00,79558.9558252484,79558.9558252484,79558.9558252484,79558.9558252484,
2025-04-11 00:00:00+00:00,83359.8995157802,83359.8995157802,83359.8995157802,83359.8995157802,
2025-04-12 00:00:00+00:00,85269.2495119813,85269.2495119813,85269.2495119813,85269.2495119813,
2025-04-13 00:00:00+00:00,83568.9544360023,83568.9544360023,83568.9544360023,83568.9544360023,
2025-04-14 00:00:00+00:00,84589.0324135009,84589.0324135009,84589.0324135009,84589.0324135009,
2025-04-15 00:00:00+00:00,83671.3439713618,83671.3439713618,83671.3439713618,83671.3439713618,
2025-04-16 00:00:00+00:00,84151.5357562829,84151.5357562829,84151.5357562829,84151.5357562829,
2025-04-17 00:00:00+00:00,84940.5838538866,84940.5838538866,84940.5838538866,84940.5838538866,
2025-04-18 00:00:00+00:00,84434.7727463472,84434.7727463472,84434.7727463472,84434.7727463472,
2025-04-19 00:00:00+00:00,85124.721496201,85124.721496201,85124.721496201,85124.721496201,
2025-04-20 00:00:00+00:00,85101.7461545879,85101.7461545879,85101.7461545879,85101.7461545879,
2025-04-21 00:00:00+00:00,87360.7198933372,87360.7198933372,87360.7198933372,87360.7198933372,
2025-04-22 00:00:00+00:00,93495.6106890707,93495.6106890707,93495.6106890707,93495.6106890707,
2025-04-23 00:00:00+00:00,93695.7404772063,93695.7404772063,93695.7404772063,93695.7404772063,
2025-04-24 00:00:00+00:00,93849.8817790766,93849.8817790766,93849.8817790766,93849.8817790766,
2025-04-25 00:00:00+00:00,94771.4128007014,94771.4128007014,94771.4128007014,94771.4128007014,
2025-04-26 00:00:00+00:00,94694.5111014027,94694.5111014027,94694.5111014027,94694.5111014027,
2025-04-27 00:00:00+00:00,93812.876534775,93812.876534775,93812.876534775,93812.876534775,
2025-04-28 00:00:00+00:00,95066.0211867329,95066.0211867329,95066.0211867329,95066.0211867329,
2025-04-29 00:00:00+00:00,94102.8403024547,94102.8403024547,94102.8403024547,94102.8403024547,
2025-04-30 00:00:00+00:00,94236.7325143191,94236.7325143191,94236.7325143191,94236.7325143191,
2025-05-01 00:00:00+00:00,96411.7422635885,96411.7422635885,96411.7422635885,96411.7422635885,
2025-05-02 00:00:00+00:00,96842.1021057861,96842.1021057861,96842.1021057861,96842.1021057861,
2025-05-03 00:00:00+00:00,95943.61135301,95943.61135301,95943.61135301,95943.61135301,
2025-05-04 00:00:00+00:00,94377.7899196376,94377.7899196376,94377.7899196376,94377.7899196376,
2025-05-05 00:00:00+00:00,94853.7298594389,94853.7298594389,94853.7298594389,94853.7298594389,
2025-05-06 00:00:00+00:00,96677.9245029223,96677.9245029223,96677.9245029223,96677.9245029223,
2025-05-07 00:00:00+00:00,97137.3757086499,97137.3757086499,97137.3757086499,97137.3757086499,
2025-05-08 00:00:00+00:00,103069.539295733,103069.539295733,103069.539295733,103069.539295733,
2025-05-09 00:00:00+00:00,102940.802949445,102940.802949445,102940.802949445,102940.802949445,
2025-05-10 00:00:00+00:00,104582.821806254,104582.821806254,104582.821806254,104582.821806254,
2025-05-11 00:00:00+00:00,103976.137798948,103976.137798948,103976.137798948,103976.137798948,
2025-05-12 00:00:00+00:00,102920.074689071,102920.074689071,102920.074689071,102920.074689071,
2025-05-13 00:00:00+00:00,104145.711825248,104145.711825248,104145.711825248,104145.711825248,
2025-05-14 00:00:00+00:00,103572.719642022,103572.719642022,103572.719642022,103572.719642022,
2025-05-15 00:00:00+00:00,103716.283947399,103716.283947399,103716.283947399,103716.283947399,
2025-05-16 00:00:00+00:00,103566.269191116,103566.269191116,103566.269191116,103566.269191116,
2025-05-17 00:00:00+00:00,103190.041364991,103190.041364991,103190.041364991,103190.041364991,
2025-05-18 00:00:00+00:00,106015.689848919,106015.689848919,106015.689848919,106015.689848919,
2025-05-19 00:00:00+00:00,105615.828960257,105615.828960257,105615.828960257,105615.828960257,
2025-05-20 00:00:00+00:00,106893.330247516,106893.330247516,106893.330247516,106893.330247516,
2025-05-21 00:00:00+00:00,109704.855619521,109704.855619521,109704.855619521,109704.855619521,
2025-05-22 00:00:00+00:00,111477.014787843,111477.014787843,111477.014787843,111477.014787843,
2025-05-23 00:00:00+00:00,107291.888969901,107291.888969901,107291.888969901,107291.888969901,
2025-05-24 00:00:00+00:00,107917.328289304,107917.328289304,107917.328289304,107917.328289304,
2025-05-25 00:00:00+00:00,108914.876558445,108914.876558445,108914.876558445,108914.876558445,
2025-05-26 00:00:00+00:00,109371.985172122,109371.985172122,109371.985172122,109371.985172122,
2025-05-27 00:00:00+00:00,109066.345636762,109066.345636762,109066.345636762,109066.345636762,
2025-05-28 00:00:00+00:00,107895.402399474,107895.402399474,107895.402399474,107895.402399474,
2025-05-29 00:00:00+00:00,105732.957892168,105732.957892168,105732.957892168,105732.957892168,
2025-05-30 00:00:00+00:00,103981.302957919,103981.302957919,103981.302957919,103981.302957919,
2025-05-31 00:00:00+00:00,104708.964150205,104708.964150205,104708.964150205,104708.964150205,
2025-06-01 00:00:00+00:00,105750.15972443,105750.15972443,105750.15972443,105750.15972443,
2025-06-02 00:00:00+00:00,105899.696926651,105899.696926651,105899.696926651,105899.696926651,
2025-06-03 00:00:00+00:00,105483.98555114,105483.98555114,105483.98555114,105483.98555114,
2025-06-04 00:00:00+00:00,104782.844900351,104782.844900351,104782.844900351,104782.844900351,
2025-06-05 00:00:00+00:00,101669.190496785,101669.190496785,101669.190496785,101669.190496785,
2025-06-06 00:00:00+00:00,104421.051549094,104421.051549094,104421.051549094,104421.051549094,
2025-06-07 00:00:00+00:00,105685.250402104,105685.250402104,105685.250402104,105685.250402104,
2025-06-08 00:00:00+00:00,105727.739632379,105727.739632379,105727.739632379,105727.739632379,
2025-06-09 00:00:00+00:00,110198.15871391,110198.15871391,110198.15871391,110198.15871391,
2025-06-10 00:00:00+00:00,110074.119081824,110074.119081824,110074.119081824,110074.119081824,
2025-06-11 00:00:00+00:00,108645.785558153,108645.785558153,108645.785558153,108645.785558153,
2025-06-12 00:00:00+00:00,105998.985830801,105998.985830801,105998.985830801,105998.985830801,
2025-06-13 00:00:00+00:00,106024.822087376,106024.822087376,106024.822087376,106024.822087376,
2025-06-14 00:00:00+00:00,105467.108742256,105467.108742256,105467.108742256,105467.108742256,
2025-06-15 00:00:00+00:00,105512.797437756,105512.797437756,105512.797437756,105512.797437756,
2025-06-16 00:00:00+00:00,107243.933345997,107243.933345997,107243.933345997,107243.933345997,
2025-06-17 00:00:00+00:00,104628.396527469,104628.396527469,104628.396527469,104628.396527469,
2025-06-18 00:00:00+00:00,104813.367028638,104813.367028638,104813.367028638,104813.367028638,
2025-06-19 00:00:00+00:00,104709.720767095,104709.720767095,104709.720767095,104709.720767095,
2025-06-20 00:00:00+00:00,103274.958839567,103274.958839567,103274.958839567,103274.958839567,
2025-06-21 00:00:00+00:00,101548.196381648,101548.196381648,101548.196381648,101548.196381648,
2025-06-22 00:00:00+00:00,100899.234151958,100899.234151958,100899.234151958,100899.234151958,
2025-06-23 00:00:00+00:00,105496.947495324,105496.947495324,105496.947495324,105496.947495324,
2025-06-24 00:00:00+00:00,105964.065136762,105964.065136762,105964.065136762,105964.065136762,
2025-06-25 00:00:00+00:00,107305.065199591,107305.065199591,107305.065199591,107305.065199591,
2025-06-26 00:00:00+00:00,107012.822824079,107012.822824079,107012.822824079,107012.822824079,
2025-06-27 00:00:00+00:00,107090.95905114,107090.95905114,107090.95905114,107090.95905114,
2025-06-28 00:00:00+00:00,107357.617171245,107357.617171245,107357.617171245,107357.617171245,
2025-06-29 00:00:00+00:00,108360.901696376,108360.901696376,108360.901696376,108360.901696376,
2025-06-30 00:00:00+00:00,107153.101135885,107153.101135885,107153.101135885,107153.101135885,
2025-07-01 00:00:00+00:00,105566.356597896,105566.356597896,105566.356597896,105566.356597896,
2025-07-02 00:00:00+00:00,108927.13451841,108927.13451841,108927.13451841,108927.13451841,
2025-07-03 00:00:00+00:00,109632.159126826,109632.159126826,109632.159126826,109632.159126826,
2025-07-04 00:00:00+00:00,108081.395758621,108081.395758621,108081.395758621,108081.395758621,
2025-07-05 00:00:00+00:00,108244.788813852,108244.788813852,108244.788813852,108244.788813852,
2025-07-06 00:00:00+00:00,109180.005545587,109180.005545587,109180.005545587,109180.005545587,
2025-07-07 00:00:00+00:00,108249.401004091,108249.401004091,108249.401004091,108249.401004091,
2025-07-08 00:00:00+00:00,108956.631703098,108956.631703098,108956.631703098,108956.631703098,
2025-07-09 00:00:00+00:00,111416.806720047,111416.806720047,111416.806720047,111416.806720047,
2025-07-10 00:00:00+00:00,115873.903783752,115873.903783752,115873.903783752,115873.903783752,
2025-07-11 00:00:00+00:00,117618.605087084,117618.605087084,117618.605087084,117618.605087084,
2025-07-12 00:00:00+00:00,117382.372540912,117382.372540912,117382.372540912,117382.372540912,
2025-07-13 00:00:00+00:00,118899.737107832,118899.737107832,118899.737107832,118899.737107832,
2025-07-14 00:00:00+00:00,119871.096197838,119871.096197838,119871.096197838,119871.096197838,
2025-07-15 00:00:00+00:00,117710.89100789,117710.89100789,117710.89100789,117710.89100789,
2025-07-16 00:00:00+00:00,118730.187791642,118730.187791642,118730.187791642,118730.187791642,
2025-07-17 00:00:00+00:00,119501.663770894,119501.663770894,119501.663770894,119501.663770894,
2025-07-18 00:00:00+00:00,117958.511213033,117958.511213033,117958.511213033,117958.511213033,
2025-07-19 00:00:00+00:00,117908.52473232,117908.52473232,117908.52473232,117908.52473232,
2025-07-20 00:00:00+00:00,117305.680953828,117305.680953828,117305.680953828,117305.680953828,
2025-07-21 00:00:00+00:00,117432.435634717,117432.435634717,117432.435634717,117432.435634717,
2025-07-22 00:00:00+00:00,120068.00578872,120068.00578872,120068.00578872,120068.00578872,
2025-07-23 00:00:00+00:00,118650.587165693,118650.587165693,118650.587165693,118650.587165693,
2025-07-24 00:00:00+00:00,118377.081936879,118377.081936879,118377.081936879,118377.081936879,
2025-07-25 00:00:00+00:00,117520.17335038,117520.17335038,117520.17335038,117520.17335038,
2025-07-26 00:00:00+00:00,117983.204598773,117983.204598773,117983.204598773,117983.204598773,
2025-07-27 00:00:00+00:00,119438.164235535,119438.164235535,119438.164235535,119438.164235535,
2025-07-28 00:00:00+00:00,118022.637320281,118022.637320281,118022.637320281,118022.637320281,
2025-07-29 00:00:00+00:00,117871.370895383,117871.370895383,117871.370895383,117871.370895383,
2025-07-30 00:00:00+00:00,117732.643660725,117732.643660725,117732.643660725,117732.643660725,
2025-07-31 00:00:00+00:00,115848.339985096,115848.339985096,115848.339985096,115848.339985096,
2025-08-01 00:00:00+00:00,113282.144336061,113282.144336061,113282.144336061,113282.144336061,
2025-08-02 00:00:00+00:00,112545.673659264,112545.673659264,112545.673659264,112545.673659264,
2025-08-03 00:00:00+00:00,114263.693947691,114263.693947691,114263.693947691,114263.693947691,
2025-08-04 00:00:00+00:00,115199.933659264,115199.933659264,115199.933659264,115199.933659264,
2025-08-05 00:00:00+00:00,114111.36101841,114111.36101841,114111.36101841,114111.36101841,
2025-08-06 00:00:00+00:00,115034.678748977,115034.678748977,115034.678748977,115034.678748977,
2025-08-07 00:00:00+00:00,117444.913924313,117444.913924313,117444.913924313,117444.913924313,
2025-08-08 00:00:00+00:00,116740.687720923,116740.687720923,116740.687720923,116740.687720923,
2025-08-09 00:00:00+00:00,116511.655739375,116511.655739375,116511.655739375,116511.655739375,
2025-08-10 00:00:00+00:00,119189.198160275,119189.198160275,119189.198160275,119189.198160275,
2025-08-11 00:00:00+00:00,118742.043048644,118742.043048644,118742.043048644,118742.043048644,
2025-08-12 00:00:00+00:00,120154.32493507,120154.32493507,120154.32493507,120154.32493507,
2025-08-13 00:00:00+00:00,123442.67982225,123442.67982225,123442.67982225,123442.67982225,
2025-08-14 00:00:00+00:00,118510.27128083,118510.27128083,118510.27128083,118510.27128083,
2025-08-15 00:00:00+00:00,117311.209947715,117311.209947715,117311.209947715,117311.209947715,
2025-08-16 00:00:00+00:00,117462.42684623,117462.42684623,117462.42684623,117462.42684623,
2025-08-17 00:00:00+00:00,117601.952231888,117601.952231888,117601.952231888,117601.952231888,
2025-08-18 00:00:00+00:00,116312.914397989,116312.914397989,116312.914397989,116312.914397989,
2025-08-19 00:00:00+00:00,112886.10147543,112886.10147543,112886.10147543,112886.10147543,
2025-08-20 00:00:00+00:00,114277.320860316,114277.320860316,114277.320860316,114277.320860316,
2025-08-21 00:00:00+00:00,112347.102298302,112347.102298302,112347.102298302,112347.102298302,
2025-08-22 00:00:00+00:00,116800.977035073,116800.977035073,116800.977035073,116800.977035073,
2025-08-23 00:00:00+00:00,115280.444723834,115280.444723834,115280.444723834,115280.444723834,
2025-08-24 00:00:00+00:00,113516.122474401,113516.122474401,113516.122474401,113516.122474401,
2025-08-25 00:00:00+00:00,110089.533314144,110089.533314144,110089.533314144,110089.533314144,
2025-08-26 00:00:00+00:00,111895.295495307,111895.295495307,111895.295495307,111895.295495307,
2025-08-27 00:00:00+00:00,111252.307236061,111252.307236061,111252.307236061,111252.307236061,
2025-08-28 00:00:00+00:00,112481.152904109,112481.152904109,112481.152904109,112481.152904109,
2025-08-29 00:00:00+00:00,108473.330441642,108473.330441642,108473.330441642,108473.330441642,
2025-08-30 00:00:00+00:00,108746.150824851,108746.150824851,108746.150824851,108746.150824851,
2025-08-31 00:00:00+00:00,108316.44689481,108316.44689481,108316.44689481,108316.44689481,
2025-09-01 00:00:00+00:00,108992.324614863,108992.324614863,108992.324614863,108992.324614863,
2025-09-02 00:00:00+00:00,111140.947159836,111140.947159836,111140.947159836,111140.947159836,
2025-09-03 00:00:00+00:00,111780.743587376,111780.743587376,111780.743587376,111780.743587376,
2025-09-04 00:00:00+00:00,110900.633412981,110900.633412981,110900.633412981,110900.633412981,
2025-09-05 00:00:00+00:00,110711.229484804,110711.229484804,110711.229484804,110711.229484804,
2025-09-06 00:00:00+00:00,110243.650741672,110243.650741672,110243.650741672,110243.650741672,
2025-09-07 00:00:00+00:00,111307.784421087,111307.784421087,111307.784421087,111307.784421087,
2025-09-08 00:00:00+00:00,112112.311575102,112112.311575102,112112.311575102,112112.311575102,
2025-09-09 00:00:00+00:00,111486.396779836,111486.396779836,111486.396779836,111486.396779836,
2025-09-10 00:00:00+00:00,113930.748423437,113930.748423437,113930.748423437,113930.748423437,
2025-09-11 00:00:00+00:00,115445.812932648,115445.812932648,115445.812932648,115445.812932648,
2025-09-12 00:00:00+00:00,116149.174031958,116149.174031958,116149.174031958,116149.174031958,
2025-09-13 00:00:00+00:00,115965.627551268,115965.627551268,115965.627551268,115965.627551268,
2025-09-14 00:00:00+00:00,115395.933423437,115395.933423437,115395.933423437,115395.933423437,
2025-09-15 00:00:00+00:00,115420.931814144,115420.931814144,115420.931814144,115420.931814144,
2025-09-16 00:00:00+00:00,116798.867050906,116798.867050906,116798.867050906,116798.867050906,
2025-09-17 00:00:00+00:00,116575.777628866,116575.777628866,116575.777628866,116575.777628866,
2025-09-18 00:00:00+00:00,117014.426762174,117014.426762174,117014.426762174,117014.426762174,
2025-09-19 00:00:00+00:00,115612.372541695,115612.372541695,115612.372541695,115612.372541695,
2025-09-20 00:00:00+00:00,115753.165960549,115753.165960549,115753.165960549,115753.165960549,
2025-09-21 00:00:00+00:00,115320.858829047,115320.858829047,115320.858829047,115320.858829047,
2025-09-22 00:00:00+00:00,112727.70773813,112727.70773813,112727.70773813,112727.70773813,
2025-09-23 00:00:00+00:00,112052.393282022,112052.393282022,112052.393282022,112052.393282022,
2025-09-24 00:00:00+00:00,113324.623592192,113324.623592192,113324.623592192,113324.623592192,
2025-09-25 00:00:00+00:00,109166.347974874,109166.347974874,109166.347974874,109166.347974874,
2025-09-26 00:00:00+00:00,109669.102166861,109669.102166861,109669.102166861,109669.102166861,
2025-09-27 00:00:00+00:00,109644.73069287,109644.73069287,109644.73069287,109644.73069287,
2025-09-28 00:00:00+00:00,112170.00778609,112170.00778609,112170.00778609,112170.00778609,
2025-09-29 00:00:00+00:00,114341.141435418,114341.141435418,114341.141435418,114341.141435418,
2025-09-30 00:00:00+00:00,113971.742796902,113971.742796902,113971.742796902,113971.742796902,
2025-10-01 00:00:00+00:00,118393.270386324,118393.270386324,118393.270386324,118393.270386324,
2025-10-02 00:00:00+00:00,120558.594007013,120558.594007013,120558.594007013,120558.594007013,
2025-10-03 00:00:00+00:00,122348.127640269,122348.127640269,122348.127640269,122348.127640269,
2025-10-04 00:00:00+00:00,122379.744317651,122379.744317651,122379.744317651,122379.744317651,
2025-10-05 00:00:00+00:00,123523.768313852,123523.768313852,123523.768313852,123523.768313852,
2025-10-06 00:00:00+00:00,124824.453666861,124824.453666861,124824.453666861,124824.453666861,
2025-10-07 00:00:00+00:00,121587.699236704,121587.699236704,121587.699236704,121587.699236704,
2025-10-08 00:00:00+00:00,123390.353094682,123390.353094682,123390.353094682,123390.353094682,
2025-10-09 00:00:00+00:00,121603.33278609,121603.33278609,121603.33278609,121603.33278609,
2025-10-10 00:00:00+00:00,113754.852328171,113754.852328171,113754.852328171,113754.852328171,
2025-10-11 00:00:00+00:00,110940.113648159,110940.113648159,110940.113648159,110940.113648159,
2025-10-12 00:00:00+00:00,115152.917045003,115152.917045003,115152.917045003,115152.917045003,
2025-10-13 00:00:00+00:00,115332.252929573,115332.252929573,115332.252929573,115332.252929573,
2025-10-14 00:00:00+00:00,113327.079410286,113327.079410286,113327.079410286,113327.079410286,
2025-10-15 00:00:00+00:00,110862.872485389,110862.872485389,110862.872485389,110862.872485389,
2025-10-16 00:00:00+00:00,108135.049605786,108135.049605786,108135.049605786,108135.049605786,
2025-10-17 00:00:00+00:00,106625.668651373,106625.668651373,106625.668651373,106625.668651373,
2025-10-18 00:00:00+00:00,107143.913935126,107143.913935126,107143.913935126,107143.913935126,
2025-10-19 00:00:00+00:00,108706.663763881,108706.663763881,108706.663763881,108706.663763881,
2025-10-20 00:00:00+00:00,110640.249515488,110640.249515488,110640.249515488,110640.249515488,
2025-10-21 00:00:00+00:00,108700.382071888,108700.382071888,108700.382071888,108700.382071888,
2025-10-22 00:00:00+00:00,107667.630188486,107667.630188486,107667.630188486,107667.630188486,
2025-10-23 00:00:00+00:00,110060.936797195,110060.936797195,110060.936797195,110060.936797195,
2025-10-24 00:00:00+00:00,111024.94314699,111024.94314699,111024.94314699,111024.94314699,
2025-10-25 00:00:00+00:00,111614.535857686,111614.535857686,111614.535857686,111614.535857686,
2025-10-26 00:00:00+00:00,114557.100460549,114557.100460549,114557.100460549,114557.100460549,
2025-10-27 00:00:00+00:00,114087.773805085,114087.773805085,114087.773805085,114087.773805085,
2025-10-28 00:00:00+00:00,112980.685846289,112980.685846289,112980.685846289,112980.685846289,
2025-10-29 00:00:00+00:00,110206.347983051,110206.347983051,110206.347983051,110206.347983051,
2025-10-30 00:00:00+00:00,108019.723841905,108019.723841905,108019.723841905,108019.723841905,
2025-10-31 00:00:00+00:00,109554.239627703,109554.239627703,109554.239627703,109554.239627703,
2025-11-01 00:00:00+00:00,110005.295855348,110005.295855348,110005.295855348,110005.295855348,
2025-11-02 00:00:00+00:00,110389.168627119,110389.168627119,110389.168627119,110389.168627119,
2025-11-03 00:00:00+00:00,106495.802789889,106495.802789889,106495.802789889,106495.802789889,
2025-11-04 00:00:00+00:00,101349.73723232,101349.73723232,101349.73723232,101349.73723232,
2025-11-05 00:00:00+00:00,103915.88479135,103915.88479135,103915.88479135,103915.88479135,
2025-11-06 00:00:00+00:00,101241.573677966,101241.573677966,101241.573677966,101241.573677966,
2025-11-07 00:00:00+00:00,103428.471746932,103428.471746932,103428.471746932,103428.471746932,
2025-11-08 00:00:00+00:00,102335.021439217,102335.021439217,102335.021439217,102335.021439217,
2025-11-09 00:00:00+00:00,104685.54544097,104685.54544097,104685.54544097,104685.54544097,
2025-11-10 00:00:00+00:00,106082.478156926,106082.478156926,106082.478156926,106082.478156926,
2025-11-11 00:00:00+00:00,102974.405611631,102974.405611631,102974.405611631,102974.405611631,
2025-11-12 00:00:00+00:00,101682.126652835,101682.126652835,101682.126652835,101682.126652835,
2025-11-13 00:00:00+00:00,100035.310145237,100035.310145237,100035.310145237,100035.310145237,
2025-11-14 00:00:00+00:00,94502.5476025716,94502.5476025716,94502.5476025716,94502.5476025716,
2025-11-15 00:00:00+00:00,95541.3158389831,95541.3158389831,95541.3158389831,95541.3158389831,
2025-11-16 00:00:00+00:00,94182.3130996493,94182.3130996493,94182.3130996493,94182.3130996493,
2025-11-17 00:00:00+00:00,91911.4713471654,91911.4713471654,91911.4713471654,91911.4713471654,
2025-11-18 00:00:00+00:00,92836.4419111631,92836.4419111631,92836.4419111631,92836.4419111631,
2025-11-19 00:00:00+00:00,91320.4811332554,91320.4811332554,91320.4811332554,91320.4811332554,
2025-11-20 00:00:00+00:00,86911.2980590298,86911.2980590298,86911.2980590298,86911.2980590298,
2025-11-21 00:00:00+00:00,84948.0463205727,84948.0463205727,84948.0463205727,84948.0463205727,
2025-11-22 00:00:00+00:00,84775.0015452952,84775.0015452952,84775.0015452952,84775.0015452952,
2025-11-23 00:00:00+00:00,86872.4546630625,86872.4546630625,86872.4546630625,86872.4546630625,
2025-11-24 00:00:00+00:00,88377.6024421391,88377.6024421391,88377.6024421391,88377.6024421391,
2025-11-25 00:00:00+00:00,87434.550610754,87434.550610754,87434.550610754,87434.550610754,
2025-11-26 00:00:00+00:00,90449.2770675044,90449.2770675044,90449.2770675044,90449.2770675044,
2025-11-27 00:00:00+00:00,91336.2000452952,91336.2000452952,91336.2000452952,91336.2000452952,
2025-11-28 00:00:00+00:00,90990.1266104617,90990.1266104617,90990.1266104617,90990.1266104617,
2025-11-29 00:00:00+00:00,90842.0738243717,90842.0738243717,90842.0738243717,90842.0738243717,
2025-11-30 00:00:00+00:00,90607.7021513735,90607.7021513735,90607.7021513735,90607.7021513735,
2025-12-01 00:00:00+00:00,86504.6368156049,86504.6368156049,86504.6368156049,86504.6368156049,
2025-12-02 00:00:00+00:00,91528.0245809468,91528.0245809468,91528.0245809468,91528.0245809468,
2025-12-03 00:00:00+00:00,93609.0938658679,93609.0938658679,93609.0938658679,93609.0938658679,
2025-12-04 00:00:00+00:00,92205.5929544126,92205.5929544126,92205.5929544126,92205.5929544126,
2025-12-05 00:00:00+00:00,89279.8344634717,89279.8344634717,89279.8344634717,89279.8344634717,
2025-12-06 00:00:00+00:00,89169.5570610754,89169.5570610754,89169.5570610754,89169.5570610754,
2025-12-07 00:00:00+00:00,90067.847399474,90067.847399474,90067.847399474,90067.847399474,
2025-12-08 00:00:00+00:00,90673.1444436003,90673.1444436003,90673.1444436003,90673.1444436003,
2025-12-09 00:00:00+00:00,92808.8518477498,92808.8518477498,92808.8518477498,92808.8518477498,
2025-12-10 00:00:00+00:00,92102.9300917592,92102.9300917592,92102.9300917592,92102.9300917592,
2025-12-11 00:00:00+00:00,92623.7198708358,92623.7198708358,92623.7198708358,92623.7198708358,
2025-12-12 00:00:00+00:00,90331.6083091759,90331.6083091759,90331.6083091759,90331.6083091759,
2025-12-13 00:00:00+00:00,90245.267264173,90245.267264173,90245.267264173,90245.267264173,
2025-12-14 00:00:00+00:00,88096.3826142607,88096.3826142607,88096.3826142607,88096.3826142607,
2025-12-15 00:00:00+00:00,86352.5802565751,86352.5802565751,86352.5802565751,86352.5802565751,
2025-12-16 00:00:00+00:00,87752.4290336061,87752.4290336061,87752.4290336061,87752.4290336061,
2025-12-17 00:00:00+00:00,86059.5522241379,86059.5522241379,86059.5522241379,86059.5522241379,
2025-12-18 00:00:00+00:00,85434.1928673291,85434.1928673291,85434.1928673291,85434.1928673291,
2025-12-19 00:00:00+00:00,88168.0738325541,88168.0738325541,88168.0738325541,88168.0738325541,
2025-12-20 00:00:00+00:00,88292.4536373466,88292.4536373466,88292.4536373466,88292.4536373466,
2025-12-21 00:00:00+00:00,88533.4309830508,88533.4309830508,88533.4309830508,88533.4309830508,
2025-12-22 00:00:00+00:00,88474.4622331969,88474.4622331969,88474.4622331969,88474.4622331969,
2025-12-23 00:00:00+00:00,87365.9937872589,87365.9937872589,87365.9937872589,87365.9937872589,
2025-12-24 00:00:00+00:00,87625.6707895967,87625.6707895967,87625.6707895967,87625.6707895967,
2025-12-25 00:00:00+00:00,87231.3047685564,87231.3047685564,87231.3047685564,87231.3047685564,
2025-12-26 00:00:00+00:00,87334.8077808299,87334.8077808299,87334.8077808299,87334.8077808299,
2025-12-27 00:00:00+00:00,87695.4159076564,87695.4159076564,87695.4159076564,87695.4159076564,
2025-12-28 00:00:00+00:00,87747.6491548802,87747.6491548802,87747.6491548802,87747.6491548802,
2025-12-29 00:00:00+00:00,87133.5103991818,87133.5103991818,87133.5103991818,87133.5103991818,
2025-12-30 00:00:00+00:00,88428.4922735243,88428.4922735243,88428.4922735243,88428.4922735243,
2025-12-31 00:00:00+00:00,87516.9780376972,87516.9780376972,87516.9780376972,87516.9780376972,
2026-01-01 00:00:00+00:00,88684.2178474576,88684.2178474576,88684.2178474576,88684.2178474576,
2026-01-02 00:00:00+00:00,89940.1801671537,89940.1801671537,89940.1801671537,89940.1801671537,
2026-01-03 00:00:00+00:00,90598.1301832262,90598.1301832262,90598.1301832262,90598.1301832262,
2026-01-04 00:00:00+00:00,91359.7636823495,91359.7636823495,91359.7636823495,91359.7636823495,
2026-01-05 00:00:00+00:00,93948.5821794272,93948.5821794272,93948.5821794272,93948.5821794272,
2026-01-06 00:00:00+00:00,93574.2871122151,93574.2871122151,93574.2871122151,93574.2871122151,
2026-01-07 00:00:00+00:00,91208.9562606663,91208.9562606663,91208.9562606663,91208.9562606663,
2026-01-08 00:00:00+00:00,91096.9161554647,91096.9161554647,91096.9161554647,91096.9161554647,
2026-01-09 00:00:00+00:00,90539.6032288136,90539.6032288136,90539.6032288136,90539.6032288136,
2026-01-10 00:00:00+00:00,90406.1424114553,90406.1424114553,90406.1424114553,90406.1424114553,
2026-01-11 00:00:00+00:00,90717.2063153127,90717.2063153127,90717.2063153127,90717.2063153127,
2026-01-12 00:00:00+00:00,91141.1498489188,91141.1498489188,91141.1498489188,91141.1498489188,
2026-01-13 00:00:00+00:00,95304.4982942724,95304.4982942724,95304.4982942724,95304.4982942724,
2026-01-14 00:00:00+00:00,97043.9927258913,97043.9927258913,97043.9927258913,97043.9927258913,
2026-01-15 00:00:00+00:00,95546.1397381648,95546.1397381648,95546.1397381648,95546.1397381648,
2026-01-16 00:00:00+00:00,95489.1299602572,95489.1299602572,95489.1299602572,95489.1299602572,
2026-01-17 00:00:00+00:00,95106.980462595,95106.980462595,95106.980462595,95106.980462595,
2026-01-18 00:00:00+00:00,94261.3294313267,94261.3294313267,94261.3294313267,94261.3294313267,
2026-01-19 00:00:00+00:00,92526.2419643483,92526.2419643483,92526.2419643483,92526.2419643483,
2026-01-20 00:00:00+00:00,88236.5631922852,88236.5631922852,88236.5631922852,88236.5631922852,
2026-01-21 00:00:00+00:00,89599.361874927,89599.361874927,89599.361874927,89599.361874927,
2026-01-22 00:00:00+00:00,89395.700735827,89395.700735827,89395.700735827,89395.700735827,
2026-01-23 00:00:00+00:00,89439.7718909994,89439.7718909994,89439.7718909994,89439.7718909994,
2026-01-24 00:00:00+00:00,89185.0386990064,89185.0386990064,89185.0386990064,89185.0386990064,
2026-01-25 00:00:00+00:00,86445.6705926359,86445.6705926359,86445.6705926359,86445.6705926359,
2026-01-26 00:00:00+00:00,88337.4545511397,88337.4545511397,88337.4545511397,88337.4545511397,
2026-01-27 00:00:00+00:00,89260.3805397429,89260.3805397429,89260.3805397429,89260.3805397429,
2026-01-28 00:00:00+00:00,89177.7892507306,89177.7892507306,89177.7892507306,89177.7892507306,
2026-01-29 00:00:00+00:00,84520.3973106371,84520.3973106371,84520.3973106371,84520.3973106371,
2026-01-30 00:00:00+00:00,84017.0340292227,84017.0340292227,84017.0340292227,84017.0340292227,
2026-01-31 00:00:00+00:00,78702.38550263,78702.38550263,78702.38550263,78702.38550263,
2026-02-01 00:00:00+00:00,76911.0523772648,76911.0523772648,76911.0523772648,76911.0523772648,
2026-02-02 00:00:00+00:00,78716.6018088837,78716.6018088837,78716.6018088837,78716.6018088837,
2026-02-03 00:00:00+00:00,75684.7660277616,75684.7660277616,75684.7660277616,75684.7660277616,
2026-02-04 00:00:00+00:00,73095.1914646406,73095.1914646406,73095.1914646406,73095.1914646406,
2026-02-05 00:00:00+00:00,63494.6884456458,63494.6884456458,63494.6884456458,63494.6884456458,
2026-02-06 00:00:00+00:00,70647.6982188778,70647.6982188778,70647.6982188778,70647.6982188778,
2026-02-07 00:00:00+00:00,69166.2594424313,69166.2594424313,69166.2594424313,69166.2594424313,
2026-02-08 00:00:00+00:00,70522.5892393337,70522.5892393337,70522.5892393337,70522.5892393337,
2026-02-09 00:00:00+00:00,70244.1017773232,70244.1017773232,70244.1017773232,70244.1017773232,
2026-02-10 00:00:00+00:00,68688.793113384,68688.793113384,68688.793113384,68688.793113384,
2026-02-11 00:00:00+00:00,66989.7165920514,66989.7165920514,66989.7165920514,66989.7165920514,
2026-02-12 00:00:00+00:00,66221.5443115137,66221.5443115137,66221.5443115137,66221.5443115137,
2026-02-13 00:00:00+00:00,68860.8411633548,68860.8411633548,68860.8411633548,68860.8411633548,
2026-02-14 00:00:00+00:00,69798.0791253653,69798.0791253653,69798.0791253653,69798.0791253653,
2026-02-15 00:00:00+00:00,68629.9599760374,68629.9599760374,68629.9599760374,68629.9599760374,
2026-02-16 00:00:00+00:00,68747.4380286383,68747.4380286383,68747.4380286383,68747.4380286383,
2026-02-17 00:00:00+00:00,67471.0508465809,67471.0508465809,67471.0508465809,67471.0508465809,
2026-02-18 00:00:00+00:00,66380.7069611339,66380.7069611339,66380.7069611339,66380.7069611339,
2026-02-19 00:00:00+00:00,66932.3522118644,66932.3522118644,66932.3522118644,66932.3522118644,
2026-02-20 00:00:00+00:00,67977.3092612507,67977.3092612507,67977.3092612507,67977.3092612507,
2026-02-21 00:00:00+00:00,68020.6677612507,68020.6677612507,68020.6677612507,68020.6677612507,
2026-02-22 00:00:00+00:00,67550.0240768556,67550.0240768556,67550.0240768556,67550.0240768556,
2026-02-23 00:00:00+00:00,64689.9123308007,64689.9123308007,64689.9123308007,64689.9123308007,
2026-02-24 00:00:00+00:00,64123.7510780245,64123.7510780245,64123.7510780245,64123.7510780245,
2026-02-25 00:00:00+00:00,68038.5221794272,68038.5221794272,68038.5221794272,68038.5221794272,
2026-02-26 00:00:00+00:00,67519.2645292227,67519.2645292227,67519.2645292227,67519.2645292227,
2026-02-27 00:00:00+00:00,65864.1358170661,65864.1358170661,65864.1358170661,65864.1358170661,
2026-02-28 00:00:00+00:00,66965.6353091759,66965.6353091759,66965.6353091759,66965.6353091759,
2026-03-01 00:00:00+00:00,65733.5212597896,65733.5212597896,65733.5212597896,65733.5212597896,
2026-03-02 00:00:00+00:00,68922.6242974869,68922.6242974869,68922.6242974869,68922.6242974869,
2026-03-03 00:00:00+00:00,68431.1740306838,68431.1740306838,68431.1740306838,68431.1740306838,
2026-03-04 00:00:00+00:00,72667.4630575687,72667.4630575687,72667.4630575687,72667.4630575687,
2026-03-05 00:00:00+00:00,70987.427176505,70987.427176505,70987.427176505,70987.427176505,
2026-03-06 00:00:00+00:00,68226.7053927528,68226.7053927528,68226.7053927528,68226.7053927528,
2026-03-07 00:00:00+00:00,67315.5529135009,67315.5529135009,67315.5529135009,67315.5529135009,
2026-03-08 00:00:00+00:00,66202.6978731736,66202.6978731736,66202.6978731736,66202.6978731736,
2026-03-09 00:00:00+00:00,68528.5384699007,68528.5384699007,68528.5384699007,68528.5384699007,
2026-03-10 00:00:00+00:00,69891.8238576856,69891.8238576856,69891.8238576856,69891.8238576856,
2026-03-11 00:00:00+00:00,70298.5753530099,70298.5753530099,70298.5753530099,70298.5753530099,
2026-03-12 00:00:00+00:00,70538.1074623027,70538.1074623027,70538.1074623027,70538.1074623027,
2026-03-13 00:00:00+00:00,70930.0132793688,70930.0132793688,70930.0132793688,70930.0132793688,
2026-03-14 00:00:00+00:00,71136.2179199299,71136.2179199299,71136.2179199299,71136.2179199299,
2026-03-15 00:00:00+00:00,72712.1461957919,72712.1461957919,72712.1461957919,72712.1461957919,
2026-03-16 00:00:00+00:00,74723.9575534775,74723.9575534775,74723.9575534775,74723.9575534775,
2026-03-17 00:00:00+00:00,74086.013609585,74086.013609585,74086.013609585,74086.013609585,
2026-03-18 00:00:00+00:00,71253.9579275278,71253.9579275278,71253.9579275278,71253.9579275278,
2026-03-19 00:00:00+00:00,69948.9048267095,69948.9048267095,69948.9048267095,69948.9048267095,
2026-03-20 00:00:00+00:00,70510.4196797194,70510.4196797194,70510.4196797194,70510.4196797194,
2026-03-21 00:00:00+00:00,69707.285009059,69707.285009059,69707.285009059,69707.285009059,
2026-03-22 00:00:00+00:00,68018.1534815897,68018.1534815897,68018.1534815897,68018.1534815897,
2026-03-23 00:00:00+00:00,70726.2110461718,70726.2110461718,70726.2110461718,70726.2110461718,
2026-03-24 00:00:00+00:00,70610.0187121566,70610.0187121566,70610.0187121566,70610.0187121566,
2026-03-25 00:00:00+00:00,71281.2973921683,71281.2973921683,71281.2973921683,71281.2973921683,
2026-03-26 00:00:00+00:00,68722.9718366452,68722.9718366452,68722.9718366452,68722.9718366452,
2026-03-27 00:00:00+00:00,66214.1715134424,66214.1715134424,66214.1715134424,66214.1715134424,
2026-03-28 00:00:00+00:00,66351.0725251315,66351.0725251315,66351.0725251315,66351.0725251315,
2026-03-29 00:00:00+00:00,65966.7523939217,65966.7523939217,65966.7523939217,65966.7523939217,
2026-03-30 00:00:00+00:00,66651.2320037989,66651.2320037989,66651.2320037989,66651.2320037989,
2026-03-31 00:00:00+00:00,68214.8680388662,68214.8680388662,68214.8680388662,68214.8680388662,
2026-04-01 00:00:00+00:00,68116.8167933957,68116.8167933957,68116.8167933957,68116.8167933957,
2026-04-02 00:00:00+00:00,66908.3179918177,66908.3179918177,66908.3179918177,66908.3179918177,
2026-04-03 00:00:00+00:00,66891.7422279369,66891.7422279369,66891.7422279369,66891.7422279369,
2026-04-04 00:00:00+00:00,67295.1309137931,67295.1309137931,67295.1309137931,67295.1309137931,
2026-04-05 00:00:00+00:00,68921.8060911748,68921.8060911748,68921.8060911748,68921.8060911748,
2026-04-06 00:00:00+00:00,68742.9133085915,68742.9133085915,68742.9133085915,68742.9133085915,
2026-04-07 00:00:00+00:00,72057.1243614845,72057.1243614845,72057.1243614845,72057.1243614845,
2026-04-08 00:00:00+00:00,71085.0583702513,71085.0583702513,71085.0583702513,71085.0583702513,
2026-04-09 00:00:00+00:00,71788.6797825833,71788.6797825833,71788.6797825833,71788.6797825833,
2026-04-10 00:00:00+00:00,72945.0707241379,72945.0707241379,72945.0707241379,72945.0707241379,
2026-04-11 00:00:00+00:00,73119.1091168907,73119.1091168907,73119.1091168907,73119.1091168907,
2026-04-12 00:00:00+00:00,70685.3697019287,70685.3697019287,70685.3697019287,70685.3697019287,
2026-04-13 00:00:00+00:00,74632.7455856224,74632.7455856224,74632.7455856224,74632.7455856224,
2026-04-14 00:00:00+00:00,74173.5083603156,74173.5083603156,74173.5083603156,74173.5083603156,
2026-04-15 00:00:00+00:00,74761.964654588,74761.964654588,74761.964654588,74761.964654588,
2026-04-16 00:00:00+00:00,75095.7442159556,75095.7442159556,75095.7442159556,75095.7442159556,
2026-04-17 00:00:00+00:00,77114.481438048,77114.481438048,77114.481438048,77114.481438048,
2026-04-18 00:00:00+00:00,75792.0637510228,75792.0637510228,75792.0637510228,75792.0637510228,
2026-04-19 00:00:00+00:00,73905.2041016949,73905.2041016949,73905.2041016949,73905.2041016949,
2026-04-20 00:00:00+00:00,75814.1453237873,75814.1453237873,75814.1453237873,75814.1453237873,
2026-04-21 00:00:00+00:00,76107.4432977791,76107.4432977791,76107.4432977791,76107.4432977791,
2026-04-22 00:00:00+00:00,78317.7422720631,78317.7422720631,78317.7422720631,78317.7422720631,
2026-04-23 00:00:00+00:00,78233.6837492694,78233.6837492694,78233.6837492694,78233.6837492694,
2026-04-24 00:00:00+00:00,77444.269277031,77444.269277031,77444.269277031,77444.269277031,
2026-04-25 00:00:00+00:00,77624.7114821742,77624.7114821742,77624.7114821742,77624.7114821742,
2026-04-26 00:00:00+00:00,78538.7733573933,78538.7733573933,78538.7733573933,78538.7733573933,
2026-04-27 00:00:00+00:00,77256.297159848,77256.297159848,77256.297159848,77256.297159848,
2026-04-28 00:00:00+00:00,76295.531117183,76295.531117183,76295.531117183,76295.531117183,
2026-04-29 00:00:00+00:00,75795.0098530099,75795.0098530099,75795.0098530099,75795.0098530099,
2026-04-30 00:00:00+00:00,76299.6161285798,76299.6161285798,76299.6161285798,76299.6161285798,
2026-05-01 00:00:00+00:00,78132.6437852133,78132.6437852133,78132.6437852133,78132.6437852133,
2026-05-02 00:00:00+00:00,78712.5387317358,78712.5387317358,78712.5387317358,78712.5387317358,
2026-05-03 00:00:00+00:00,78649.1732893045,78649.1732893045,78649.1732893045,78649.1732893045,
2026-05-04 00:00:00+00:00,79826.107817066,79826.107817066,79826.107817066,79826.107817066,
2026-05-05 00:00:00+00:00,80936.7548252484,80936.7548252484,80936.7548252484,80936.7548252484,
2026-05-06 00:00:00+00:00,81364.6201285798,81364.6201285798,81364.6201285798,81364.6201285798,
2026-05-07 00:00:00+00:00,79988.9987343659,79988.9987343659,79988.9987343659,79988.9987343659,
2026-05-08 00:00:00+00:00,80179.6922957335,80179.6922957335,80179.6922957335,80179.6922957335,
2026-05-09 00:00:00+00:00,80663.6296519579,80663.6296519579,80663.6296519579,80663.6296519579,
2026-05-10 00:00:00+00:00,82256.781137931,82256.781137931,82256.781137931,82256.781137931,
2026-05-11 00:00:00+00:00,81714.7420499708,81714.7420499708,81714.7420499708,81714.7420499708,
2026-05-12 00:00:00+00:00,80525.563024547,80525.563024547,80525.563024547,80525.563024547,
2026-05-13 00:00:00+00:00,79291.9110017534,79291.9110017534,79291.9110017534,79291.9110017534,
2026-05-14 00:00:00+00:00,81175.8271116306,81175.8271116306,81175.8271116306,81175.8271116306,
2026-05-15 00:00:00+00:00,79063.4145756868,79063.4145756868,79063.4145756868,79063.4145756868,
2026-05-16 00:00:00+00:00,78164.4952711864,78164.4952711864,78164.4952711864,78164.4952711864,
2026-05-17 00:00:00+00:00,77497.697113384,77497.697113384,77497.697113384,77497.697113384,
2026-05-18 00:00:00+00:00,76975.9111998831,76975.9111998831,76975.9111998831,76975.9111998831,
2026-05-19 00:00:00+00:00,76807.460956166,76807.460956166,76807.460956166,76807.460956166,
2026-05-20 00:00:00+00:00,77408.1722089421,77408.1722089421,77408.1722089421,77408.1722089421,
2026-05-21 00:00:00+00:00,77595.3861717446,77595.3861717446,77595.3861717446,77595.3861717446,
2026-05-22 00:00:00+00:00,75567.5430431093,75567.5430431093,75567.5430431093,75567.5430431093,
2026-05-23 00:00:00+00:00,76619.8666090415,76619.8666090415,76619.8666090415,76619.8666090415,
2026-05-24 00:00:00+00:00,,,,,
