timestamp,open,high,low,close,volume
2017-01-01 00:00:00+00:00,4.4752383412542,4.4752383412542,4.4752383412542,4.4752383412542,
2017-01-02 00:00:00+00:00,4.56694098110425,4.56694098110425,4.56694098110425,4.56694098110425,
2017-01-03 00:00:00+00:00,4.57071100752687,4.57071100752687,4.57071100752687,4.57071100752687,
2017-01-04 00:00:00+00:00,4.58353943500624,4.58353943500624,4.58353943500624,4.58353943500624,
2017-01-05 00:00:00+00:00,4.23643121372977,4.23643121372977,4.23643121372977,4.23643121372977,
2017-01-06 00:00:00+00:00,3.85852096924068,3.85852096924068,3.85852096924068,3.85852096924068,
2017-01-07 00:00:00+00:00,3.97510969862095,3.97510969862095,3.97510969862095,3.97510969862095,
2017-01-08 00:00:00+00:00,4.01098119279655,4.01098119279655,4.01098119279655,4.01098119279655,
2017-01-09 00:00:00+00:00,4.38049202146544,4.38049202146544,4.38049202146544,4.38049202146544,
2017-01-10 00:00:00+00:00,4.57777733481189,4.57777733481189,4.57777733481189,4.57777733481189,
2017-01-11 00:00:00+00:00,3.93888960503417,3.93888960503417,3.93888960503417,3.93888960503417,
2017-01-12 00:00:00+00:00,4.00488083800978,4.00488083800978,4.00488083800978,4.00488083800978,
2017-01-13 00:00:00+00:00,3.93623113671017,3.93623113671017,3.93623113671017,3.93623113671017,
2017-01-14 00:00:00+00:00,3.95760593907179,3.95760593907179,3.95760593907179,3.95760593907179,
2017-01-15 00:00:00+00:00,3.92441079393036,3.92441079393036,3.92441079393036,3.92441079393036,
2017-01-16 00:00:00+00:00,3.87620499050059,3.87620499050059,3.87620499050059,3.87620499050059,
2017-01-17 00:00:00+00:00,3.94131879294028,3.94131879294028,3.94131879294028,3.94131879294028,
2017-01-18 00:00:00+00:00,3.88758274667627,3.88758274667627,3.88758274667627,3.88758274667627,
2017-01-19 00:00:00+00:00,3.89566108448298,3.89566108448298,3.89566108448298,3.89566108448298,
2017-01-20 00:00:00+00:00,3.89416275757998,3.89416275757998,3.89416275757998,3.89416275757998,
2017-01-21 00:00:00+00:00,3.91822510416753,3.91822510416753,3.91822510416753,3.91822510416753,
2017-01-22 00:00:00+00:00,3.84860477691313,3.84860477691313,3.84860477691313,3.84860477691313,
2017-01-23 00:00:00+00:00,3.83029597908667,3.83029597908667,3.83029597908667,3.83029597908667,
2017-01-24 00:00:00+00:00,3.74288025379715,3.74288025379715,3.74288025379715,3.74288025379715,
2017-01-25 00:00:00+00:00,3.68584694112492,3.68584694112492,3.68584694112492,3.68584694112492,
2017-01-26 00:00:00+00:00,3.86371653746194,3.86371653746194,3.86371653746194,3.86371653746194,
2017-01-27 00:00:00+00:00,3.88783783128902,3.88783783128902,3.88783783128902,3.88783783128902,
2017-01-28 00:00:00+00:00,3.86806140403364,3.86806140403364,3.86806140403364,3.86806140403364,
2017-01-29 00:00:00+00:00,3.85920898917263,3.85920898917263,3.85920898917263,3.85920898917263,
2017-01-30 00:00:00+00:00,4.06642729367812,4.06642729367812,4.06642729367812,4.06642729367812,
2017-01-31 00:00:00+00:00,4.06855959183281,4.06855959183281,4.06855959183281,4.06855959183281,
2017-02-01 00:00:00+00:00,4.04812841374875,4.04812841374875,4.04812841374875,4.04812841374875,
2017-02-02 00:00:00+00:00,4.098511007128,4.098511007128,4.098511007128,4.098511007128,
2017-02-03 00:00:00+00:00,4.0318394375011,4.0318394375011,4.0318394375011,4.0318394375011,
2017-02-04 00:00:00+00:00,4.01499736896538,4.01499736896538,4.01499736896538,4.01499736896538,
2017-02-05 00:00:00+00:00,3.96598549397967,3.96598549397967,3.96598549397967,3.96598549397967,
2017-02-06 00:00:00+00:00,3.95367863691665,3.95367863691665,3.95367863691665,3.95367863691665,
2017-02-07 00:00:00+00:00,3.96371318568101,3.96371318568101,3.96371318568101,3.96371318568101,
2017-02-08 00:00:00+00:00,3.94585431060114,3.94585431060114,3.94585431060114,3.94585431060114,
2017-02-09 00:00:00+00:00,3.75094859071397,3.75094859071397,3.75094859071397,3.75094859071397,
2017-02-10 00:00:00+00:00,3.81764604297953,3.81764604297953,3.81764604297953,3.81764604297953,
2017-02-11 00:00:00+00:00,3.83464393139046,3.83464393139046,3.83464393139046,3.83464393139046,
2017-02-12 00:00:00+00:00,3.78119947475609,3.78119947475609,3.78119947475609,3.78119947475609,
2017-02-13 00:00:00+00:00,3.77273810614474,3.77273810614474,3.77273810614474,3.77273810614474,
2017-02-14 00:00:00+00:00,3.83281297850796,3.83281297850796,3.83281297850796,3.83281297850796,
2017-02-15 00:00:00+00:00,3.88501572370422,3.88501572370422,3.88501572370422,3.88501572370422,
2017-02-16 00:00:00+00:00,3.86182928389779,3.86182928389779,3.86182928389779,3.86182928389779,
2017-02-17 00:00:00+00:00,3.90698486611692,3.90698486611692,3.90698486611692,3.90698486611692,
2017-02-18 00:00:00+00:00,3.80957574653718,3.80957574653718,3.80957574653718,3.80957574653718,
2017-02-19 00:00:00+00:00,3.80146571769972,3.80146571769972,3.80146571769972,3.80146571769972,
2017-02-20 00:00:00+00:00,3.79931074860969,3.79931074860969,3.79931074860969,3.79931074860969,
2017-02-21 00:00:00+00:00,3.84523760870021,3.84523760870021,3.84523760870021,3.84523760870021,
2017-02-22 00:00:00+00:00,3.88809168039334,3.88809168039334,3.88809168039334,3.88809168039334,
2017-02-23 00:00:00+00:00,3.94618571179529,3.94618571179529,3.94618571179529,3.94618571179529,
2017-02-24 00:00:00+00:00,3.94529023913651,3.94529023913651,3.94529023913651,3.94529023913651,
2017-02-25 00:00:00+00:00,3.89348496100923,3.89348496100923,3.89348496100923,3.89348496100923,
2017-02-26 00:00:00+00:00,3.88218938617751,3.88218938617751,3.88218938617751,3.88218938617751,
2017-02-27 00:00:00+00:00,3.86335295955538,3.86335295955538,3.86335295955538,3.86335295955538,
2017-02-28 00:00:00+00:00,3.78537682533442,3.78537682533442,3.78537682533442,3.78537682533442,
2017-03-01 00:00:00+00:00,3.8539021293783,3.8539021293783,3.8539021293783,3.8539021293783,
2017-03-02 00:00:00+00:00,4.04721185173296,4.04721185173296,4.04721185173296,4.04721185173296,
2017-03-03 00:00:00+00:00,4.08572275637011,4.08572275637011,4.08572275637011,4.08572275637011,
2017-03-04 00:00:00+00:00,3.99511933427343,3.99511933427343,3.99511933427343,3.99511933427343,
2017-03-05 00:00:00+00:00,3.99796809171384,3.99796809171384,3.99796809171384,3.99796809171384,
2017-03-06 00:00:00+00:00,4.09992108524135,4.09992108524135,4.09992108524135,4.09992108524135,
2017-03-07 00:00:00+00:00,3.99116321485378,3.99116321485378,3.99116321485378,3.99116321485378,
2017-03-08 00:00:00+00:00,3.8411451806752,3.8411451806752,3.8411451806752,3.8411451806752,
2017-03-09 00:00:00+00:00,3.90048277936663,3.90048277936663,3.90048277936663,3.90048277936663,
2017-03-10 00:00:00+00:00,3.76003239000719,3.76003239000719,3.76003239000719,3.76003239000719,
2017-03-11 00:00:00+00:00,3.80333991167115,3.80333991167115,3.80333991167115,3.80333991167115,
2017-03-12 00:00:00+00:00,3.90394793493232,3.90394793493232,3.90394793493232,3.90394793493232,
2017-03-13 00:00:00+00:00,4.37560050942134,4.37560050942134,4.37560050942134,4.37560050942134,
2017-03-14 00:00:00+00:00,4.19588043858688,4.19588043858688,4.19588043858688,4.19588043858688,
2017-03-15 00:00:00+00:00,4.3226125169331,4.3226125169331,4.3226125169331,4.3226125169331,
2017-03-16 00:00:00+00:00,4.3173222495593,4.3173222495593,4.3173222495593,4.3173222495593,
2017-03-17 00:00:00+00:00,4.11837223913014,4.11837223913014,4.11837223913014,4.11837223913014,
2017-03-18 00:00:00+00:00,4.05757950777311,4.05757950777311,4.05757950777311,4.05757950777311,
2017-03-19 00:00:00+00:00,3.93263014248089,3.93263014248089,3.93263014248089,3.93263014248089,
2017-03-20 00:00:00+00:00,4.06572180535989,4.06572180535989,4.06572180535989,4.06572180535989,
2017-03-21 00:00:00+00:00,4.01817701747951,4.01817701747951,4.01817701747951,4.01817701747951,
2017-03-22 00:00:00+00:00,3.93479848958808,3.93479848958808,3.93479848958808,3.93479848958808,
2017-03-23 00:00:00+00:00,3.9808394586501,3.9808394586501,3.9808394586501,3.9808394586501,
2017-03-24 00:00:00+00:00,4.13561100662245,4.13561100662245,4.13561100662245,4.13561100662245,
2017-03-25 00:00:00+00:00,4.09657823180106,4.09657823180106,4.09657823180106,4.09657823180106,
2017-03-26 00:00:00+00:00,4.0733539511739,4.0733539511739,4.0733539511739,4.0733539511739,
2017-03-27 00:00:00+00:00,4.07155813188214,4.07155813188214,4.07155813188214,4.07155813188214,
2017-03-28 00:00:00+00:00,4.20696061029531,4.20696061029531,4.20696061029531,4.20696061029531,
2017-03-29 00:00:00+00:00,4.31652020343511,4.31652020343511,4.31652020343511,4.31652020343511,
2017-03-30 00:00:00+00:00,7.53229426390334,7.53229426390334,7.53229426390334,7.53229426390334,
2017-03-31 00:00:00+00:00,7.23894011582957,7.23894011582957,7.23894011582957,7.23894011582957,
2017-04-01 00:00:00+00:00,7.60325938375114,7.60325938375114,7.60325938375114,7.60325938375114,
2017-04-02 00:00:00+00:00,8.32147061434759,8.32147061434759,8.32147061434759,8.32147061434759,
2017-04-03 00:00:00+00:00,8.5169438388475,8.5169438388475,8.5169438388475,8.5169438388475,
2017-04-04 00:00:00+00:00,9.13864661820227,9.13864661820227,9.13864661820227,9.13864661820227,
2017-04-05 00:00:00+00:00,12.3703169732604,12.3703169732604,12.3703169732604,12.3703169732604,
2017-04-06 00:00:00+00:00,10.8758142078613,10.8758142078613,10.8758142078613,10.8758142078613,
2017-04-07 00:00:00+00:00,10.0510387882003,10.0510387882003,10.0510387882003,10.0510387882003,
2017-04-08 00:00:00+00:00,10.7485071080767,10.7485071080767,10.7485071080767,10.7485071080767,
2017-04-09 00:00:00+00:00,9.30662439984325,9.30662439984325,9.30662439984325,9.30662439984325,
2017-04-10 00:00:00+00:00,9.88776319850654,9.88776319850654,9.88776319850654,9.88776319850654,
2017-04-11 00:00:00+00:00,9.73757903935227,9.73757903935227,9.73757903935227,9.73757903935227,
2017-04-12 00:00:00+00:00,11.7420246748826,11.7420246748826,11.7420246748826,11.7420246748826,
2017-04-13 00:00:00+00:00,11.0826892415263,11.0826892415263,11.0826892415263,11.0826892415263,
2017-04-14 00:00:00+00:00,11.6407867938177,11.6407867938177,11.6407867938177,11.6407867938177,
2017-04-15 00:00:00+00:00,11.6561428810723,11.6561428810723,11.6561428810723,11.6561428810723,
2017-04-16 00:00:00+00:00,11.6662676003572,11.6662676003572,11.6662676003572,11.6662676003572,
2017-04-17 00:00:00+00:00,11.3729206713815,11.3729206713815,11.3729206713815,11.3729206713815,
2017-04-18 00:00:00+00:00,10.8792518914248,10.8792518914248,10.8792518914248,10.8792518914248,
2017-04-19 00:00:00+00:00,10.2357654608389,10.2357654608389,10.2357654608389,10.2357654608389,
2017-04-20 00:00:00+00:00,10.979453016837,10.979453016837,10.979453016837,10.979453016837,
2017-04-21 00:00:00+00:00,12.0985430083269,12.0985430083269,12.0985430083269,12.0985430083269,
2017-04-22 00:00:00+00:00,14.1489581997222,14.1489581997222,14.1489581997222,14.1489581997222,
2017-04-23 00:00:00+00:00,15.3339303346714,15.3339303346714,15.3339303346714,15.3339303346714,
2017-04-24 00:00:00+00:00,15.033823021471,15.033823021471,15.033823021471,15.033823021471,
2017-04-25 00:00:00+00:00,15.4752770544115,15.4752770544115,15.4752770544115,15.4752770544115,
2017-04-26 00:00:00+00:00,14.9869314209889,14.9869314209889,14.9869314209889,14.9869314209889,
2017-04-27 00:00:00+00:00,14.8362697399986,14.8362697399986,14.8362697399986,14.8362697399986,
2017-04-28 00:00:00+00:00,14.784155503622,14.784155503622,14.784155503622,14.784155503622,
2017-04-29 00:00:00+00:00,16.1376165131268,16.1376165131268,16.1376165131268,16.1376165131268,
2017-04-30 00:00:00+00:00,16.1966163283669,16.1966163283669,16.1966163283669,16.1966163283669,
2017-05-01 00:00:00+00:00,16.1070871195055,16.1070871195055,16.1070871195055,16.1070871195055,
2017-05-02 00:00:00+00:00,16.1771573157958,16.1771573157958,16.1771573157958,16.1771573157958,
2017-05-03 00:00:00+00:00,21.7031528314731,21.7031528314731,21.7031528314731,21.7031528314731,
2017-05-04 00:00:00+00:00,23.8821712297586,23.8821712297586,23.8821712297586,23.8821712297586,
2017-05-05 00:00:00+00:00,26.1364466366059,26.1364466366059,26.1364466366059,26.1364466366059,
2017-05-06 00:00:00+00:00,28.392020230517,28.392020230517,28.392020230517,28.392020230517,
2017-05-07 00:00:00+00:00,28.7802108965593,28.7802108965593,28.7802108965593,28.7802108965593,
2017-05-08 00:00:00+00:00,28.6350979172048,28.6350979172048,28.6350979172048,28.6350979172048,
2017-05-09 00:00:00+00:00,33.3551045537768,33.3551045537768,33.3551045537768,33.3551045537768,
2017-05-10 00:00:00+00:00,32.5997085804455,32.5997085804455,32.5997085804455,32.5997085804455,
2017-05-11 00:00:00+00:00,30.5580732709007,30.5580732709007,30.5580732709007,30.5580732709007,
2017-05-12 00:00:00+00:00,27.5132189244784,27.5132189244784,27.5132189244784,27.5132189244784,
2017-05-13 00:00:00+00:00,28.5851309593915,28.5851309593915,28.5851309593915,28.5851309593915,
2017-05-14 00:00:00+00:00,28.663128535978,28.663128535978,28.663128535978,28.663128535978,
2017-05-15 00:00:00+00:00,25.476707462158,25.476707462158,25.476707462158,25.476707462158,
2017-05-16 00:00:00+00:00,23.4552007128988,23.4552007128988,23.4552007128988,23.4552007128988,
2017-05-17 00:00:00+00:00,25.1149175083417,25.1149175083417,25.1149175083417,25.1149175083417,
2017-05-18 00:00:00+00:00,28.3927302940867,28.3927302940867,28.3927302940867,28.3927302940867,
2017-05-19 00:00:00+00:00,27.4183435029831,27.4183435029831,27.4183435029831,27.4183435029831,
2017-05-20 00:00:00+00:00,27.222062759841,27.222062759841,27.222062759841,27.222062759841,
2017-05-21 00:00:00+00:00,26.0053776243508,26.0053776243508,26.0053776243508,26.0053776243508,
2017-05-22 00:00:00+00:00,24.0852919769989,24.0852919769989,24.0852919769989,24.0852919769989,
2017-05-23 00:00:00+00:00,30.7939688687272,30.7939688687272,30.7939688687272,30.7939688687272,
2017-05-24 00:00:00+00:00,33.7140026195541,33.7140026195541,33.7140026195541,33.7140026195541,
2017-05-25 00:00:00+00:00,28.3802525728953,28.3802525728953,28.3802525728953,28.3802525728953,
2017-05-26 00:00:00+00:00,26.0358915564215,26.0358915564215,26.0358915564215,26.0358915564215,
2017-05-27 00:00:00+00:00,22.9865751092402,22.9865751092402,22.9865751092402,22.9865751092402,
2017-05-28 00:00:00+00:00,24.6667565076249,24.6667565076249,24.6667565076249,24.6667565076249,
2017-05-29 00:00:00+00:00,25.7640664840534,25.7640664840534,25.7640664840534,25.7640664840534,
2017-05-30 00:00:00+00:00,23.9420065327059,23.9420065327059,23.9420065327059,23.9420065327059,
2017-05-31 00:00:00+00:00,25.9264844231747,25.9264844231747,25.9264844231747,25.9264844231747,
2017-06-01 00:00:00+00:00,27.3021387613472,27.3021387613472,27.3021387613472,27.3021387613472,
2017-06-02 00:00:00+00:00,27.9037606446564,27.9037606446564,27.9037606446564,27.9037606446564,
2017-06-03 00:00:00+00:00,27.3943802880895,27.3943802880895,27.3943802880895,27.3943802880895,
2017-06-04 00:00:00+00:00,27.6697012269344,27.6697012269344,27.6697012269344,27.6697012269344,
2017-06-05 00:00:00+00:00,30.5981406258803,30.5981406258803,30.5981406258803,30.5981406258803,
2017-06-06 00:00:00+00:00,30.1039039936497,30.1039039936497,30.1039039936497,30.1039039936497,
2017-06-07 00:00:00+00:00,28.7994691733723,28.7994691733723,28.7994691733723,28.7994691733723,
2017-06-08 00:00:00+00:00,30.1612010509957,30.1612010509957,30.1612010509957,30.1612010509957,
2017-06-09 00:00:00+00:00,29.5878957424006,29.5878957424006,29.5878957424006,29.5878957424006,
2017-06-10 00:00:00+00:00,29.9310878072558,29.9310878072558,29.9310878072558,29.9310878072558,
2017-06-11 00:00:00+00:00,33.8026609436764,33.8026609436764,33.8026609436764,33.8026609436764,
2017-06-12 00:00:00+00:00,29.0623072281382,29.0623072281382,29.0623072281382,29.0623072281382,
2017-06-13 00:00:00+00:00,30.0876652686932,30.0876652686932,30.0876652686932,30.0876652686932,
2017-06-14 00:00:00+00:00,28.8104918966337,28.8104918966337,28.8104918966337,28.8104918966337,
2017-06-15 00:00:00+00:00,28.917212667213,28.917212667213,28.917212667213,28.917212667213,
2017-06-16 00:00:00+00:00,33.4204634735533,33.4204634735533,33.4204634735533,33.4204634735533,
2017-06-17 00:00:00+00:00,46.4787837970187,46.4787837970187,46.4787837970187,46.4787837970187,
2017-06-18 00:00:00+00:00,42.9769978136814,42.9769978136814,42.9769978136814,42.9769978136814,
2017-06-19 00:00:00+00:00,47.5690114364874,47.5690114364874,47.5690114364874,47.5690114364874,
2017-06-20 00:00:00+00:00,45.4094033993528,45.4094033993528,45.4094033993528,45.4094033993528,
2017-06-21 00:00:00+00:00,43.4576196033063,43.4576196033063,43.4576196033063,43.4576196033063,
2017-06-22 00:00:00+00:00,45.9832889616084,45.9832889616084,45.9832889616084,45.9832889616084,
2017-06-23 00:00:00+00:00,45.7755639574821,45.7755639574821,45.7755639574821,45.7755639574821,
2017-06-24 00:00:00+00:00,42.7776088845809,42.7776088845809,42.7776088845809,42.7776088845809,
2017-06-25 00:00:00+00:00,40.5027750849356,40.5027750849356,40.5027750849356,40.5027750849356,
2017-06-26 00:00:00+00:00,38.663137819462,38.663137819462,38.663137819462,38.663137819462,
2017-06-27 00:00:00+00:00,39.7430047777539,39.7430047777539,39.7430047777539,39.7430047777539,
2017-06-28 00:00:00+00:00,42.176919075067,42.176919075067,42.176919075067,42.176919075067,
2017-06-29 00:00:00+00:00,40.3276250397349,40.3276250397349,40.3276250397349,40.3276250397349,
2017-06-30 00:00:00+00:00,39.3691282540767,39.3691282540767,39.3691282540767,39.3691282540767,
2017-07-01 00:00:00+00:00,38.1163571232574,38.1163571232574,38.1163571232574,38.1163571232574,
2017-07-02 00:00:00+00:00,41.6174556162264,41.6174556162264,41.6174556162264,41.6174556162264,
2017-07-03 00:00:00+00:00,45.7087115805364,45.7087115805364,45.7087115805364,45.7087115805364,
2017-07-04 00:00:00+00:00,54.4523606456279,54.4523606456279,54.4523606456279,54.4523606456279,
2017-07-05 00:00:00+00:00,53.248043504381,53.248043504381,53.248043504381,53.248043504381,
2017-07-06 00:00:00+00:00,51.4000691363876,51.4000691363876,51.4000691363876,51.4000691363876,
2017-07-07 00:00:00+00:00,46.3503437867923,46.3503437867923,46.3503437867923,46.3503437867923,
2017-07-08 00:00:00+00:00,51.6587449913222,51.6587449913222,51.6587449913222,51.6587449913222,
2017-07-09 00:00:00+00:00,48.7541635935377,48.7541635935377,48.7541635935377,48.7541635935377,
2017-07-10 00:00:00+00:00,44.0230875686742,44.0230875686742,44.0230875686742,44.0230875686742,
2017-07-11 00:00:00+00:00,44.0946844839085,44.0946844839085,44.0946844839085,44.0946844839085,
2017-07-12 00:00:00+00:00,46.7317478078548,46.7317478078548,46.7317478078548,46.7317478078548,
2017-07-13 00:00:00+00:00,45.504595819607,45.504595819607,45.504595819607,45.504595819607,
2017-07-14 00:00:00+00:00,42.6142959271431,42.6142959271431,42.6142959271431,42.6142959271431,
2017-07-15 00:00:00+00:00,38.5651422356585,38.5651422356585,38.5651422356585,38.5651422356585,
2017-07-16 00:00:00+00:00,40.7532560471325,40.7532560471325,40.7532560471325,40.7532560471325,
2017-07-17 00:00:00+00:00,42.3545210340915,42.3545210340915,42.3545210340915,42.3545210340915,
2017-07-18 00:00:00+00:00,43.5155672829493,43.5155672829493,43.5155672829493,43.5155672829493,
2017-07-19 00:00:00+00:00,39.9706704894198,39.9706704894198,39.9706704894198,39.9706704894198,
2017-07-20 00:00:00+00:00,44.5346130283284,44.5346130283284,44.5346130283284,44.5346130283284,
2017-07-21 00:00:00+00:00,45.3900137120577,45.3900137120577,45.3900137120577,45.3900137120577,
2017-07-22 00:00:00+00:00,46.995724018766,46.995724018766,46.995724018766,46.995724018766,
2017-07-23 00:00:00+00:00,45.1371263690174,45.1371263690174,45.1371263690174,45.1371263690174,
2017-07-24 00:00:00+00:00,44.8896820470087,44.8896820470087,44.8896820470087,44.8896820470087,
2017-07-25 00:00:00+00:00,42.0080725836932,42.0080725836932,42.0080725836932,42.0080725836932,
2017-07-26 00:00:00+00:00,41.9145169899964,41.9145169899964,41.9145169899964,41.9145169899964,
2017-07-27 00:00:00+00:00,41.7955063748825,41.7955063748825,41.7955063748825,41.7955063748825,
2017-07-28 00:00:00+00:00,40.0706591216819,40.0706591216819,40.0706591216819,40.0706591216819,
2017-07-29 00:00:00+00:00,40.9808016562838,40.9808016562838,40.9808016562838,40.9808016562838,
2017-07-30 00:00:00+00:00,40.2886202067515,40.2886202067515,40.2886202067515,40.2886202067515,
2017-07-31 00:00:00+00:00,42.2450062139683,42.2450062139683,42.2450062139683,42.2450062139683,
2017-08-01 00:00:00+00:00,43.1233744223086,43.1233744223086,43.1233744223086,43.1233744223086,
2017-08-02 00:00:00+00:00,41.571807092631,41.571807092631,41.571807092631,41.571807092631,
2017-08-03 00:00:00+00:00,42.550513470048,42.550513470048,42.550513470048,42.550513470048,
2017-08-04 00:00:00+00:00,43.1071876237528,43.1071876237528,43.1071876237528,43.1071876237528,
2017-08-05 00:00:00+00:00,45.9521064955457,45.9521064955457,45.9521064955457,45.9521064955457,
2017-08-06 00:00:00+00:00,45.3380507828088,45.3380507828088,45.3380507828088,45.3380507828088,
2017-08-07 00:00:00+00:00,45.9024626772383,45.9024626772383,45.9024626772383,45.9024626772383,
2017-08-08 00:00:00+00:00,49.1797753796553,49.1797753796553,49.1797753796553,49.1797753796553,
2017-08-09 00:00:00+00:00,47.6565038078122,47.6565038078122,47.6565038078122,47.6565038078122,
2017-08-10 00:00:00+00:00,47.3241376146049,47.3241376146049,47.3241376146049,47.3241376146049,
2017-08-11 00:00:00+00:00,47.0106506441056,47.0106506441056,47.0106506441056,47.0106506441056,
2017-08-12 00:00:00+00:00,46.2759343627748,46.2759343627748,46.2759343627748,46.2759343627748,
2017-08-13 00:00:00+00:00,45.1462571446454,45.1462571446454,45.1462571446454,45.1462571446454,
2017-08-14 00:00:00+00:00,45.5175452593564,45.5175452593564,45.5175452593564,45.5175452593564,
2017-08-15 00:00:00+00:00,43.1053792889173,43.1053792889173,43.1053792889173,43.1053792889173,
2017-08-16 00:00:00+00:00,43.9085379929329,43.9085379929329,43.9085379929329,43.9085379929329,
2017-08-17 00:00:00+00:00,43.9039298948276,43.9039298948276,43.9039298948276,43.9039298948276,
2017-08-18 00:00:00+00:00,45.8025866268026,45.8025866268026,45.8025866268026,45.8025866268026,
2017-08-19 00:00:00+00:00,45.1176287280117,45.1176287280117,45.1176287280117,45.1176287280117,
2017-08-20 00:00:00+00:00,46.1754527662368,46.1754527662368,46.1754527662368,46.1754527662368,
2017-08-21 00:00:00+00:00,48.1948224446573,48.1948224446573,48.1948224446573,48.1948224446573,
2017-08-22 00:00:00+00:00,46.395049805581,46.395049805581,46.395049805581,46.395049805581,
2017-08-23 00:00:00+00:00,52.5970338997467,52.5970338997467,52.5970338997467,52.5970338997467,
2017-08-24 00:00:00+00:00,50.1884292670656,50.1884292670656,50.1884292670656,50.1884292670656,
2017-08-25 00:00:00+00:00,51.1118257741317,51.1118257741317,51.1118257741317,51.1118257741317,
2017-08-26 00:00:00+00:00,51.5386777332967,51.5386777332967,51.5386777332967,51.5386777332967,
2017-08-27 00:00:00+00:00,61.1753329939313,61.1753329939313,61.1753329939313,61.1753329939313,
2017-08-28 00:00:00+00:00,62.110070962155,62.110070962155,62.110070962155,62.110070962155,
2017-08-29 00:00:00+00:00,63.6027622624139,63.6027622624139,63.6027622624139,63.6027622624139,
2017-08-30 00:00:00+00:00,65.1167743651943,65.1167743651943,65.1167743651943,65.1167743651943,
2017-08-31 00:00:00+00:00,73.3643036922992,73.3643036922992,73.3643036922992,73.3643036922992,
2017-09-01 00:00:00+00:00,87.8758229250781,87.8758229250781,87.8758229250781,87.8758229250781,
2017-09-02 00:00:00+00:00,79.0453615367296,79.0453615367296,79.0453615367296,79.0453615367296,
2017-09-03 00:00:00+00:00,79.6354424542663,79.6354424542663,79.6354424542663,79.6354424542663,
2017-09-04 00:00:00+00:00,70.5289698948605,70.5289698948605,70.5289698948605,70.5289698948605,
2017-09-05 00:00:00+00:00,74.2520532791153,74.2520532791153,74.2520532791153,74.2520532791153,
2017-09-06 00:00:00+00:00,81.656218736816,81.656218736816,81.656218736816,81.656218736816,
2017-09-07 00:00:00+00:00,80.6435641931151,80.6435641931151,80.6435641931151,80.6435641931151,
2017-09-08 00:00:00+00:00,73.8263607764403,73.8263607764403,73.8263607764403,73.8263607764403,
2017-09-09 00:00:00+00:00,71.6556809371012,71.6556809371012,71.6556809371012,71.6556809371012,
2017-09-10 00:00:00+00:00,67.4859440517357,67.4859440517357,67.4859440517357,67.4859440517357,
2017-09-11 00:00:00+00:00,68.2000863758144,68.2000863758144,68.2000863758144,68.2000863758144,
2017-09-12 00:00:00+00:00,66.125208365305,66.125208365305,66.125208365305,66.125208365305,
2017-09-13 00:00:00+00:00,62.0622766632692,62.0622766632692,62.0622766632692,62.0622766632692,
2017-09-14 00:00:00+00:00,45.7914466468071,45.7914466468071,45.7914466468071,45.7914466468071,
2017-09-15 00:00:00+00:00,51.9917855670845,51.9917855670845,51.9917855670845,51.9917855670845,
2017-09-16 00:00:00+00:00,52.3652171843544,52.3652171843544,52.3652171843544,52.3652171843544,
2017-09-17 00:00:00+00:00,51.3348729399894,51.3348729399894,51.3348729399894,51.3348729399894,
2017-09-18 00:00:00+00:00,56.1706119615958,56.1706119615958,56.1706119615958,56.1706119615958,
2017-09-19 00:00:00+00:00,53.1997208968471,53.1997208968471,53.1997208968471,53.1997208968471,
2017-09-20 00:00:00+00:00,51.8519904954564,51.8519904954564,51.8519904954564,51.8519904954564,
2017-09-21 00:00:00+00:00,46.5884941648871,46.5884941648871,46.5884941648871,46.5884941648871,
2017-09-22 00:00:00+00:00,48.0060002906472,48.0060002906472,48.0060002906472,48.0060002906472,
2017-09-23 00:00:00+00:00,49.291421443577,49.291421443577,49.291421443577,49.291421443577,
2017-09-24 00:00:00+00:00,47.7181180313691,47.7181180313691,47.7181180313691,47.7181180313691,
2017-09-25 00:00:00+00:00,52.1569934806637,52.1569934806637,52.1569934806637,52.1569934806637,
2017-09-26 00:00:00+00:00,52.4030643848117,52.4030643848117,52.4030643848117,52.4030643848117,
2017-09-27 00:00:00+00:00,56.9681975362942,56.9681975362942,56.9681975362942,56.9681975362942,
2017-09-28 00:00:00+00:00,54.8694616854829,54.8694616854829,54.8694616854829,54.8694616854829,
2017-09-29 00:00:00+00:00,52.6714166381373,52.6714166381373,52.6714166381373,52.6714166381373,
2017-09-30 00:00:00+00:00,55.2610071126625,55.2610071126625,55.2610071126625,55.2610071126625,
2017-10-01 00:00:00+00:00,54.7210811284143,54.7210811284143,54.7210811284143,54.7210811284143,
2017-10-02 00:00:00+00:00,53.2011664538905,53.2011664538905,53.2011664538905,53.2011664538905,
2017-10-03 00:00:00+00:00,52.0763787427485,52.0763787427485,52.0763787427485,52.0763787427485,
2017-10-04 00:00:00+00:00,51.2580270088413,51.2580270088413,51.2580270088413,51.2580270088413,
2017-10-05 00:00:00+00:00,51.6561435377418,51.6561435377418,51.6561435377418,51.6561435377418,
2017-10-06 00:00:00+00:00,52.0966710683418,52.0966710683418,52.0966710683418,52.0966710683418,
2017-10-07 00:00:00+00:00,52.583891903362,52.583891903362,52.583891903362,52.583891903362,
2017-10-08 00:00:00+00:00,53.2887116258116,53.2887116258116,53.2887116258116,53.2887116258116,
2017-10-09 00:00:00+00:00,49.9420498563598,49.9420498563598,49.9420498563598,49.9420498563598,
2017-10-10 00:00:00+00:00,50.3567915695986,50.3567915695986,50.3567915695986,50.3567915695986,
2017-10-11 00:00:00+00:00,50.7712613354201,50.7712613354201,50.7712613354201,50.7712613354201,
2017-10-12 00:00:00+00:00,58.5006975257572,58.5006975257572,58.5006975257572,58.5006975257572,
2017-10-13 00:00:00+00:00,58.7856887596429,58.7856887596429,58.7856887596429,58.7856887596429,
2017-10-14 00:00:00+00:00,64.0856607879927,64.0856607879927,64.0856607879927,64.0856607879927,
2017-10-15 00:00:00+00:00,65.6151698137177,65.6151698137177,65.6151698137177,65.6151698137177,
2017-10-16 00:00:00+00:00,64.8328631960963,64.8328631960963,64.8328631960963,64.8328631960963,
2017-10-17 00:00:00+00:00,59.2741175986712,59.2741175986712,59.2741175986712,59.2741175986712,
2017-10-18 00:00:00+00:00,60.6976538361781,60.6976538361781,60.6976538361781,60.6976538361781,
2017-10-19 00:00:00+00:00,59.7807699035004,59.7807699035004,59.7807699035004,59.7807699035004,
2017-10-20 00:00:00+00:00,60.2684409066301,60.2684409066301,60.2684409066301,60.2684409066301,
2017-10-21 00:00:00+00:00,58.0543230511902,58.0543230511902,58.0543230511902,58.0543230511902,
2017-10-22 00:00:00+00:00,56.6466589727409,56.6466589727409,56.6466589727409,56.6466589727409,
2017-10-23 00:00:00+00:00,54.6401628167535,54.6401628167535,54.6401628167535,54.6401628167535,
2017-10-24 00:00:00+00:00,55.7755391022563,55.7755391022563,55.7755391022563,55.7755391022563,
2017-10-25 00:00:00+00:00,56.2848708146958,56.2848708146958,56.2848708146958,56.2848708146958,
2017-10-26 00:00:00+00:00,55.5535363557809,55.5535363557809,55.5535363557809,55.5535363557809,
2017-10-27 00:00:00+00:00,55.1473065773631,55.1473065773631,55.1473065773631,55.1473065773631,
2017-10-28 00:00:00+00:00,54.4513570019067,54.4513570019067,54.4513570019067,54.4513570019067,
2017-10-29 00:00:00+00:00,56.9267008886452,56.9267008886452,56.9267008886452,56.9267008886452,
2017-10-30 00:00:00+00:00,56.0827279402935,56.0827279402935,56.0827279402935,56.0827279402935,
2017-10-31 00:00:00+00:00,55.4302437547112,55.4302437547112,55.4302437547112,55.4302437547112,
2017-11-01 00:00:00+00:00,53.286288090393,53.286288090393,53.286288090393,53.286288090393,
2017-11-02 00:00:00+00:00,54.2165362038107,54.2165362038107,54.2165362038107,54.2165362038107,
2017-11-03 00:00:00+00:00,56.1293266294182,56.1293266294182,56.1293266294182,56.1293266294182,
2017-11-04 00:00:00+00:00,54.9864049620589,54.9864049620589,54.9864049620589,54.9864049620589,
2017-11-05 00:00:00+00:00,54.6255600294322,54.6255600294322,54.6255600294322,54.6255600294322,
2017-11-06 00:00:00+00:00,54.6559485280743,54.6559485280743,54.6559485280743,54.6559485280743,
2017-11-07 00:00:00+00:00,60.8274517638372,60.8274517638372,60.8274517638372,60.8274517638372,
2017-11-08 00:00:00+00:00,62.2345602592273,62.2345602592273,62.2345602592273,62.2345602592273,
2017-11-09 00:00:00+00:00,64.3541667181658,64.3541667181658,64.3541667181658,64.3541667181658,
2017-11-10 00:00:00+00:00,59.416658211083,59.416658211083,59.416658211083,59.416658211083,
2017-11-11 00:00:00+00:00,62.3218762598051,62.3218762598051,62.3218762598051,62.3218762598051,
2017-11-12 00:00:00+00:00,58.399632708927,58.399632708927,58.399632708927,58.399632708927,
2017-11-13 00:00:00+00:00,60.9494971123503,60.9494971123503,60.9494971123503,60.9494971123503,
2017-11-14 00:00:00+00:00,62.2493815070133,62.2493815070133,62.2493815070133,62.2493815070133,
2017-11-15 00:00:00+00:00,63.2358138907965,63.2358138907965,63.2358138907965,63.2358138907965,
2017-11-16 00:00:00+00:00,70.6828563549611,70.6828563549611,70.6828563549611,70.6828563549611,
2017-11-17 00:00:00+00:00,67.6331290275555,67.6331290275555,67.6331290275555,67.6331290275555,
2017-11-18 00:00:00+00:00,69.2846948447392,69.2846948447392,69.2846948447392,69.2846948447392,
2017-11-19 00:00:00+00:00,71.586985521642,71.586985521642,71.586985521642,71.586985521642,
2017-11-20 00:00:00+00:00,72.7058799207232,72.7058799207232,72.7058799207232,72.7058799207232,
2017-11-21 00:00:00+00:00,69.9020799051071,69.9020799051071,69.9020799051071,69.9020799051071,
2017-11-22 00:00:00+00:00,71.9761534493909,71.9761534493909,71.9761534493909,71.9761534493909,
2017-11-23 00:00:00+00:00,73.8647815438376,73.8647815438376,73.8647815438376,73.8647815438376,
2017-11-24 00:00:00+00:00,77.056175111654,77.056175111654,77.056175111654,77.056175111654,
2017-11-25 00:00:00+00:00,88.9006107740309,88.9006107740309,88.9006107740309,88.9006107740309,
2017-11-26 00:00:00+00:00,86.3755345498475,86.3755345498475,86.3755345498475,86.3755345498475,
2017-11-27 00:00:00+00:00,90.8891444008508,90.8891444008508,90.8891444008508,90.8891444008508,
2017-11-28 00:00:00+00:00,94.1686492102783,94.1686492102783,94.1686492102783,94.1686492102783,
2017-11-29 00:00:00+00:00,85.9046317257243,85.9046317257243,85.9046317257243,85.9046317257243,
2017-11-30 00:00:00+00:00,87.5163490030609,87.5163490030609,87.5163490030609,87.5163490030609,
2017-12-01 00:00:00+00:00,98.6648122106854,98.6648122106854,98.6648122106854,98.6648122106854,
2017-12-02 00:00:00+00:00,99.4784477321372,99.4784477321372,99.4784477321372,99.4784477321372,
2017-12-03 00:00:00+00:00,100.94713938168,100.94713938168,100.94713938168,100.94713938168,
2017-12-04 00:00:00+00:00,103.740549716125,103.740549716125,103.740549716125,103.740549716125,
2017-12-05 00:00:00+00:00,101.082221972658,101.082221972658,101.082221972658,101.082221972658,
2017-12-06 00:00:00+00:00,99.8597998338959,99.8597998338959,99.8597998338959,99.8597998338959,
2017-12-07 00:00:00+00:00,97.0776136677395,97.0776136677395,97.0776136677395,97.0776136677395,
2017-12-08 00:00:00+00:00,126.425420485222,126.425420485222,126.425420485222,126.425420485222,
2017-12-09 00:00:00+00:00,157.130825694067,157.130825694067,157.130825694067,157.130825694067,
2017-12-10 00:00:00+00:00,149.91303548254,149.91303548254,149.91303548254,149.91303548254,
2017-12-11 00:00:00+00:00,217.038088219198,217.038088219198,217.038088219198,217.038088219198,
2017-12-12 00:00:00+00:00,342.120796823764,342.120796823764,342.120796823764,342.120796823764,
2017-12-13 00:00:00+00:00,307.195859337528,307.195859337528,307.195859337528,307.195859337528,
2017-12-14 00:00:00+00:00,276.903783028549,276.903783028549,276.903783028549,276.903783028549,
2017-12-15 00:00:00+00:00,302.810059206699,302.810059206699,302.810059206699,302.810059206699,
2017-12-16 00:00:00+00:00,299.010074689937,299.010074689937,299.010074689937,299.010074689937,
2017-12-17 00:00:00+00:00,321.877116294337,321.877116294337,321.877116294337,321.877116294337,
2017-12-18 00:00:00+00:00,359.07262925673,359.07262925673,359.07262925673,359.07262925673,
2017-12-19 00:00:00+00:00,348.745340178617,348.745340178617,348.745340178617,348.745340178617,
2017-12-20 00:00:00+00:00,305.197573793135,305.197573793135,305.197573793135,305.197573793135,
2017-12-21 00:00:00+00:00,308.600572528376,308.600572528376,308.600572528376,308.600572528376,
2017-12-22 00:00:00+00:00,269.281446661413,269.281446661413,269.281446661413,269.281446661413,
2017-12-23 00:00:00+00:00,290.283246999634,290.283246999634,290.283246999634,290.283246999634,
2017-12-24 00:00:00+00:00,274.257678661059,274.257678661059,274.257678661059,274.257678661059,
2017-12-25 00:00:00+00:00,269.230464513094,269.230464513094,269.230464513094,269.230464513094,
2017-12-26 00:00:00+00:00,278.188374788544,278.188374788544,278.188374788544,278.188374788544,
2017-12-27 00:00:00+00:00,263.095982357807,263.095982357807,263.095982357807,263.095982357807,
2017-12-28 00:00:00+00:00,247.796903604872,247.796903604872,247.796903604872,247.796903604872,
2017-12-29 00:00:00+00:00,243.880431367358,243.880431367358,243.880431367358,243.880431367358,
2017-12-30 00:00:00+00:00,217.55780150553,217.55780150553,217.55780150553,217.55780150553,
2017-12-31 00:00:00+00:00,229.03527344673,229.03527344673,229.03527344673,229.03527344673,
2018-01-01 00:00:00+00:00,224.817223941702,224.817223941702,224.817223941702,224.817223941702,
2018-01-02 00:00:00+00:00,250.52089510924,250.52089510924,250.52089510924,250.52089510924,
2018-01-03 00:00:00+00:00,243.312843948224,243.312843948224,243.312843948224,243.312843948224,
2018-01-04 00:00:00+00:00,236.355790970386,236.355790970386,236.355790970386,236.355790970386,
2018-01-05 00:00:00+00:00,243.522199069532,243.522199069532,243.522199069532,243.522199069532,
2018-01-06 00:00:00+00:00,278.298882327921,278.298882327921,278.298882327921,278.298882327921,
2018-01-07 00:00:00+00:00,271.739536654928,271.739536654928,271.739536654928,271.739536654928,
2018-01-08 00:00:00+00:00,253.147462784921,253.147462784921,253.147462784921,253.147462784921,
2018-01-09 00:00:00+00:00,245.186071789648,245.186071789648,245.186071789648,245.186071789648,
2018-01-10 00:00:00+00:00,245.862073757587,245.862073757587,245.862073757587,245.862073757587,
2018-01-11 00:00:00+00:00,223.887672710633,223.887672710633,223.887672710633,223.887672710633,
2018-01-12 00:00:00+00:00,234.819813287301,234.819813287301,234.819813287301,234.819813287301,
2018-01-13 00:00:00+00:00,257.258397803211,257.258397803211,257.258397803211,257.258397803211,
2018-01-14 00:00:00+00:00,239.082684388729,239.082684388729,239.082684388729,239.082684388729,
2018-01-15 00:00:00+00:00,232.575926584588,232.575926584588,232.575926584588,232.575926584588,
2018-01-16 00:00:00+00:00,188.938047055828,188.938047055828,188.938047055828,188.938047055828,
2018-01-17 00:00:00+00:00,187.200901159266,187.200901159266,187.200901159266,187.200901159266,
2018-01-18 00:00:00+00:00,191.632631992248,191.632631992248,191.632631992248,191.632631992248,
2018-01-19 00:00:00+00:00,191.823095154179,191.823095154179,191.823095154179,191.823095154179,
2018-01-20 00:00:00+00:00,210.401029411956,210.401029411956,210.401029411956,210.401029411956,
2018-01-21 00:00:00+00:00,189.730933171879,189.730933171879,189.730933171879,189.730933171879,
2018-01-22 00:00:00+00:00,178.208224402851,178.208224402851,178.208224402851,178.208224402851,
2018-01-23 00:00:00+00:00,177.964732344204,177.964732344204,177.964732344204,177.964732344204,
2018-01-24 00:00:00+00:00,179.364256404273,179.364256404273,179.364256404273,179.364256404273,
2018-01-25 00:00:00+00:00,178.877801932029,178.877801932029,178.877801932029,178.877801932029,
2018-01-26 00:00:00+00:00,175.330602195768,175.330602195768,175.330602195768,175.330602195768,
2018-01-27 00:00:00+00:00,179.312606960357,179.312606960357,179.312606960357,179.312606960357,
2018-01-28 00:00:00+00:00,191.430220792839,191.430220792839,191.430220792839,191.430220792839,
2018-01-29 00:00:00+00:00,179.37697628745,179.37697628745,179.37697628745,179.37697628745,
2018-01-30 00:00:00+00:00,163.640812451525,163.640812451525,163.640812451525,163.640812451525,
2018-01-31 00:00:00+00:00,160.959500680466,160.959500680466,160.959500680466,160.959500680466,
2018-02-01 00:00:00+00:00,141.184088210593,141.184088210593,141.184088210593,141.184088210593,
2018-02-02 00:00:00+00:00,130.603491471987,130.603491471987,130.603491471987,130.603491471987,
2018-02-03 00:00:00+00:00,157.100198870068,157.100198870068,157.100198870068,157.100198870068,
2018-02-04 00:00:00+00:00,149.373604722595,149.373604722595,149.373604722595,149.373604722595,
2018-02-05 00:00:00+00:00,124.362469159974,124.362469159974,124.362469159974,124.362469159974,
2018-02-06 00:00:00+00:00,143.090896872154,143.090896872154,143.090896872154,143.090896872154,
2018-02-07 00:00:00+00:00,138.550625204593,138.550625204593,138.550625204593,138.550625204593,
2018-02-08 00:00:00+00:00,148.956690546532,148.956690546532,148.956690546532,148.956690546532,
2018-02-09 00:00:00+00:00,162.326772955935,162.326772955935,162.326772955935,162.326772955935,
2018-02-10 00:00:00+00:00,155.002861841779,155.002861841779,155.002861841779,155.002861841779,
2018-02-11 00:00:00+00:00,150.159758018205,150.159758018205,150.159758018205,150.159758018205,
2018-02-12 00:00:00+00:00,161.880731687213,161.880731687213,161.880731687213,161.880731687213,
2018-02-13 00:00:00+00:00,158.693864739222,158.693864739222,158.693864739222,158.693864739222,
2018-02-14 00:00:00+00:00,212.858959858422,212.858959858422,212.858959858422,212.858959858422,
2018-02-15 00:00:00+00:00,222.407887508017,222.407887508017,222.407887508017,222.407887508017,
2018-02-16 00:00:00+00:00,229.013808083283,229.013808083283,229.013808083283,229.013808083283,
2018-02-17 00:00:00+00:00,229.433352286562,229.433352286562,229.433352286562,229.433352286562,
2018-02-18 00:00:00+00:00,214.821633670439,214.821633670439,214.821633670439,214.821633670439,
2018-02-19 00:00:00+00:00,221.642902044735,221.642902044735,221.642902044735,221.642902044735,
2018-02-20 00:00:00+00:00,229.484258284412,229.484258284412,229.484258284412,229.484258284412,
2018-02-21 00:00:00+00:00,210.711725105495,210.711725105495,210.711725105495,210.711725105495,
2018-02-22 00:00:00+00:00,194.128871678134,194.128871678134,194.128871678134,194.128871678134,
2018-02-23 00:00:00+00:00,207.27976845307,207.27976845307,207.27976845307,207.27976845307,
2018-02-24 00:00:00+00:00,206.092393256097,206.092393256097,206.092393256097,206.092393256097,
2018-02-25 00:00:00+00:00,217.572965717028,217.572965717028,217.572965717028,217.572965717028,
2018-02-26 00:00:00+00:00,218.842562901511,218.842562901511,218.842562901511,218.842562901511,
2018-02-27 00:00:00+00:00,215.625596098695,215.625596098695,215.625596098695,215.625596098695,
2018-02-28 00:00:00+00:00,202.408565780345,202.408565780345,202.408565780345,202.408565780345,
2018-03-01 00:00:00+00:00,209.268883483766,209.268883483766,209.268883483766,209.268883483766,
2018-03-02 00:00:00+00:00,210.513789218557,210.513789218557,210.513789218557,210.513789218557,
2018-03-03 00:00:00+00:00,210.141015986598,210.141015986598,210.141015986598,210.141015986598,
2018-03-04 00:00:00+00:00,212.266749460853,212.266749460853,212.266749460853,212.266749460853,
2018-03-05 00:00:00+00:00,210.767825089176,210.767825089176,210.767825089176,210.767825089176,
2018-03-06 00:00:00+00:00,195.944181117965,195.944181117965,195.944181117965,195.944181117965,
2018-03-07 00:00:00+00:00,185.887516768859,185.887516768859,185.887516768859,185.887516768859,
2018-03-08 00:00:00+00:00,176.321183689984,176.321183689984,176.321183689984,176.321183689984,
2018-03-09 00:00:00+00:00,186.752871447147,186.752871447147,186.752871447147,186.752871447147,
2018-03-10 00:00:00+00:00,177.667481665012,177.667481665012,177.667481665012,177.667481665012,
2018-03-11 00:00:00+00:00,187.846217233864,187.846217233864,187.846217233864,187.846217233864,
2018-03-12 00:00:00+00:00,178.648995420504,178.648995420504,178.648995420504,178.648995420504,
2018-03-13 00:00:00+00:00,175.721378805392,175.721378805392,175.721378805392,175.721378805392,
2018-03-14 00:00:00+00:00,160.902820981768,160.902820981768,160.902820981768,160.902820981768,
2018-03-15 00:00:00+00:00,164.701304578563,164.701304578563,164.701304578563,164.701304578563,
2018-03-16 00:00:00+00:00,166.161816907622,166.161816907622,166.161816907622,166.161816907622,
2018-03-17 00:00:00+00:00,152.891359898531,152.891359898531,152.891359898531,152.891359898531,
2018-03-18 00:00:00+00:00,153.69999515973,153.69999515973,153.69999515973,153.69999515973,
2018-03-19 00:00:00+00:00,159.938320137947,159.938320137947,159.938320137947,159.938320137947,
2018-03-20 00:00:00+00:00,168.42747353792,168.42747353792,168.42747353792,168.42747353792,
2018-03-21 00:00:00+00:00,168.041747454981,168.041747454981,168.041747454981,168.041747454981,
2018-03-22 00:00:00+00:00,163.695333177961,163.695333177961,163.695333177961,163.695333177961,
2018-03-23 00:00:00+00:00,166.595142770783,166.595142770783,166.595142770783,166.595142770783,
2018-03-24 00:00:00+00:00,159.993772938765,159.993772938765,159.993772938765,159.993772938765,
2018-03-25 00:00:00+00:00,159.918001936249,159.918001936249,159.918001936249,159.918001936249,
2018-03-26 00:00:00+00:00,149.184947287124,149.184947287124,149.184947287124,149.184947287124,
2018-03-27 00:00:00+00:00,136.319414747976,136.319414747976,136.319414747976,136.319414747976,
2018-03-28 00:00:00+00:00,131.284918869867,131.284918869867,131.284918869867,131.284918869867,
2018-03-29 00:00:00+00:00,115.6617471196,115.6617471196,115.6617471196,115.6617471196,
2018-03-30 00:00:00+00:00,118.263547819808,118.263547819808,118.263547819808,118.263547819808,
2018-03-31 00:00:00+00:00,116.087309016232,116.087309016232,116.087309016232,116.087309016232,
2018-04-01 00:00:00+00:00,114.628859257421,114.628859257421,114.628859257421,114.628859257421,
2018-04-02 00:00:00+00:00,118.626651395473,118.626651395473,118.626651395473,118.626651395473,
2018-04-03 00:00:00+00:00,134.187607567913,134.187607567913,134.187607567913,134.187607567913,
2018-04-04 00:00:00+00:00,118.048879866001,118.048879866001,118.048879866001,118.048879866001,
2018-04-05 00:00:00+00:00,119.190740746955,119.190740746955,119.190740746955,119.190740746955,
2018-04-06 00:00:00+00:00,112.991340812058,112.991340812058,112.991340812058,112.991340812058,
2018-04-07 00:00:00+00:00,115.790999882989,115.790999882989,115.790999882989,115.790999882989,
2018-04-08 00:00:00+00:00,117.525173297459,117.525173297459,117.525173297459,117.525173297459,
2018-04-09 00:00:00+00:00,114.51546477159,114.51546477159,114.51546477159,114.51546477159,
2018-04-10 00:00:00+00:00,113.993565130512,113.993565130512,113.993565130512,113.993565130512,
2018-04-11 00:00:00+00:00,117.279986372662,117.279986372662,117.279986372662,117.279986372662,
2018-04-12 00:00:00+00:00,129.349939260336,129.349939260336,129.349939260336,129.349939260336,
2018-04-13 00:00:00+00:00,126.101532735581,126.101532735581,126.101532735581,126.101532735581,
2018-04-14 00:00:00+00:00,126.468912184743,126.468912184743,126.468912184743,126.468912184743,
2018-04-15 00:00:00+00:00,132.253878376368,132.253878376368,132.253878376368,132.253878376368,
2018-04-16 00:00:00+00:00,128.507759631739,128.507759631739,128.507759631739,128.507759631739,
2018-04-17 00:00:00+00:00,132.904505958305,132.904505958305,132.904505958305,132.904505958305,
2018-04-18 00:00:00+00:00,140.447703268296,140.447703268296,140.447703268296,140.447703268296,
2018-04-19 00:00:00+00:00,146.127476268894,146.127476268894,146.127476268894,146.127476268894,
2018-04-20 00:00:00+00:00,155.620276695215,155.620276695215,155.620276695215,155.620276695215,
2018-04-21 00:00:00+00:00,148.143904436457,148.143904436457,148.143904436457,148.143904436457,
2018-04-22 00:00:00+00:00,146.841616806718,146.841616806718,146.841616806718,146.841616806718,
2018-04-23 00:00:00+00:00,152.070805939488,152.070805939488,152.070805939488,152.070805939488,
2018-04-24 00:00:00+00:00,165.305886721445,165.305886721445,165.305886721445,165.305886721445,
2018-04-25 00:00:00+00:00,144.931746390304,144.931746390304,144.931746390304,144.931746390304,
2018-04-26 00:00:00+00:00,153.803663531753,153.803663531753,153.803663531753,153.803663531753,
2018-04-27 00:00:00+00:00,146.36842751086,146.36842751086,146.36842751086,146.36842751086,
2018-04-28 00:00:00+00:00,151.923743928437,151.923743928437,151.923743928437,151.923743928437,
2018-04-29 00:00:00+00:00,153.347491399849,153.347491399849,153.347491399849,153.347491399849,
2018-04-30 00:00:00+00:00,148.04890718879,148.04890718879,148.04890718879,148.04890718879,
2018-05-01 00:00:00+00:00,147.990156165236,147.990156165236,147.990156165236,147.990156165236,
2018-05-02 00:00:00+00:00,151.169924465226,151.169924465226,151.169924465226,151.169924465226,
2018-05-03 00:00:00+00:00,161.247604953236,161.247604953236,161.247604953236,161.247604953236,
2018-05-04 00:00:00+00:00,169.151074345046,169.151074345046,169.151074345046,169.151074345046,
2018-05-05 00:00:00+00:00,177.339112859731,177.339112859731,177.339112859731,177.339112859731,
2018-05-06 00:00:00+00:00,171.317601264695,171.317601264695,171.317601264695,171.317601264695,
2018-05-07 00:00:00+00:00,164.124189199841,164.124189199841,164.124189199841,164.124189199841,
2018-05-08 00:00:00+00:00,159.463222982928,159.463222982928,159.463222982928,159.463222982928,
2018-05-09 00:00:00+00:00,156.541277966004,156.541277966004,156.541277966004,156.541277966004,
2018-05-10 00:00:00+00:00,149.147775979038,149.147775979038,149.147775979038,149.147775979038,
2018-05-11 00:00:00+00:00,136.849904486082,136.849904486082,136.849904486082,136.849904486082,
2018-05-12 00:00:00+00:00,142.144207897643,142.144207897643,142.144207897643,142.144207897643,
2018-05-13 00:00:00+00:00,144.685616010495,144.685616010495,144.685616010495,144.685616010495,
2018-05-14 00:00:00+00:00,147.397849009702,147.397849009702,147.397849009702,147.397849009702,
2018-05-15 00:00:00+00:00,139.515979924371,139.515979924371,139.515979924371,139.515979924371,
2018-05-16 00:00:00+00:00,138.958376167905,138.958376167905,138.958376167905,138.958376167905,
2018-05-17 00:00:00+00:00,132.317757093371,132.317757093371,132.317757093371,132.317757093371,
2018-05-18 00:00:00+00:00,135.88750469823,135.88750469823,135.88750469823,135.88750469823,
2018-05-19 00:00:00+00:00,134.674392791222,134.674392791222,134.674392791222,134.674392791222,
2018-05-20 00:00:00+00:00,139.123795088676,139.123795088676,139.123795088676,139.123795088676,
2018-05-21 00:00:00+00:00,134.617103435411,134.617103435411,134.617103435411,134.617103435411,
2018-05-22 00:00:00+00:00,128.343848135077,128.343848135077,128.343848135077,128.343848135077,
2018-05-23 00:00:00+00:00,118.820941473555,118.820941473555,118.820941473555,118.820941473555,
2018-05-24 00:00:00+00:00,122.860123134549,122.860123134549,122.860123134549,122.860123134549,
2018-05-25 00:00:00+00:00,118.255793377571,118.255793377571,118.255793377571,118.255793377571,
2018-05-26 00:00:00+00:00,118.133975506004,118.133975506004,118.133975506004,118.133975506004,
2018-05-27 00:00:00+00:00,117.673325482063,117.673325482063,117.673325482063,117.673325482063,
2018-05-28 00:00:00+00:00,111.022463516678,111.022463516678,111.022463516678,111.022463516678,
2018-05-29 00:00:00+00:00,119.38791457248,119.38791457248,119.38791457248,119.38791457248,
2018-05-30 00:00:00+00:00,117.238682900548,117.238682900548,117.238682900548,117.238682900548,
2018-05-31 00:00:00+00:00,118.026844467697,118.026844467697,118.026844467697,118.026844467697,
2018-06-01 00:00:00+00:00,119.946189754747,119.946189754747,119.946189754747,119.946189754747,
2018-06-02 00:00:00+00:00,123.317369406537,123.317369406537,123.317369406537,123.317369406537,
2018-06-03 00:00:00+00:00,125.026493630578,125.026493630578,125.026493630578,125.026493630578,
2018-06-04 00:00:00+00:00,119.506046476253,119.506046476253,119.506046476253,119.506046476253,
2018-06-05 00:00:00+00:00,121.817438870842,121.817438870842,121.817438870842,121.817438870842,
2018-06-06 00:00:00+00:00,121.237579755284,121.237579755284,121.237579755284,121.237579755284,
2018-06-07 00:00:00+00:00,121.340893042694,121.340893042694,121.340893042694,121.340893042694,
2018-06-08 00:00:00+00:00,119.956218008314,119.956218008314,119.956218008314,119.956218008314,
2018-06-09 00:00:00+00:00,117.884742390275,117.884742390275,117.884742390275,117.884742390275,
2018-06-10 00:00:00+00:00,106.243351623283,106.243351623283,106.243351623283,106.243351623283,
2018-06-11 00:00:00+00:00,106.82226567958,106.82226567958,106.82226567958,106.82226567958,
2018-06-12 00:00:00+00:00,99.3025773387117,99.3025773387117,99.3025773387117,99.3025773387117,
2018-06-13 00:00:00+00:00,93.5163083771874,93.5163083771874,93.5163083771874,93.5163083771874,
2018-06-14 00:00:00+00:00,100.476349239086,100.476349239086,100.476349239086,100.476349239086,
2018-06-15 00:00:00+00:00,95.3661235180864,95.3661235180864,95.3661235180864,95.3661235180864,
2018-06-16 00:00:00+00:00,96.5368886437366,96.5368886437366,96.5368886437366,96.5368886437366,
2018-06-17 00:00:00+00:00,94.9656598486225,94.9656598486225,94.9656598486225,94.9656598486225,
2018-06-18 00:00:00+00:00,98.582476279477,98.582476279477,98.582476279477,98.582476279477,
2018-06-19 00:00:00+00:00,98.5222920955673,98.5222920955673,98.5222920955673,98.5222920955673,
2018-06-20 00:00:00+00:00,97.7864539699273,97.7864539699273,97.7864539699273,97.7864539699273,
2018-06-21 00:00:00+00:00,96.6845504287697,96.6845504287697,96.6845504287697,96.6845504287697,
2018-06-22 00:00:00+00:00,85.0369148253909,85.0369148253909,85.0369148253909,85.0369148253909,
2018-06-23 00:00:00+00:00,83.0378906328051,83.0378906328051,83.0378906328051,83.0378906328051,
2018-06-24 00:00:00+00:00,80.7332657079108,80.7332657079108,80.7332657079108,80.7332657079108,
2018-06-25 00:00:00+00:00,81.6371550011033,81.6371550011033,81.6371550011033,81.6371550011033,
2018-06-26 00:00:00+00:00,76.2311700168447,76.2311700168447,76.2311700168447,76.2311700168447,
2018-06-27 00:00:00+00:00,80.7431876723357,80.7431876723357,80.7431876723357,80.7431876723357,
2018-06-28 00:00:00+00:00,74.5329645994328,74.5329645994328,74.5329645994328,74.5329645994328,
2018-06-29 00:00:00+00:00,79.5473635618612,79.5473635618612,79.5473635618612,79.5473635618612,
2018-06-30 00:00:00+00:00,80.7568393352382,80.7568393352382,80.7568393352382,80.7568393352382,
2018-07-01 00:00:00+00:00,79.8942987280615,79.8942987280615,79.8942987280615,79.8942987280615,
2018-07-02 00:00:00+00:00,85.4421537368367,85.4421537368367,85.4421537368367,85.4421537368367,
2018-07-03 00:00:00+00:00,84.8165594731547,84.8165594731547,84.8165594731547,84.8165594731547,
2018-07-04 00:00:00+00:00,85.3319573302771,85.3319573302771,85.3319573302771,85.3319573302771,
2018-07-05 00:00:00+00:00,83.1560969614995,83.1560969614995,83.1560969614995,83.1560969614995,
2018-07-06 00:00:00+00:00,82.9609530960151,82.9609530960151,82.9609530960151,82.9609530960151,
2018-07-07 00:00:00+00:00,84.0935203513766,84.0935203513766,84.0935203513766,84.0935203513766,
2018-07-08 00:00:00+00:00,82.3045223542629,82.3045223542629,82.3045223542629,82.3045223542629,
2018-07-09 00:00:00+00:00,80.4489478278314,80.4489478278314,80.4489478278314,80.4489478278314,
2018-07-10 00:00:00+00:00,75.7209804827316,75.7209804827316,75.7209804827316,75.7209804827316,
2018-07-11 00:00:00+00:00,78.0722846916155,78.0722846916155,78.0722846916155,78.0722846916155,
2018-07-12 00:00:00+00:00,75.6785246938767,75.6785246938767,75.6785246938767,75.6785246938767,
2018-07-13 00:00:00+00:00,76.4411561585408,76.4411561585408,76.4411561585408,76.4411561585408,
2018-07-14 00:00:00+00:00,76.2321622444649,76.2321622444649,76.2321622444649,76.2321622444649,
2018-07-15 00:00:00+00:00,78.3083871571588,78.3083871571588,78.3083871571588,78.3083871571588,
2018-07-16 00:00:00+00:00,83.4380087413971,83.4380087413971,83.4380087413971,83.4380087413971,
2018-07-17 00:00:00+00:00,88.980402730847,88.980402730847,88.980402730847,88.980402730847,
2018-07-18 00:00:00+00:00,86.3878933213263,86.3878933213263,86.3878933213263,86.3878933213263,
2018-07-19 00:00:00+00:00,86.0879331737222,86.0879331737222,86.0879331737222,86.0879331737222,
2018-07-20 00:00:00+00:00,81.7015357578887,81.7015357578887,81.7015357578887,81.7015357578887,
2018-07-21 00:00:00+00:00,83.6488123382284,83.6488123382284,83.6488123382284,83.6488123382284,
2018-07-22 00:00:00+00:00,82.2446074227504,82.2446074227504,82.2446074227504,82.2446074227504,
2018-07-23 00:00:00+00:00,81.4164735082705,81.4164735082705,81.4164735082705,81.4164735082705,
2018-07-24 00:00:00+00:00,89.0793022009744,89.0793022009744,89.0793022009744,89.0793022009744,
2018-07-25 00:00:00+00:00,86.5818104840288,86.5818104840288,86.5818104840288,86.5818104840288,
2018-07-26 00:00:00+00:00,83.3201040843146,83.3201040843146,83.3201040843146,83.3201040843146,
2018-07-27 00:00:00+00:00,84.4349384940137,84.4349384940137,84.4349384940137,84.4349384940137,
2018-07-28 00:00:00+00:00,83.8444231993277,83.8444231993277,83.8444231993277,83.8444231993277,
2018-07-29 00:00:00+00:00,84.0014989224588,84.0014989224588,84.0014989224588,84.0014989224588,
2018-07-30 00:00:00+00:00,82.1667197439979,82.1667197439979,82.1667197439979,82.1667197439979,
2018-07-31 00:00:00+00:00,78.6732701099962,78.6732701099962,78.6732701099962,78.6732701099962,
2018-08-01 00:00:00+00:00,77.5656731330169,77.5656731330169,77.5656731330169,77.5656731330169,
2018-08-02 00:00:00+00:00,76.2060484146174,76.2060484146174,76.2060484146174,76.2060484146174,
2018-08-03 00:00:00+00:00,77.5946806465515,77.5946806465515,77.5946806465515,77.5946806465515,
2018-08-04 00:00:00+00:00,73.0418796824918,73.0418796824918,73.0418796824918,73.0418796824918,
2018-08-05 00:00:00+00:00,74.5859382372326,74.5859382372326,74.5859382372326,74.5859382372326,
2018-08-06 00:00:00+00:00,73.6415425086449,73.6415425086449,73.6415425086449,73.6415425086449,
2018-08-07 00:00:00+00:00,67.7550512732558,67.7550512732558,67.7550512732558,67.7550512732558,
2018-08-08 00:00:00+00:00,62.0471875760026,62.0471875760026,62.0471875760026,62.0471875760026,
2018-08-09 00:00:00+00:00,63.5799424151142,63.5799424151142,63.5799424151142,63.5799424151142,
2018-08-10 00:00:00+00:00,58.927880217966,58.927880217966,58.927880217966,58.927880217966,
2018-08-11 00:00:00+00:00,58.5254479997816,58.5254479997816,58.5254479997816,58.5254479997816,
2018-08-12 00:00:00+00:00,59.3201886390667,59.3201886390667,59.3201886390667,59.3201886390667,
2018-08-13 00:00:00+00:00,56.5979239434606,56.5979239434606,56.5979239434606,56.5979239434606,
2018-08-14 00:00:00+00:00,53.9794902843111,53.9794902843111,53.9794902843111,53.9794902843111,
2018-08-15 00:00:00+00:00,54.3750807123335,54.3750807123335,54.3750807123335,54.3750807123335,
2018-08-16 00:00:00+00:00,55.0368322916056,55.0368322916056,55.0368322916056,55.0368322916056,
2018-08-17 00:00:00+00:00,61.2634980623618,61.2634980623618,61.2634980623618,61.2634980623618,
2018-08-18 00:00:00+00:00,57.2415582417945,57.2415582417945,57.2415582417945,57.2415582417945,
2018-08-19 00:00:00+00:00,57.9061778289499,57.9061778289499,57.9061778289499,57.9061778289499,
2018-08-20 00:00:00+00:00,53.6060371550627,53.6060371550627,53.6060371550627,53.6060371550627,
2018-08-21 00:00:00+00:00,56.4880545035921,56.4880545035921,56.4880545035921,56.4880545035921,
2018-08-22 00:00:00+00:00,55.1794755020279,55.1794755020279,55.1794755020279,55.1794755020279,
2018-08-23 00:00:00+00:00,57.148438923055,57.148438923055,57.148438923055,57.148438923055,
2018-08-24 00:00:00+00:00,57.9073034737804,57.9073034737804,57.9073034737804,57.9073034737804,
2018-08-25 00:00:00+00:00,57.889339967451,57.889339967451,57.889339967451,57.889339967451,
2018-08-26 00:00:00+00:00,56.8674544856384,56.8674544856384,56.8674544856384,56.8674544856384,
2018-08-27 00:00:00+00:00,60.2718635289647,60.2718635289647,60.2718635289647,60.2718635289647,
2018-08-28 00:00:00+00:00,63.3297580368089,63.3297580368089,63.3297580368089,63.3297580368089,
2018-08-29 00:00:00+00:00,61.4966083502088,61.4966083502088,61.4966083502088,61.4966083502088,
2018-08-30 00:00:00+00:00,60.0253272053564,60.0253272053564,60.0253272053564,60.0253272053564,
2018-08-31 00:00:00+00:00,62.1095630725427,62.1095630725427,62.1095630725427,62.1095630725427,
2018-09-01 00:00:00+00:00,66.2803406279616,66.2803406279616,66.2803406279616,66.2803406279616,
2018-09-02 00:00:00+00:00,66.1308481356612,66.1308481356612,66.1308481356612,66.1308481356612,
2018-09-03 00:00:00+00:00,65.3529086999781,65.3529086999781,65.3529086999781,65.3529086999781,
2018-09-04 00:00:00+00:00,67.7224751378735,67.7224751378735,67.7224751378735,67.7224751378735,
2018-09-05 00:00:00+00:00,58.7046083802418,58.7046083802418,58.7046083802418,58.7046083802418,
2018-09-06 00:00:00+00:00,57.3157376729554,57.3157376729554,57.3157376729554,57.3157376729554,
2018-09-07 00:00:00+00:00,55.8450652765132,55.8450652765132,55.8450652765132,55.8450652765132,
2018-09-08 00:00:00+00:00,53.0754678606272,53.0754678606272,53.0754678606272,53.0754678606272,
2018-09-09 00:00:00+00:00,54.7950945820333,54.7950945820333,54.7950945820333,54.7950945820333,
2018-09-10 00:00:00+00:00,54.068087993437,54.068087993437,54.068087993437,54.068087993437,
2018-09-11 00:00:00+00:00,51.7455420135678,51.7455420135678,51.7455420135678,51.7455420135678,
2018-09-12 00:00:00+00:00,51.6851514056047,51.6851514056047,51.6851514056047,51.6851514056047,
2018-09-13 00:00:00+00:00,54.69009421429,54.69009421429,54.69009421429,54.69009421429,
2018-09-14 00:00:00+00:00,56.8167317058163,56.8167317058163,56.8167317058163,56.8167317058163,
2018-09-15 00:00:00+00:00,56.6153766438249,56.6153766438249,56.6153766438249,56.6153766438249,
2018-09-16 00:00:00+00:00,56.8384665992689,56.8384665992689,56.8384665992689,56.8384665992689,
2018-09-17 00:00:00+00:00,52.2442917267553,52.2442917267553,52.2442917267553,52.2442917267553,
2018-09-18 00:00:00+00:00,54.1232611557572,54.1232611557572,54.1232611557572,54.1232611557572,
2018-09-19 00:00:00+00:00,54.105018866014,54.105018866014,54.105018866014,54.105018866014,
2018-09-20 00:00:00+00:00,56.5542400542217,56.5542400542217,56.5542400542217,56.5542400542217,
2018-09-21 00:00:00+00:00,60.7824111255352,60.7824111255352,60.7824111255352,60.7824111255352,
2018-09-22 00:00:00+00:00,60.4930970363573,60.4930970363573,60.4930970363573,60.4930970363573,
2018-09-23 00:00:00+00:00,61.5298562367324,61.5298562367324,61.5298562367324,61.5298562367324,
2018-09-24 00:00:00+00:00,57.8868560369727,57.8868560369727,57.8868560369727,57.8868560369727,
2018-09-25 00:00:00+00:00,57.3402143663939,57.3402143663939,57.3402143663939,57.3402143663939,
2018-09-26 00:00:00+00:00,57.2937069311568,57.2937069311568,57.2937069311568,57.2937069311568,
2018-09-27 00:00:00+00:00,63.148056537894,63.148056537894,63.148056537894,63.148056537894,
2018-09-28 00:00:00+00:00,61.7965899603029,61.7965899603029,61.7965899603029,61.7965899603029,
2018-09-29 00:00:00+00:00,61.4648185789793,61.4648185789793,61.4648185789793,61.4648185789793,
2018-09-30 00:00:00+00:00,61.0281947826419,61.0281947826419,61.0281947826419,61.0281947826419,
2018-10-01 00:00:00+00:00,60.0140053279579,60.0140053279579,60.0140053279579,60.0140053279579,
2018-10-02 00:00:00+00:00,59.3874909713069,59.3874909713069,59.3874909713069,59.3874909713069,
2018-10-03 00:00:00+00:00,57.17542294938,57.17542294938,57.17542294938,57.17542294938,
2018-10-04 00:00:00+00:00,58.0038518460271,58.0038518460271,58.0038518460271,58.0038518460271,
2018-10-05 00:00:00+00:00,58.5163373180585,58.5163373180585,58.5163373180585,58.5163373180585,
2018-10-06 00:00:00+00:00,57.5832903716843,57.5832903716843,57.5832903716843,57.5832903716843,
2018-10-07 00:00:00+00:00,57.9082288598552,57.9082288598552,57.9082288598552,57.9082288598552,
2018-10-08 00:00:00+00:00,59.1458433721133,59.1458433721133,59.1458433721133,59.1458433721133,
2018-10-09 00:00:00+00:00,58.4179388177846,58.4179388177846,58.4179388177846,58.4179388177846,
2018-10-10 00:00:00+00:00,57.4280777431805,57.4280777431805,57.4280777431805,57.4280777431805,
2018-10-11 00:00:00+00:00,50.7574061958862,50.7574061958862,50.7574061958862,50.7574061958862,
2018-10-12 00:00:00+00:00,52.9852085801042,52.9852085801042,52.9852085801042,52.9852085801042,
2018-10-13 00:00:00+00:00,52.8527067810508,52.8527067810508,52.8527067810508,52.8527067810508,
2018-10-14 00:00:00+00:00,51.3759689953656,51.3759689953656,51.3759689953656,51.3759689953656,
2018-10-15 00:00:00+00:00,53.5943308728589,53.5943308728589,53.5943308728589,53.5943308728589,
2018-10-16 00:00:00+00:00,53.0856450162613,53.0856450162613,53.0856450162613,53.0856450162613,
2018-10-17 00:00:00+00:00,52.8026700928216,52.8026700928216,52.8026700928216,52.8026700928216,
2018-10-18 00:00:00+00:00,51.7163545453888,51.7163545453888,51.7163545453888,51.7163545453888,
2018-10-19 00:00:00+00:00,52.4370873191954,52.4370873191954,52.4370873191954,52.4370873191954,
2018-10-20 00:00:00+00:00,52.8389836080736,52.8389836080736,52.8389836080736,52.8389836080736,
2018-10-21 00:00:00+00:00,52.2037288646838,52.2037288646838,52.2037288646838,52.2037288646838,
2018-10-22 00:00:00+00:00,51.734075044345,51.734075044345,51.734075044345,51.734075044345,
2018-10-23 00:00:00+00:00,52.0892006446675,52.0892006446675,52.0892006446675,52.0892006446675,
2018-10-24 00:00:00+00:00,51.8477327376298,51.8477327376298,51.8477327376298,51.8477327376298,
2018-10-25 00:00:00+00:00,51.7844951529331,51.7844951529331,51.7844951529331,51.7844951529331,
2018-10-26 00:00:00+00:00,51.5936570185655,51.5936570185655,51.5936570185655,51.5936570185655,
2018-10-27 00:00:00+00:00,51.4947588183618,51.4947588183618,51.4947588183618,51.4947588183618,
2018-10-28 00:00:00+00:00,51.3622392987575,51.3622392987575,51.3622392987575,51.3622392987575,
2018-10-29 00:00:00+00:00,48.6648692871507,48.6648692871507,48.6648692871507,48.6648692871507,
2018-10-30 00:00:00+00:00,48.9092491653263,48.9092491653263,48.9092491653263,48.9092491653263,
2018-10-31 00:00:00+00:00,49.4558908709903,49.4558908709903,49.4558908709903,49.4558908709903,
2018-11-01 00:00:00+00:00,50.1080857054919,50.1080857054919,50.1080857054919,50.1080857054919,
2018-11-02 00:00:00+00:00,51.0868335134108,51.0868335134108,51.0868335134108,51.0868335134108,
2018-11-03 00:00:00+00:00,50.6243121698395,50.6243121698395,50.6243121698395,50.6243121698395,
2018-11-04 00:00:00+00:00,53.8970711988914,53.8970711988914,53.8970711988914,53.8970711988914,
2018-11-05 00:00:00+00:00,53.2824207980315,53.2824207980315,53.2824207980315,53.2824207980315,
2018-11-06 00:00:00+00:00,55.5231066581782,55.5231066581782,55.5231066581782,55.5231066581782,
2018-11-07 00:00:00+00:00,53.7593983893996,53.7593983893996,53.7593983893996,53.7593983893996,
2018-11-08 00:00:00+00:00,52.0629881618329,52.0629881618329,52.0629881618329,52.0629881618329,
2018-11-09 00:00:00+00:00,51.513118173873,51.513118173873,51.513118173873,51.513118173873,
2018-11-10 00:00:00+00:00,51.801726198649,51.801726198649,51.801726198649,51.801726198649,
2018-11-11 00:00:00+00:00,50.5409713191001,50.5409713191001,50.5409713191001,50.5409713191001,
2018-11-12 00:00:00+00:00,50.1688431634088,50.1688431634088,50.1688431634088,50.1688431634088,
2018-11-13 00:00:00+00:00,48.9126060937849,48.9126060937849,48.9126060937849,48.9126060937849,
2018-11-14 00:00:00+00:00,42.5640083825196,42.5640083825196,42.5640083825196,42.5640083825196,
2018-11-15 00:00:00+00:00,43.2106314684563,43.2106314684563,43.2106314684563,43.2106314684563,
2018-11-16 00:00:00+00:00,41.6484799624689,41.6484799624689,41.6484799624689,41.6484799624689,
2018-11-17 00:00:00+00:00,41.4839201905027,41.4839201905027,41.4839201905027,41.4839201905027,
2018-11-18 00:00:00+00:00,41.7247979286353,41.7247979286353,41.7247979286353,41.7247979286353,
2018-11-19 00:00:00+00:00,36.1089883145887,36.1089883145887,36.1089883145887,36.1089883145887,
2018-11-20 00:00:00+00:00,32.135401754473,32.135401754473,32.135401754473,32.135401754473,
2018-11-21 00:00:00+00:00,34.1472030683881,34.1472030683881,34.1472030683881,34.1472030683881,
2018-11-22 00:00:00+00:00,31.8237826963713,31.8237826963713,31.8237826963713,31.8237826963713,
2018-11-23 00:00:00+00:00,31.7783079176252,31.7783079176252,31.7783079176252,31.7783079176252,
2018-11-24 00:00:00+00:00,28.7105859701656,28.7105859701656,28.7105859701656,28.7105859701656,
2018-11-25 00:00:00+00:00,30.4537332507175,30.4537332507175,30.4537332507175,30.4537332507175,
2018-11-26 00:00:00+00:00,28.911148708649,28.911148708649,28.911148708649,28.911148708649,
2018-11-27 00:00:00+00:00,30.8380572929407,30.8380572929407,30.8380572929407,30.8380572929407,
2018-11-28 00:00:00+00:00,34.159751925243,34.159751925243,34.159751925243,34.159751925243,
2018-11-29 00:00:00+00:00,33.4913459309177,33.4913459309177,33.4913459309177,33.4913459309177,
2018-11-30 00:00:00+00:00,31.6219369833635,31.6219369833635,31.6219369833635,31.6219369833635,
2018-12-01 00:00:00+00:00,33.762602108851,33.762602108851,33.762602108851,33.762602108851,
2018-12-02 00:00:00+00:00,33.2709482777548,33.2709482777548,33.2709482777548,33.2709482777548,
2018-12-03 00:00:00+00:00,30.6282260025414,30.6282260025414,30.6282260025414,30.6282260025414,
2018-12-04 00:00:00+00:00,30.6671650908347,30.6671650908347,30.6671650908347,30.6671650908347,
2018-12-05 00:00:00+00:00,28.849609912454,28.849609912454,28.849609912454,28.849609912454,
2018-12-06 00:00:00+00:00,26.4989939027311,26.4989939027311,26.4989939027311,26.4989939027311,
2018-12-07 00:00:00+00:00,24.7874493175822,24.7874493175822,24.7874493175822,24.7874493175822,
2018-12-08 00:00:00+00:00,24.2497213803298,24.2497213803298,24.2497213803298,24.2497213803298,
2018-12-09 00:00:00+00:00,25.343089069893,25.343089069893,25.343089069893,25.343089069893,
2018-12-10 00:00:00+00:00,24.0466751023891,24.0466751023891,24.0466751023891,24.0466751023891,
2018-12-11 00:00:00+00:00,23.2571445775333,23.2571445775333,23.2571445775333,23.2571445775333,
2018-12-12 00:00:00+00:00,23.9915556918707,23.9915556918707,23.9915556918707,23.9915556918707,
2018-12-13 00:00:00+00:00,22.8561172882366,22.8561172882366,22.8561172882366,22.8561172882366,
2018-12-14 00:00:00+00:00,23.1585522971493,23.1585522971493,23.1585522971493,23.1585522971493,
2018-12-15 00:00:00+00:00,23.4264407148814,23.4264407148814,23.4264407148814,23.4264407148814,
2018-12-16 00:00:00+00:00,25.2443170851702,25.2443170851702,25.2443170851702,25.2443170851702,
2018-12-17 00:00:00+00:00,28.8854726049359,28.8854726049359,28.8854726049359,28.8854726049359,
2018-12-18 00:00:00+00:00,29.8850788576405,29.8850788576405,29.8850788576405,29.8850788576405,
2018-12-19 00:00:00+00:00,29.1737867604209,29.1737867604209,29.1737867604209,29.1737867604209,
2018-12-20 00:00:00+00:00,32.2171646182046,32.2171646182046,32.2171646182046,32.2171646182046,
2018-12-21 00:00:00+00:00,30.1870116848298,30.1870116848298,30.1870116848298,30.1870116848298,
2018-12-22 00:00:00+00:00,31.4087908657103,31.4087908657103,31.4087908657103,31.4087908657103,
2018-12-23 00:00:00+00:00,33.1538135161328,33.1538135161328,33.1538135161328,33.1538135161328,
2018-12-24 00:00:00+00:00,33.5983041826901,33.5983041826901,33.5983041826901,33.5983041826901,
2018-12-25 00:00:00+00:00,30.5942016975256,30.5942016975256,30.5942016975256,30.5942016975256,
2018-12-26 00:00:00+00:00,30.4816758116174,30.4816758116174,30.4816758116174,30.4816758116174,
2018-12-27 00:00:00+00:00,27.6971220880183,27.6971220880183,27.6971220880183,27.6971220880183,
2018-12-28 00:00:00+00:00,31.9284068752424,31.9284068752424,31.9284068752424,31.9284068752424,
2018-12-29 00:00:00+00:00,31.6623828081416,31.6623828081416,31.6623828081416,31.6623828081416,
2018-12-30 00:00:00+00:00,31.5311927643651,31.5311927643651,31.5311927643651,31.5311927643651,
2018-12-31 00:00:00+00:00,29.8134807549924,29.8134807549924,29.8134807549924,29.8134807549924,
2019-01-01 00:00:00+00:00,31.6459548832744,31.6459548832744,31.6459548832744,31.6459548832744,
2019-01-02 00:00:00+00:00,33.2462260611798,33.2462260611798,33.2462260611798,33.2462260611798,
2019-01-03 00:00:00+00:00,31.5623087321775,31.5623087321775,31.5623087321775,31.5623087321775,
2019-01-04 00:00:00+00:00,32.0715969792328,32.0715969792328,32.0715969792328,32.0715969792328,
2019-01-05 00:00:00+00:00,34.4364017907667,34.4364017907667,34.4364017907667,34.4364017907667,
2019-01-06 00:00:00+00:00,38.9921864893942,38.9921864893942,38.9921864893942,38.9921864893942,
2019-01-07 00:00:00+00:00,37.5538488171956,37.5538488171956,37.5538488171956,37.5538488171956,
2019-01-08 00:00:00+00:00,39.1472020060687,39.1472020060687,39.1472020060687,39.1472020060687,
2019-01-09 00:00:00+00:00,38.720590677336,38.720590677336,38.720590677336,38.720590677336,
2019-01-10 00:00:00+00:00,33.337615625765,33.337615625765,33.337615625765,33.337615625765,
2019-01-11 00:00:00+00:00,31.6291992785401,31.6291992785401,31.6291992785401,31.6291992785401,
2019-01-12 00:00:00+00:00,31.9866931211879,31.9866931211879,31.9866931211879,31.9866931211879,
2019-01-13 00:00:00+00:00,29.7821677692433,29.7821677692433,29.7821677692433,29.7821677692433,
2019-01-14 00:00:00+00:00,32.0247087781171,32.0247087781171,32.0247087781171,32.0247087781171,
2019-01-15 00:00:00+00:00,30.9806328287327,30.9806328287327,30.9806328287327,30.9806328287327,
2019-01-16 00:00:00+00:00,31.4121211856784,31.4121211856784,31.4121211856784,31.4121211856784,
2019-01-17 00:00:00+00:00,31.5897884057628,31.5897884057628,31.5897884057628,31.5897884057628,
2019-01-18 00:00:00+00:00,30.9035440794436,30.9035440794436,30.9035440794436,30.9035440794436,
2019-01-19 00:00:00+00:00,32.222637078172,32.222637078172,32.222637078172,32.222637078172,
2019-01-20 00:00:00+00:00,30.6286604658545,30.6286604658545,30.6286604658545,30.6286604658545,
2019-01-21 00:00:00+00:00,30.8862020436416,30.8862020436416,30.8862020436416,30.8862020436416,
2019-01-22 00:00:00+00:00,31.4971473304471,31.4971473304471,31.4971473304471,31.4971473304471,
2019-01-23 00:00:00+00:00,31.6255046738088,31.6255046738088,31.6255046738088,31.6255046738088,
2019-01-24 00:00:00+00:00,32.5091321820515,32.5091321820515,32.5091321820515,32.5091321820515,
2019-01-25 00:00:00+00:00,32.6693607494506,32.6693607494506,32.6693607494506,32.6693607494506,
2019-01-26 00:00:00+00:00,32.7611034035873,32.7611034035873,32.7611034035873,32.7611034035873,
2019-01-27 00:00:00+00:00,32.1768072778563,32.1768072778563,32.1768072778563,32.1768072778563,
2019-01-28 00:00:00+00:00,30.9841910034323,30.9841910034323,30.9841910034323,30.9841910034323,
2019-01-29 00:00:00+00:00,30.679393669252,30.679393669252,30.679393669252,30.679393669252,
2019-01-30 00:00:00+00:00,31.5699884824974,31.5699884824974,31.5699884824974,31.5699884824974,
2019-01-31 00:00:00+00:00,31.1843187645176,31.1843187645176,31.1843187645176,31.1843187645176,
2019-02-01 00:00:00+00:00,32.53457137152,32.53457137152,32.53457137152,32.53457137152,
2019-02-02 00:00:00+00:00,34.0292471559838,34.0292471559838,34.0292471559838,34.0292471559838,
2019-02-03 00:00:00+00:00,33.0921482137596,33.0921482137596,33.0921482137596,33.0921482137596,
2019-02-04 00:00:00+00:00,33.6915764568819,33.6915764568819,33.6915764568819,33.6915764568819,
2019-02-05 00:00:00+00:00,33.9084738269314,33.9084738269314,33.9084738269314,33.9084738269314,
2019-02-06 00:00:00+00:00,32.494771023825,32.494771023825,32.494771023825,32.494771023825,
2019-02-07 00:00:00+00:00,32.7655217289336,32.7655217289336,32.7655217289336,32.7655217289336,
2019-02-08 00:00:00+00:00,42.2037650762442,42.2037650762442,42.2037650762442,42.2037650762442,
2019-02-09 00:00:00+00:00,44.1134846860007,44.1134846860007,44.1134846860007,44.1134846860007,
2019-02-10 00:00:00+00:00,46.4170292628414,46.4170292628414,46.4170292628414,46.4170292628414,
2019-02-11 00:00:00+00:00,42.5130883799226,42.5130883799226,42.5130883799226,42.5130883799226,
2019-02-12 00:00:00+00:00,43.4861057012327,43.4861057012327,43.4861057012327,43.4861057012327,
2019-02-13 00:00:00+00:00,41.2701916787495,41.2701916787495,41.2701916787495,41.2701916787495,
2019-02-14 00:00:00+00:00,41.0549605287628,41.0549605287628,41.0549605287628,41.0549605287628,
2019-02-15 00:00:00+00:00,42.0306597570396,42.0306597570396,42.0306597570396,42.0306597570396,
2019-02-16 00:00:00+00:00,43.1570861152128,43.1570861152128,43.1570861152128,43.1570861152128,
2019-02-17 00:00:00+00:00,43.3850079707347,43.3850079707347,43.3850079707347,43.3850079707347,
2019-02-18 00:00:00+00:00,47.2558017774879,47.2558017774879,47.2558017774879,47.2558017774879,
2019-02-19 00:00:00+00:00,47.1161456482382,47.1161456482382,47.1161456482382,47.1161456482382,
2019-02-20 00:00:00+00:00,50.9410596109151,50.9410596109151,50.9410596109151,50.9410596109151,
2019-02-21 00:00:00+00:00,48.2198271602653,48.2198271602653,48.2198271602653,48.2198271602653,
2019-02-22 00:00:00+00:00,49.1436690342554,49.1436690342554,49.1436690342554,49.1436690342554,
2019-02-23 00:00:00+00:00,51.2720777760612,51.2720777760612,51.2720777760612,51.2720777760612,
2019-02-24 00:00:00+00:00,44.0633190114949,44.0633190114949,44.0633190114949,44.0633190114949,
2019-02-25 00:00:00+00:00,45.3936280269299,45.3936280269299,45.3936280269299,45.3936280269299,
2019-02-26 00:00:00+00:00,44.5705988114815,44.5705988114815,44.5705988114815,44.5705988114815,
2019-02-27 00:00:00+00:00,44.8803135941252,44.8803135941252,44.8803135941252,44.8803135941252,
2019-02-28 00:00:00+00:00,45.5048397999987,45.5048397999987,45.5048397999987,45.5048397999987,
2019-03-01 00:00:00+00:00,46.9952179872841,46.9952179872841,46.9952179872841,46.9952179872841,
2019-03-02 00:00:00+00:00,48.314646998938,48.314646998938,48.314646998938,48.314646998938,
2019-03-03 00:00:00+00:00,47.4218987724592,47.4218987724592,47.4218987724592,47.4218987724592,
2019-03-04 00:00:00+00:00,45.5196905160834,45.5196905160834,45.5196905160834,45.5196905160834,
2019-03-05 00:00:00+00:00,52.2836275974324,52.2836275974324,52.2836275974324,52.2836275974324,
2019-03-06 00:00:00+00:00,55.3516512063597,55.3516512063597,55.3516512063597,55.3516512063597,
2019-03-07 00:00:00+00:00,56.4447385587237,56.4447385587237,56.4447385587237,56.4447385587237,
2019-03-08 00:00:00+00:00,55.3088162319878,55.3088162319878,55.3088162319878,55.3088162319878,
2019-03-09 00:00:00+00:00,57.2078477740438,57.2078477740438,57.2078477740438,57.2078477740438,
2019-03-10 00:00:00+00:00,56.560630744404,56.560630744404,56.560630744404,56.560630744404,
2019-03-11 00:00:00+00:00,54.6734175634937,54.6734175634937,54.6734175634937,54.6734175634937,
2019-03-12 00:00:00+00:00,56.2492690092713,56.2492690092713,56.2492690092713,56.2492690092713,
2019-03-13 00:00:00+00:00,55.1359932744021,55.1359932744021,55.1359932744021,55.1359932744021,
2019-03-14 00:00:00+00:00,55.532213836474,55.532213836474,55.532213836474,55.532213836474,
2019-03-15 00:00:00+00:00,58.0737677961345,58.0737677961345,58.0737677961345,58.0737677961345,
2019-03-16 00:00:00+00:00,60.9147546894066,60.9147546894066,60.9147546894066,60.9147546894066,
2019-03-17 00:00:00+00:00,60.2640566192164,60.2640566192164,60.2640566192164,60.2640566192164,
2019-03-18 00:00:00+00:00,59.0148093839631,59.0148093839631,59.0148093839631,59.0148093839631,
2019-03-19 00:00:00+00:00,59.1782889651692,59.1782889651692,59.1782889651692,59.1782889651692,
2019-03-20 00:00:00+00:00,60.1164238432064,60.1164238432064,60.1164238432064,60.1164238432064,
2019-03-21 00:00:00+00:00,58.5202436712331,58.5202436712331,58.5202436712331,58.5202436712331,
2019-03-22 00:00:00+00:00,59.2112886302092,59.2112886302092,59.2112886302092,59.2112886302092,
2019-03-23 00:00:00+00:00,60.4975019390258,60.4975019390258,60.4975019390258,60.4975019390258,
2019-03-24 00:00:00+00:00,59.469909310439,59.469909310439,59.469909310439,59.469909310439,
2019-03-25 00:00:00+00:00,58.7302934582854,58.7302934582854,58.7302934582854,58.7302934582854,
2019-03-26 00:00:00+00:00,58.2144221655204,58.2144221655204,58.2144221655204,58.2144221655204,
2019-03-27 00:00:00+00:00,61.3408159303422,61.3408159303422,61.3408159303422,61.3408159303422,
2019-03-28 00:00:00+00:00,60.2287331308053,60.2287331308053,60.2287331308053,60.2287331308053,
2019-03-29 00:00:00+00:00,61.1904447870744,61.1904447870744,61.1904447870744,61.1904447870744,
2019-03-30 00:00:00+00:00,60.2320808152208,60.2320808152208,60.2320808152208,60.2320808152208,
2019-03-31 00:00:00+00:00,60.3509547792998,60.3509547792998,60.3509547792998,60.3509547792998,
2019-04-01 00:00:00+00:00,60.383903838126,60.383903838126,60.383903838126,60.383903838126,
2019-04-02 00:00:00+00:00,77.7314093296294,77.7314093296294,77.7314093296294,77.7314093296294,
2019-04-03 00:00:00+00:00,84.3089178972293,84.3089178972293,84.3089178972293,84.3089178972293,
2019-04-04 00:00:00+00:00,84.9869726186357,84.9869726186357,84.9869726186357,84.9869726186357,
2019-04-05 00:00:00+00:00,88.5971179888961,88.5971179888961,88.5971179888961,88.5971179888961,
2019-04-06 00:00:00+00:00,92.545495571968,92.545495571968,92.545495571968,92.545495571968,
2019-04-07 00:00:00+00:00,91.813148074341,91.813148074341,91.813148074341,91.813148074341,
2019-04-08 00:00:00+00:00,89.3129899203439,89.3129899203439,89.3129899203439,89.3129899203439,
2019-04-09 00:00:00+00:00,86.5739466059408,86.5739466059408,86.5739466059408,86.5739466059408,
2019-04-10 00:00:00+00:00,88.4232238281299,88.4232238281299,88.4232238281299,88.4232238281299,
2019-04-11 00:00:00+00:00,79.3841897867154,79.3841897867154,79.3841897867154,79.3841897867154,
2019-04-12 00:00:00+00:00,79.090495916675,79.090495916675,79.090495916675,79.090495916675,
2019-04-13 00:00:00+00:00,78.1109369318177,78.1109369318177,78.1109369318177,78.1109369318177,
2019-04-14 00:00:00+00:00,83.0601316420432,83.0601316420432,83.0601316420432,83.0601316420432,
2019-04-15 00:00:00+00:00,78.5345072518662,78.5345072518662,78.5345072518662,78.5345072518662,
2019-04-16 00:00:00+00:00,80.8822894544533,80.8822894544533,80.8822894544533,80.8822894544533,
2019-04-17 00:00:00+00:00,79.1925482607641,79.1925482607641,79.1925482607641,79.1925482607641,
2019-04-18 00:00:00+00:00,82.055408963175,82.055408963175,82.055408963175,82.055408963175,
2019-04-19 00:00:00+00:00,82.4804279496409,82.4804279496409,82.4804279496409,82.4804279496409,
2019-04-20 00:00:00+00:00,81.575876423019,81.575876423019,81.575876423019,81.575876423019,
2019-04-21 00:00:00+00:00,77.0860676287968,77.0860676287968,77.0860676287968,77.0860676287968,
2019-04-22 00:00:00+00:00,76.9986291966895,76.9986291966895,76.9986291966895,76.9986291966895,
2019-04-23 00:00:00+00:00,74.882896522582,74.882896522582,74.882896522582,74.882896522582,
2019-04-24 00:00:00+00:00,72.9610068091495,72.9610068091495,72.9610068091495,72.9610068091495,
2019-04-25 00:00:00+00:00,70.5062089693671,70.5062089693671,70.5062089693671,70.5062089693671,
2019-04-26 00:00:00+00:00,71.5141477546451,71.5141477546451,71.5141477546451,71.5141477546451,
2019-04-27 00:00:00+00:00,70.6272935456184,70.6272935456184,70.6272935456184,70.6272935456184,
2019-04-28 00:00:00+00:00,67.6936033755726,67.6936033755726,67.6936033755726,67.6936033755726,
2019-04-29 00:00:00+00:00,66.364782641168,66.364782641168,66.364782641168,66.364782641168,
2019-04-30 00:00:00+00:00,73.2848268136065,73.2848268136065,73.2848268136065,73.2848268136065,
2019-05-01 00:00:00+00:00,72.4984031130236,72.4984031130236,72.4984031130236,72.4984031130236,
2019-05-02 00:00:00+00:00,72.3201569473222,72.3201569473222,72.3201569473222,72.3201569473222,
2019-05-03 00:00:00+00:00,77.7543033827538,77.7543033827538,77.7543033827538,77.7543033827538,
2019-05-04 00:00:00+00:00,77.0576272671097,77.0576272671097,77.0576272671097,77.0576272671097,
2019-05-05 00:00:00+00:00,75.0616441825111,75.0616441825111,75.0616441825111,75.0616441825111,
2019-05-06 00:00:00+00:00,74.3746734913709,74.3746734913709,74.3746734913709,74.3746734913709,
2019-05-07 00:00:00+00:00,74.0897669297459,74.0897669297459,74.0897669297459,74.0897669297459,
2019-05-08 00:00:00+00:00,73.8289009773284,73.8289009773284,73.8289009773284,73.8289009773284,
2019-05-09 00:00:00+00:00,73.6652881672836,73.6652881672836,73.6652881672836,73.6652881672836,
2019-05-10 00:00:00+00:00,76.8654466474798,76.8654466474798,76.8654466474798,76.8654466474798,
2019-05-11 00:00:00+00:00,92.5835927119041,92.5835927119041,92.5835927119041,92.5835927119041,
2019-05-12 00:00:00+00:00,84.4552940801089,84.4552940801089,84.4552940801089,84.4552940801089,
2019-05-13 00:00:00+00:00,87.5913020160657,87.5913020160657,87.5913020160657,87.5913020160657,
2019-05-14 00:00:00+00:00,91.608165834985,91.608165834985,91.608165834985,91.608165834985,
2019-05-15 00:00:00+00:00,103.011016779889,103.011016779889,103.011016779889,103.011016779889,
2019-05-16 00:00:00+00:00,95.3905197910282,95.3905197910282,95.3905197910282,95.3905197910282,
2019-05-17 00:00:00+00:00,89.4023860219791,89.4023860219791,89.4023860219791,89.4023860219791,
2019-05-18 00:00:00+00:00,86.9371927828886,86.9371927828886,86.9371927828886,86.9371927828886,
2019-05-19 00:00:00+00:00,95.8435249759687,95.8435249759687,95.8435249759687,95.8435249759687,
2019-05-20 00:00:00+00:00,91.7134363500065,91.7134363500065,91.7134363500065,91.7134363500065,
2019-05-21 00:00:00+00:00,91.6673618231346,91.6673618231346,91.6673618231346,91.6673618231346,
2019-05-22 00:00:00+00:00,88.0817215213213,88.0817215213213,88.0817215213213,88.0817215213213,
2019-05-23 00:00:00+00:00,89.1648770797418,89.1648770797418,89.1648770797418,89.1648770797418,
2019-05-24 00:00:00+00:00,100.20809073194,100.20809073194,100.20809073194,100.20809073194,
2019-05-25 00:00:00+00:00,102.763327211663,102.763327211663,102.763327211663,102.763327211663,
2019-05-26 00:00:00+00:00,112.41617177269,112.41617177269,112.41617177269,112.41617177269,
2019-05-27 00:00:00+00:00,118.304847144692,118.304847144692,118.304847144692,118.304847144692,
2019-05-28 00:00:00+00:00,114.632885475801,114.632885475801,114.632885475801,114.632885475801,
2019-05-29 00:00:00+00:00,115.133283798715,115.133283798715,115.133283798715,115.133283798715,
2019-05-30 00:00:00+00:00,107.760077277362,107.760077277362,107.760077277362,107.760077277362,
2019-05-31 00:00:00+00:00,114.088975542856,114.088975542856,114.088975542856,114.088975542856,
2019-06-01 00:00:00+00:00,112.710640705494,112.710640705494,112.710640705494,112.710640705494,
2019-06-02 00:00:00+00:00,114.774304933971,114.774304933971,114.774304933971,114.774304933971,
2019-06-03 00:00:00+00:00,106.450472407754,106.450472407754,106.450472407754,106.450472407754,
2019-06-04 00:00:00+00:00,101.251909235276,101.251909235276,101.251909235276,101.251909235276,
2019-06-05 00:00:00+00:00,103.959934508446,103.959934508446,103.959934508446,103.959934508446,
2019-06-06 00:00:00+00:00,111.590119927848,111.590119927848,111.590119927848,111.590119927848,
2019-06-07 00:00:00+00:00,118.050306827904,118.050306827904,118.050306827904,118.050306827904,
2019-06-08 00:00:00+00:00,118.645342275775,118.645342275775,118.645342275775,118.645342275775,
2019-06-09 00:00:00+00:00,114.721207647335,114.721207647335,114.721207647335,114.721207647335,
2019-06-10 00:00:00+00:00,129.122536140298,129.122536140298,129.122536140298,129.122536140298,
2019-06-11 00:00:00+00:00,136.360991421797,136.360991421797,136.360991421797,136.360991421797,
2019-06-12 00:00:00+00:00,134.805535856395,134.805535856395,134.805535856395,134.805535856395,
2019-06-13 00:00:00+00:00,131.259305314756,131.259305314756,131.259305314756,131.259305314756,
2019-06-14 00:00:00+00:00,132.353987689083,132.353987689083,132.353987689083,132.353987689083,
2019-06-15 00:00:00+00:00,138.159955733459,138.159955733459,138.159955733459,138.159955733459,
2019-06-16 00:00:00+00:00,136.86740800461,136.86740800461,136.86740800461,136.86740800461,
2019-06-17 00:00:00+00:00,134.235130047805,134.235130047805,134.235130047805,134.235130047805,
2019-06-18 00:00:00+00:00,135.351429407211,135.351429407211,135.351429407211,135.351429407211,
2019-06-19 00:00:00+00:00,136.539091604741,136.539091604741,136.539091604741,136.539091604741,
2019-06-20 00:00:00+00:00,135.499664547406,135.499664547406,135.499664547406,135.499664547406,
2019-06-21 00:00:00+00:00,138.474241537362,138.474241537362,138.474241537362,138.474241537362,
2019-06-22 00:00:00+00:00,141.113309221371,141.113309221371,141.113309221371,141.113309221371,
2019-06-23 00:00:00+00:00,136.32397784076,136.32397784076,136.32397784076,136.32397784076,
2019-06-24 00:00:00+00:00,135.285292878115,135.285292878115,135.285292878115,135.285292878115,
2019-06-25 00:00:00+00:00,135.609790651859,135.609790651859,135.609790651859,135.609790651859,
2019-06-26 00:00:00+00:00,130.911335247207,130.911335247207,130.911335247207,130.911335247207,
2019-06-27 00:00:00+00:00,114.285064726175,114.285064726175,114.285064726175,114.285064726175,
2019-06-28 00:00:00+00:00,119.371730804069,119.371730804069,119.371730804069,119.371730804069,
2019-06-29 00:00:00+00:00,133.853577299896,133.853577299896,133.853577299896,133.853577299896,
2019-06-30 00:00:00+00:00,121.964818448198,121.964818448198,121.964818448198,121.964818448198,
2019-07-01 00:00:00+00:00,122.677113941165,122.677113941165,122.677113941165,122.677113941165,
2019-07-02 00:00:00+00:00,117.962397212861,117.962397212861,117.962397212861,117.962397212861,
2019-07-03 00:00:00+00:00,121.3690659435,121.3690659435,121.3690659435,121.3690659435,
2019-07-04 00:00:00+00:00,119.75661821306,119.75661821306,119.75661821306,119.75661821306,
2019-07-05 00:00:00+00:00,118.482107171317,118.482107171317,118.482107171317,118.482107171317,
2019-07-06 00:00:00+00:00,118.142206152218,118.142206152218,118.142206152218,118.142206152218,
2019-07-07 00:00:00+00:00,119.989465868365,119.989465868365,119.989465868365,119.989465868365,
2019-07-08 00:00:00+00:00,123.740935544343,123.740935544343,123.740935544343,123.740935544343,
2019-07-09 00:00:00+00:00,119.318133938,119.318133938,119.318133938,119.318133938,
2019-07-10 00:00:00+00:00,107.979346662483,107.979346662483,107.979346662483,107.979346662483,
2019-07-11 00:00:00+00:00,102.209922477663,102.209922477663,102.209922477663,102.209922477663,
2019-07-12 00:00:00+00:00,105.039315570262,105.039315570262,105.039315570262,105.039315570262,
2019-07-13 00:00:00+00:00,100.907572831508,100.907572831508,100.907572831508,100.907572831508,
2019-07-14 00:00:00+00:00,90.0164166135137,90.0164166135137,90.0164166135137,90.0164166135137,
2019-07-15 00:00:00+00:00,90.8685426094293,90.8685426094293,90.8685426094293,90.8685426094293,
2019-07-16 00:00:00+00:00,79.8826572443882,79.8826572443882,79.8826572443882,79.8826572443882,
2019-07-17 00:00:00+00:00,89.9001548598564,89.9001548598564,89.9001548598564,89.9001548598564,
2019-07-18 00:00:00+00:00,101.971603642953,101.971603642953,101.971603642953,101.971603642953,
2019-07-19 00:00:00+00:00,98.472805063724,98.472805063724,98.472805063724,98.472805063724,
2019-07-20 00:00:00+00:00,101.462175932373,101.462175932373,101.462175932373,101.462175932373,
2019-07-21 00:00:00+00:00,99.7405399658697,99.7405399658697,99.7405399658697,99.7405399658697,
2019-07-22 00:00:00+00:00,94.9502856539046,94.9502856539046,94.9502856539046,94.9502856539046,
2019-07-23 00:00:00+00:00,90.290778362585,90.290778362585,90.290778362585,90.290778362585,
2019-07-24 00:00:00+00:00,94.5638136974991,94.5638136974991,94.5638136974991,94.5638136974991,
2019-07-25 00:00:00+00:00,93.3590345133107,93.3590345133107,93.3590345133107,93.3590345133107,
2019-07-26 00:00:00+00:00,94.3336384154398,94.3336384154398,94.3336384154398,94.3336384154398,
2019-07-27 00:00:00+00:00,88.5458760319932,88.5458760319932,88.5458760319932,88.5458760319932,
2019-07-28 00:00:00+00:00,89.6622954646329,89.6622954646329,89.6622954646329,89.6622954646329,
2019-07-29 00:00:00+00:00,90.4366138661593,90.4366138661593,90.4366138661593,90.4366138661593,
2019-07-30 00:00:00+00:00,90.3574989697386,90.3574989697386,90.3574989697386,90.3574989697386,
2019-07-31 00:00:00+00:00,98.8587560634597,98.8587560634597,98.8587560634597,98.8587560634597,
2019-08-01 00:00:00+00:00,98.8407426921756,98.8407426921756,98.8407426921756,98.8407426921756,
2019-08-02 00:00:00+00:00,94.8202144506537,94.8202144506537,94.8202144506537,94.8202144506537,
2019-08-03 00:00:00+00:00,94.0892772749896,94.0892772749896,94.0892772749896,94.0892772749896,
2019-08-04 00:00:00+00:00,93.0830530777898,93.0830530777898,93.0830530777898,93.0830530777898,
2019-08-05 00:00:00+00:00,95.9850618735298,95.9850618735298,95.9850618735298,95.9850618735298,
2019-08-06 00:00:00+00:00,92.8802528691282,92.8802528691282,92.8802528691282,92.8802528691282,
2019-08-07 00:00:00+00:00,90.8426730308481,90.8426730308481,90.8426730308481,90.8426730308481,
2019-08-08 00:00:00+00:00,89.9422170027894,89.9422170027894,89.9422170027894,89.9422170027894,
2019-08-09 00:00:00+00:00,84.1755187772004,84.1755187772004,84.1755187772004,84.1755187772004,
2019-08-10 00:00:00+00:00,85.3816280895588,85.3816280895588,85.3816280895588,85.3816280895588,
2019-08-11 00:00:00+00:00,89.7906962128273,89.7906962128273,89.7906962128273,89.7906962128273,
2019-08-12 00:00:00+00:00,85.6664522997801,85.6664522997801,85.6664522997801,85.6664522997801,
2019-08-13 00:00:00+00:00,84.4395454189456,84.4395454189456,84.4395454189456,84.4395454189456,
2019-08-14 00:00:00+00:00,75.9189431294112,75.9189431294112,75.9189431294112,75.9189431294112,
2019-08-15 00:00:00+00:00,76.4232102891451,76.4232102891451,76.4232102891451,76.4232102891451,
2019-08-16 00:00:00+00:00,74.8911735739713,74.8911735739713,74.8911735739713,74.8911735739713,
2019-08-17 00:00:00+00:00,72.7084218412894,72.7084218412894,72.7084218412894,72.7084218412894,
2019-08-18 00:00:00+00:00,76.4211642279823,76.4211642279823,76.4211642279823,76.4211642279823,
2019-08-19 00:00:00+00:00,77.0321972303136,77.0321972303136,77.0321972303136,77.0321972303136,
2019-08-20 00:00:00+00:00,75.1538586857733,75.1538586857733,75.1538586857733,75.1538586857733,
2019-08-21 00:00:00+00:00,72.9170734614208,72.9170734614208,72.9170734614208,72.9170734614208,
2019-08-22 00:00:00+00:00,73.5891163926668,73.5891163926668,73.5891163926668,73.5891163926668,
2019-08-23 00:00:00+00:00,75.5337622831028,75.5337622831028,75.5337622831028,75.5337622831028,
2019-08-24 00:00:00+00:00,73.3707505612611,73.3707505612611,73.3707505612611,73.3707505612611,
2019-08-25 00:00:00+00:00,72.2755486042272,72.2755486042272,72.2755486042272,72.2755486042272,
2019-08-26 00:00:00+00:00,73.6117536046244,73.6117536046244,73.6117536046244,73.6117536046244,
2019-08-27 00:00:00+00:00,72.5978803060927,72.5978803060927,72.5978803060927,72.5978803060927,
2019-08-28 00:00:00+00:00,66.9178369821848,66.9178369821848,66.9178369821848,66.9178369821848,
2019-08-29 00:00:00+00:00,63.5869828234098,63.5869828234098,63.5869828234098,63.5869828234098,
2019-08-30 00:00:00+00:00,64.3561159110721,64.3561159110721,64.3561159110721,64.3561159110721,
2019-08-31 00:00:00+00:00,64.3769474515234,64.3769474515234,64.3769474515234,64.3769474515234,
2019-09-01 00:00:00+00:00,66.297114000002,66.297114000002,66.297114000002,66.297114000002,
2019-09-02 00:00:00+00:00,67.0181890206854,67.0181890206854,67.0181890206854,67.0181890206854,
2019-09-03 00:00:00+00:00,69.2335547229001,69.2335547229001,69.2335547229001,69.2335547229001,
2019-09-04 00:00:00+00:00,67.1046498514197,67.1046498514197,67.1046498514197,67.1046498514197,
2019-09-05 00:00:00+00:00,65.3856398526485,65.3856398526485,65.3856398526485,65.3856398526485,
2019-09-06 00:00:00+00:00,65.0694842613158,65.0694842613158,65.0694842613158,65.0694842613158,
2019-09-07 00:00:00+00:00,68.8442089075805,68.8442089075805,68.8442089075805,68.8442089075805,
2019-09-08 00:00:00+00:00,70.6676067842883,70.6676067842883,70.6676067842883,70.6676067842883,
2019-09-09 00:00:00+00:00,70.1867013740217,70.1867013740217,70.1867013740217,70.1867013740217,
2019-09-10 00:00:00+00:00,70.5569052611728,70.5569052611728,70.5569052611728,70.5569052611728,
2019-09-11 00:00:00+00:00,69.6153263198233,69.6153263198233,69.6153263198233,69.6153263198233,
2019-09-12 00:00:00+00:00,69.0837634799381,69.0837634799381,69.0837634799381,69.0837634799381,
2019-09-13 00:00:00+00:00,68.7499377112114,68.7499377112114,68.7499377112114,68.7499377112114,
2019-09-14 00:00:00+00:00,70.6927717327601,70.6927717327601,70.6927717327601,70.6927717327601,
2019-09-15 00:00:00+00:00,70.1373992794203,70.1373992794203,70.1373992794203,70.1373992794203,
2019-09-16 00:00:00+00:00,72.5357012677948,72.5357012677948,72.5357012677948,72.5357012677948,
2019-09-17 00:00:00+00:00,74.4574719879821,74.4574719879821,74.4574719879821,74.4574719879821,
2019-09-18 00:00:00+00:00,77.9623275489186,77.9623275489186,77.9623275489186,77.9623275489186,
2019-09-19 00:00:00+00:00,76.9839603138456,76.9839603138456,76.9839603138456,76.9839603138456,
2019-09-20 00:00:00+00:00,75.036947583314,75.036947583314,75.036947583314,75.036947583314,
2019-09-21 00:00:00+00:00,73.1805848372367,73.1805848372367,73.1805848372367,73.1805848372367,
2019-09-22 00:00:00+00:00,72.4202554196713,72.4202554196713,72.4202554196713,72.4202554196713,
2019-09-23 00:00:00+00:00,66.5858467165307,66.5858467165307,66.5858467165307,66.5858467165307,
2019-09-24 00:00:00+00:00,56.3864383374322,56.3864383374322,56.3864383374322,56.3864383374322,
2019-09-25 00:00:00+00:00,57.2923149735694,57.2923149735694,57.2923149735694,57.2923149735694,
2019-09-26 00:00:00+00:00,55.2107919328212,55.2107919328212,55.2107919328212,55.2107919328212,
2019-09-27 00:00:00+00:00,55.8560285315725,55.8560285315725,55.8560285315725,55.8560285315725,
2019-09-28 00:00:00+00:00,55.339815389207,55.339815389207,55.339815389207,55.339815389207,
2019-09-29 00:00:00+00:00,54.0011443311329,54.0011443311329,54.0011443311329,54.0011443311329,
2019-09-30 00:00:00+00:00,55.9272084156358,55.9272084156358,55.9272084156358,55.9272084156358,
2019-10-01 00:00:00+00:00,55.7659061908359,55.7659061908359,55.7659061908359,55.7659061908359,
2019-10-02 00:00:00+00:00,56.4482176241814,56.4482176241814,56.4482176241814,56.4482176241814,
2019-10-03 00:00:00+00:00,56.6144791338529,56.6144791338529,56.6144791338529,56.6144791338529,
2019-10-04 00:00:00+00:00,56.5731411377068,56.5731411377068,56.5731411377068,56.5731411377068,
2019-10-05 00:00:00+00:00,56.7864836766259,56.7864836766259,56.7864836766259,56.7864836766259,
2019-10-06 00:00:00+00:00,54.5218394659111,54.5218394659111,54.5218394659111,54.5218394659111,
2019-10-07 00:00:00+00:00,57.7338231361669,57.7338231361669,57.7338231361669,57.7338231361669,
2019-10-08 00:00:00+00:00,57.0367275028369,57.0367275028369,57.0367275028369,57.0367275028369,
2019-10-09 00:00:00+00:00,59.4366017937255,59.4366017937255,59.4366017937255,59.4366017937255,
2019-10-10 00:00:00+00:00,57.5524463796305,57.5524463796305,57.5524463796305,57.5524463796305,
2019-10-11 00:00:00+00:00,55.7022428498833,55.7022428498833,55.7022428498833,55.7022428498833,
2019-10-12 00:00:00+00:00,55.8226201897946,55.8226201897946,55.8226201897946,55.8226201897946,
2019-10-13 00:00:00+00:00,56.5329195985456,56.5329195985456,56.5329195985456,56.5329195985456,
2019-10-14 00:00:00+00:00,56.7952859081816,56.7952859081816,56.7952859081816,56.7952859081816,
2019-10-15 00:00:00+00:00,54.5486984110967,54.5486984110967,54.5486984110967,54.5486984110967,
2019-10-16 00:00:00+00:00,52.5542835239998,52.5542835239998,52.5542835239998,52.5542835239998,
2019-10-17 00:00:00+00:00,54.9010288032269,54.9010288032269,54.9010288032269,54.9010288032269,
2019-10-18 00:00:00+00:00,53.2511893615998,53.2511893615998,53.2511893615998,53.2511893615998,
2019-10-19 00:00:00+00:00,53.7431331017573,53.7431331017573,53.7431331017573,53.7431331017573,
2019-10-20 00:00:00+00:00,54.861684234117,54.861684234117,54.861684234117,54.861684234117,
2019-10-21 00:00:00+00:00,54.7689565475335,54.7689565475335,54.7689565475335,54.7689565475335,
2019-10-22 00:00:00+00:00,53.3308746456004,53.3308746456004,53.3308746456004,53.3308746456004,
2019-10-23 00:00:00+00:00,49.3320346055708,49.3320346055708,49.3320346055708,49.3320346055708,
2019-10-24 00:00:00+00:00,49.8246310784745,49.8246310784745,49.8246310784745,49.8246310784745,
2019-10-25 00:00:00+00:00,56.9029239631696,56.9029239631696,56.9029239631696,56.9029239631696,
2019-10-26 00:00:00+00:00,56.9635966398448,56.9635966398448,56.9635966398448,56.9635966398448,
2019-10-27 00:00:00+00:00,59.8327520854905,59.8327520854905,59.8327520854905,59.8327520854905,
2019-10-28 00:00:00+00:00,58.3836536887962,58.3836536887962,58.3836536887962,58.3836536887962,
2019-10-29 00:00:00+00:00,59.8597792276144,59.8597792276144,59.8597792276144,59.8597792276144,
2019-10-30 00:00:00+00:00,57.9990980272888,57.9990980272888,57.9990980272888,57.9990980272888,
2019-10-31 00:00:00+00:00,58.3457601058471,58.3457601058471,58.3457601058471,58.3457601058471,
2019-11-01 00:00:00+00:00,58.3717089475198,58.3717089475198,58.3717089475198,58.3717089475198,
2019-11-02 00:00:00+00:00,58.3443673608924,58.3443673608924,58.3443673608924,58.3443673608924,
2019-11-03 00:00:00+00:00,58.4732829627924,58.4732829627924,58.4732829627924,58.4732829627924,
2019-11-04 00:00:00+00:00,61.4521690373748,61.4521690373748,61.4521690373748,61.4521690373748,
2019-11-05 00:00:00+00:00,63.1761298880429,63.1761298880429,63.1761298880429,63.1761298880429,
2019-11-06 00:00:00+00:00,63.9818776208418,63.9818776208418,63.9818776208418,63.9818776208418,
2019-11-07 00:00:00+00:00,61.5917494477973,61.5917494477973,61.5917494477973,61.5917494477973,
2019-11-08 00:00:00+00:00,60.4637875009908,60.4637875009908,60.4637875009908,60.4637875009908,
2019-11-09 00:00:00+00:00,62.1663742302716,62.1663742302716,62.1663742302716,62.1663742302716,
2019-11-10 00:00:00+00:00,63.6569799443001,63.6569799443001,63.6569799443001,63.6569799443001,
2019-11-11 00:00:00+00:00,61.6962673926619,61.6962673926619,61.6962673926619,61.6962673926619,
2019-11-12 00:00:00+00:00,61.1282274379016,61.1282274379016,61.1282274379016,61.1282274379016,
2019-11-13 00:00:00+00:00,60.9040091584027,60.9040091584027,60.9040091584027,60.9040091584027,
2019-11-14 00:00:00+00:00,58.9437550001914,58.9437550001914,58.9437550001914,58.9437550001914,
2019-11-15 00:00:00+00:00,57.5577646360364,57.5577646360364,57.5577646360364,57.5577646360364,
2019-11-16 00:00:00+00:00,58.2429124138098,58.2429124138098,58.2429124138098,58.2429124138098,
2019-11-17 00:00:00+00:00,59.1789314861148,59.1789314861148,59.1789314861148,59.1789314861148,
2019-11-18 00:00:00+00:00,55.8642874350489,55.8642874350489,55.8642874350489,55.8642874350489,
2019-11-19 00:00:00+00:00,55.0010788331077,55.0010788331077,55.0010788331077,55.0010788331077,
2019-11-20 00:00:00+00:00,54.8310928797396,54.8310928797396,54.8310928797396,54.8310928797396,
2019-11-21 00:00:00+00:00,50.5720480122621,50.5720480122621,50.5720480122621,50.5720480122621,
2019-11-22 00:00:00+00:00,47.4758989498612,47.4758989498612,47.4758989498612,47.4758989498612,
2019-11-23 00:00:00+00:00,48.2167530183505,48.2167530183505,48.2167530183505,48.2167530183505,
2019-11-24 00:00:00+00:00,44.2959708975941,44.2959708975941,44.2959708975941,44.2959708975941,
2019-11-25 00:00:00+00:00,45.7696141085294,45.7696141085294,45.7696141085294,45.7696141085294,
2019-11-26 00:00:00+00:00,47.0059228544966,47.0059228544966,47.0059228544966,47.0059228544966,
2019-11-27 00:00:00+00:00,47.8634136265575,47.8634136265575,47.8634136265575,47.8634136265575,
2019-11-28 00:00:00+00:00,46.8851813383496,46.8851813383496,46.8851813383496,46.8851813383496,
2019-11-29 00:00:00+00:00,48.6278422260542,48.6278422260542,48.6278422260542,48.6278422260542,
2019-11-30 00:00:00+00:00,47.3469763199582,47.3469763199582,47.3469763199582,47.3469763199582,
2019-12-01 00:00:00+00:00,47.7391861956304,47.7391861956304,47.7391861956304,47.7391861956304,
2019-12-02 00:00:00+00:00,45.6426048002528,45.6426048002528,45.6426048002528,45.6426048002528,
2019-12-03 00:00:00+00:00,44.8087979001932,44.8087979001932,44.8087979001932,44.8087979001932,
2019-12-04 00:00:00+00:00,44.723517068588,44.723517068588,44.723517068588,44.723517068588,
2019-12-05 00:00:00+00:00,44.8349172085376,44.8349172085376,44.8349172085376,44.8349172085376,
2019-12-06 00:00:00+00:00,45.403857296401,45.403857296401,45.403857296401,45.403857296401,
2019-12-07 00:00:00+00:00,45.223408134278,45.223408134278,45.223408134278,45.223408134278,
2019-12-08 00:00:00+00:00,45.5710748791024,45.5710748791024,45.5710748791024,45.5710748791024,
2019-12-09 00:00:00+00:00,44.4094342215886,44.4094342215886,44.4094342215886,44.4094342215886,
2019-12-10 00:00:00+00:00,44.1365788871217,44.1365788871217,44.1365788871217,44.1365788871217,
2019-12-11 00:00:00+00:00,43.588255215858,43.588255215858,43.588255215858,43.588255215858,
2019-12-12 00:00:00+00:00,43.6223223146382,43.6223223146382,43.6223223146382,43.6223223146382,
2019-12-13 00:00:00+00:00,44.3212462932268,44.3212462932268,44.3212462932268,44.3212462932268,
2019-12-14 00:00:00+00:00,43.3030843343554,43.3030843343554,43.3030843343554,43.3030843343554,
2019-12-15 00:00:00+00:00,43.4865185189382,43.4865185189382,43.4865185189382,43.4865185189382,
2019-12-16 00:00:00+00:00,39.9511366169078,39.9511366169078,39.9511366169078,39.9511366169078,
2019-12-17 00:00:00+00:00,36.8482891740447,36.8482891740447,36.8482891740447,36.8482891740447,
2019-12-18 00:00:00+00:00,40.8563956883073,40.8563956883073,40.8563956883073,40.8563956883073,
2019-12-19 00:00:00+00:00,39.6299609156666,39.6299609156666,39.6299609156666,39.6299609156666,
2019-12-20 00:00:00+00:00,40.1816416568903,40.1816416568903,40.1816416568903,40.1816416568903,
2019-12-21 00:00:00+00:00,39.7117431117313,39.7117431117313,39.7117431117313,39.7117431117313,
2019-12-22 00:00:00+00:00,41.8682632904171,41.8682632904171,41.8682632904171,41.8682632904171,
2019-12-23 00:00:00+00:00,40.6205329473303,40.6205329473303,40.6205329473303,40.6205329473303,
2019-12-24 00:00:00+00:00,40.2851429787083,40.2851429787083,40.2851429787083,40.2851429787083,
2019-12-25 00:00:00+00:00,40.0982305882721,40.0982305882721,40.0982305882721,40.0982305882721,
2019-12-26 00:00:00+00:00,39.9278822194911,39.9278822194911,39.9278822194911,39.9278822194911,
2019-12-27 00:00:00+00:00,40.8949027237481,40.8949027237481,40.8949027237481,40.8949027237481,
2019-12-28 00:00:00+00:00,42.970186809454,42.970186809454,42.970186809454,42.970186809454,
2019-12-29 00:00:00+00:00,43.1595785700388,43.1595785700388,43.1595785700388,43.1595785700388,
2019-12-30 00:00:00+00:00,42.2791761596581,42.2791761596581,42.2791761596581,42.2791761596581,
2019-12-31 00:00:00+00:00,41.1140178685009,41.1140178685009,41.1140178685009,41.1140178685009,
2020-01-01 00:00:00+00:00,41.4157459364492,41.4157459364492,41.4157459364492,41.4157459364492,
2020-01-02 00:00:00+00:00,39.3191102263479,39.3191102263479,39.3191102263479,39.3191102263479,
2020-01-03 00:00:00+00:00,42.0151987613269,42.0151987613269,42.0151987613269,42.0151987613269,
2020-01-04 00:00:00+00:00,42.6608893819522,42.6608893819522,42.6608893819522,42.6608893819522,
2020-01-05 00:00:00+00:00,43.1983141078186,43.1983141078186,43.1983141078186,43.1983141078186,
2020-01-06 00:00:00+00:00,45.7653998364582,45.7653998364582,45.7653998364582,45.7653998364582,
2020-01-07 00:00:00+00:00,46.3877400364447,46.3877400364447,46.3877400364447,46.3877400364447,
2020-01-08 00:00:00+00:00,45.3840951435217,45.3840951435217,45.3840951435217,45.3840951435217,
2020-01-09 00:00:00+00:00,44.7269810461213,44.7269810461213,44.7269810461213,44.7269810461213,
2020-01-10 00:00:00+00:00,48.7817258659319,48.7817258659319,48.7817258659319,48.7817258659319,
2020-01-11 00:00:00+00:00,49.5003146062823,49.5003146062823,49.5003146062823,49.5003146062823,
2020-01-12 00:00:00+00:00,50.9904608669888,50.9904608669888,50.9904608669888,50.9904608669888,
2020-01-13 00:00:00+00:00,49.6518766197285,49.6518766197285,49.6518766197285,49.6518766197285,
2020-01-14 00:00:00+00:00,58.8142901462635,58.8142901462635,58.8142901462635,58.8142901462635,
2020-01-15 00:00:00+00:00,58.0942923201247,58.0942923201247,58.0942923201247,58.0942923201247,
2020-01-16 00:00:00+00:00,57.692130324635,57.692130324635,57.692130324635,57.692130324635,
2020-01-17 00:00:00+00:00,61.6477727053842,61.6477727053842,61.6477727053842,61.6477727053842,
2020-01-18 00:00:00+00:00,59.6245585730498,59.6245585730498,59.6245585730498,59.6245585730498,
2020-01-19 00:00:00+00:00,57.5854432311918,57.5854432311918,57.5854432311918,57.5854432311918,
2020-01-20 00:00:00+00:00,57.1658724949152,57.1658724949152,57.1658724949152,57.1658724949152,
2020-01-21 00:00:00+00:00,57.5085370504925,57.5085370504925,57.5085370504925,57.5085370504925,
2020-01-22 00:00:00+00:00,58.0569315516852,58.0569315516852,58.0569315516852,58.0569315516852,
2020-01-23 00:00:00+00:00,54.1679016546986,54.1679016546986,54.1679016546986,54.1679016546986,
2020-01-24 00:00:00+00:00,54.3367572012562,54.3367572012562,54.3367572012562,54.3367572012562,
2020-01-25 00:00:00+00:00,53.4273469034311,53.4273469034311,53.4273469034311,53.4273469034311,
2020-01-26 00:00:00+00:00,55.9391275537625,55.9391275537625,55.9391275537625,55.9391275537625,
2020-01-27 00:00:00+00:00,58.5332743121928,58.5332743121928,58.5332743121928,58.5332743121928,
2020-01-28 00:00:00+00:00,60.1538323078161,60.1538323078161,60.1538323078161,60.1538323078161,
2020-01-29 00:00:00+00:00,59.9809067355295,59.9809067355295,59.9809067355295,59.9809067355295,
2020-01-30 00:00:00+00:00,68.1508583522653,68.1508583522653,68.1508583522653,68.1508583522653,
2020-01-31 00:00:00+00:00,67.9639584259378,67.9639584259378,67.9639584259378,67.9639584259378,
2020-02-01 00:00:00+00:00,70.724743444118,70.724743444118,70.724743444118,70.724743444118,
2020-02-02 00:00:00+00:00,70.3138090465103,70.3138090465103,70.3138090465103,70.3138090465103,
2020-02-03 00:00:00+00:00,69.4987817854689,69.4987817854689,69.4987817854689,69.4987817854689,
2020-02-04 00:00:00+00:00,67.7834468578676,67.7834468578676,67.7834468578676,67.7834468578676,
2020-02-05 00:00:00+00:00,72.6744397823102,72.6744397823102,72.6744397823102,72.6744397823102,
2020-02-06 00:00:00+00:00,73.3274765655137,73.3274765655137,73.3274765655137,73.3274765655137,
2020-02-07 00:00:00+00:00,74.1523059164589,74.1523059164589,74.1523059164589,74.1523059164589,
2020-02-08 00:00:00+00:00,76.7729168191132,76.7729168191132,76.7729168191132,76.7729168191132,
2020-02-09 00:00:00+00:00,76.9883792500129,76.9883792500129,76.9883792500129,76.9883792500129,
2020-02-10 00:00:00+00:00,74.1861762640623,74.1861762640623,74.1861762640623,74.1861762640623,
2020-02-11 00:00:00+00:00,76.9885353141712,76.9885353141712,76.9885353141712,76.9885353141712,
2020-02-12 00:00:00+00:00,81.4953613126504,81.4953613126504,81.4953613126504,81.4953613126504,
2020-02-13 00:00:00+00:00,80.313875152164,80.313875152164,80.313875152164,80.313875152164,
2020-02-14 00:00:00+00:00,83.4033923860783,83.4033923860783,83.4033923860783,83.4033923860783,
2020-02-15 00:00:00+00:00,76.5417209210947,76.5417209210947,76.5417209210947,76.5417209210947,
2020-02-16 00:00:00+00:00,75.2004658118578,75.2004658118578,75.2004658118578,75.2004658118578,
2020-02-17 00:00:00+00:00,73.1804031376759,73.1804031376759,73.1804031376759,73.1804031376759,
2020-02-18 00:00:00+00:00,77.4926374731786,77.4926374731786,77.4926374731786,77.4926374731786,
2020-02-19 00:00:00+00:00,71.2911416480183,71.2911416480183,71.2911416480183,71.2911416480183,
2020-02-20 00:00:00+00:00,69.836249559514,69.836249559514,69.836249559514,69.836249559514,
2020-02-21 00:00:00+00:00,73.5468183968892,73.5468183968892,73.5468183968892,73.5468183968892,
2020-02-22 00:00:00+00:00,74.9806854100345,74.9806854100345,74.9806854100345,74.9806854100345,
2020-02-23 00:00:00+00:00,79.8500469095415,79.8500469095415,79.8500469095415,79.8500469095415,
2020-02-24 00:00:00+00:00,75.4322197561505,75.4322197561505,75.4322197561505,75.4322197561505,
2020-02-25 00:00:00+00:00,71.3170316855785,71.3170316855785,71.3170316855785,71.3170316855785,
2020-02-26 00:00:00+00:00,60.9999529770882,60.9999529770882,60.9999529770882,60.9999529770882,
2020-02-27 00:00:00+00:00,61.5981230146354,61.5981230146354,61.5981230146354,61.5981230146354,
2020-02-28 00:00:00+00:00,60.3457490286181,60.3457490286181,60.3457490286181,60.3457490286181,
2020-02-29 00:00:00+00:00,58.545402209987,58.545402209987,58.545402209987,58.545402209987,
2020-03-01 00:00:00+00:00,57.878229684686,57.878229684686,57.878229684686,57.878229684686,
2020-03-02 00:00:00+00:00,61.2533651775812,61.2533651775812,61.2533651775812,61.2533651775812,
2020-03-03 00:00:00+00:00,61.2041813705357,61.2041813705357,61.2041813705357,61.2041813705357,
2020-03-04 00:00:00+00:00,60.287670082569,60.287670082569,60.287670082569,60.287670082569,
2020-03-05 00:00:00+00:00,61.8909811011906,61.8909811011906,61.8909811011906,61.8909811011906,
2020-03-06 00:00:00+00:00,63.1900934926028,63.1900934926028,63.1900934926028,63.1900934926028,
2020-03-07 00:00:00+00:00,60.5475343180699,60.5475343180699,60.5475343180699,60.5475343180699,
2020-03-08 00:00:00+00:00,51.8970754717457,51.8970754717457,51.8970754717457,51.8970754717457,
2020-03-09 00:00:00+00:00,49.9922915587073,49.9922915587073,49.9922915587073,49.9922915587073,
2020-03-10 00:00:00+00:00,50.23698163126,50.23698163126,50.23698163126,50.23698163126,
2020-03-11 00:00:00+00:00,48.5369258854653,48.5369258854653,48.5369258854653,48.5369258854653,
2020-03-12 00:00:00+00:00,30.6782710098869,30.6782710098869,30.6782710098869,30.6782710098869,
2020-03-13 00:00:00+00:00,37.9512926420211,37.9512926420211,37.9512926420211,37.9512926420211,
2020-03-14 00:00:00+00:00,34.2254639527349,34.2254639527349,34.2254639527349,34.2254639527349,
2020-03-15 00:00:00+00:00,36.339473872394,36.339473872394,36.339473872394,36.339473872394,
2020-03-16 00:00:00+00:00,32.7284076257352,32.7284076257352,32.7284076257352,32.7284076257352,
2020-03-17 00:00:00+00:00,34.7086360992647,34.7086360992647,34.7086360992647,34.7086360992647,
2020-03-18 00:00:00+00:00,34.596934380108,34.596934380108,34.596934380108,34.596934380108,
2020-03-19 00:00:00+00:00,39.2095150792378,39.2095150792378,39.2095150792378,39.2095150792378,
2020-03-20 00:00:00+00:00,37.7806254080167,37.7806254080167,37.7806254080167,37.7806254080167,
2020-03-21 00:00:00+00:00,38.3401508561723,38.3401508561723,38.3401508561723,38.3401508561723,
2020-03-22 00:00:00+00:00,35.4358460417725,35.4358460417725,35.4358460417725,35.4358460417725,
2020-03-23 00:00:00+00:00,39.0634611353325,39.0634611353325,39.0634611353325,39.0634611353325,
2020-03-24 00:00:00+00:00,40.7599112694955,40.7599112694955,40.7599112694955,40.7599112694955,
2020-03-25 00:00:00+00:00,39.1813697044086,39.1813697044086,39.1813697044086,39.1813697044086,
2020-03-26 00:00:00+00:00,40.2414296355744,40.2414296355744,40.2414296355744,40.2414296355744,
2020-03-27 00:00:00+00:00,38.9274574869631,38.9274574869631,38.9274574869631,38.9274574869631,
2020-03-28 00:00:00+00:00,38.8941941828508,38.8941941828508,38.8941941828508,38.8941941828508,
2020-03-29 00:00:00+00:00,37.2808888077392,37.2808888077392,37.2808888077392,37.2808888077392,
2020-03-30 00:00:00+00:00,39.1082076542507,39.1082076542507,39.1082076542507,39.1082076542507,
2020-03-31 00:00:00+00:00,39.2997202065394,39.2997202065394,39.2997202065394,39.2997202065394,
2020-04-01 00:00:00+00:00,39.3324821147803,39.3324821147803,39.3324821147803,39.3324821147803,
2020-04-02 00:00:00+00:00,39.8831041694402,39.8831041694402,39.8831041694402,39.8831041694402,
2020-04-03 00:00:00+00:00,40.5504556805359,40.5504556805359,40.5504556805359,40.5504556805359,
2020-04-04 00:00:00+00:00,40.77667155192,40.77667155192,40.77667155192,40.77667155192,
2020-04-05 00:00:00+00:00,40.3941390986719,40.3941390986719,40.3941390986719,40.3941390986719,
2020-04-06 00:00:00+00:00,44.7807026240717,44.7807026240717,44.7807026240717,44.7807026240717,
2020-04-07 00:00:00+00:00,44.6878619482697,44.6878619482697,44.6878619482697,44.6878619482697,
2020-04-08 00:00:00+00:00,46.6667882716391,46.6667882716391,46.6667882716391,46.6667882716391,
2020-04-09 00:00:00+00:00,46.4266770350522,46.4266770350522,46.4266770350522,46.4266770350522,
2020-04-10 00:00:00+00:00,42.1445210605658,42.1445210605658,42.1445210605658,42.1445210605658,
2020-04-11 00:00:00+00:00,42.4901638307941,42.4901638307941,42.4901638307941,42.4901638307941,
2020-04-12 00:00:00+00:00,42.4064767408576,42.4064767408576,42.4064767408576,42.4064767408576,
2020-04-13 00:00:00+00:00,41.3739759285498,41.3739759285498,41.3739759285498,41.3739759285498,
2020-04-14 00:00:00+00:00,41.2334469981116,41.2334469981116,41.2334469981116,41.2334469981116,
2020-04-15 00:00:00+00:00,39.2929709937184,39.2929709937184,39.2929709937184,39.2929709937184,
2020-04-16 00:00:00+00:00,42.7217743282838,42.7217743282838,42.7217743282838,42.7217743282838,
2020-04-17 00:00:00+00:00,42.6125156252764,42.6125156252764,42.6125156252764,42.6125156252764,
2020-04-18 00:00:00+00:00,44.1747364351964,44.1747364351964,44.1747364351964,44.1747364351964,
2020-04-19 00:00:00+00:00,42.5093180913508,42.5093180913508,42.5093180913508,42.5093180913508,
2020-04-20 00:00:00+00:00,40.42811734682,40.42811734682,40.42811734682,40.42811734682,
2020-04-21 00:00:00+00:00,40.7485280325747,40.7485280325747,40.7485280325747,40.7485280325747,
2020-04-22 00:00:00+00:00,41.8445352150765,41.8445352150765,41.8445352150765,41.8445352150765,
2020-04-23 00:00:00+00:00,43.0101211438053,43.0101211438053,43.0101211438053,43.0101211438053,
2020-04-24 00:00:00+00:00,44.5107522206752,44.5107522206752,44.5107522206752,44.5107522206752,
2020-04-25 00:00:00+00:00,44.327326761136,44.327326761136,44.327326761136,44.327326761136,
2020-04-26 00:00:00+00:00,44.5778331920518,44.5778331920518,44.5778331920518,44.5778331920518,
2020-04-27 00:00:00+00:00,44.5079105711762,44.5079105711762,44.5079105711762,44.5079105711762,
2020-04-28 00:00:00+00:00,45.8252159334582,45.8252159334582,45.8252159334582,45.8252159334582,
2020-04-29 00:00:00+00:00,48.6883334831118,48.6883334831118,48.6883334831118,48.6883334831118,
2020-04-30 00:00:00+00:00,46.4636456434803,46.4636456434803,46.4636456434803,46.4636456434803,
2020-05-01 00:00:00+00:00,47.1433193743382,47.1433193743382,47.1433193743382,47.1433193743382,
2020-05-02 00:00:00+00:00,49.2451953022412,49.2451953022412,49.2451953022412,49.2451953022412,
2020-05-03 00:00:00+00:00,48.061163075846,48.061163075846,48.061163075846,48.061163075846,
2020-05-04 00:00:00+00:00,46.997696936486,46.997696936486,46.997696936486,46.997696936486,
2020-05-05 00:00:00+00:00,46.4560651409582,46.4560651409582,46.4560651409582,46.4560651409582,
2020-05-06 00:00:00+00:00,45.8589337477324,45.8589337477324,45.8589337477324,45.8589337477324,
2020-05-07 00:00:00+00:00,47.5266021335712,47.5266021335712,47.5266021335712,47.5266021335712,
2020-05-08 00:00:00+00:00,47.9595828706828,47.9595828706828,47.9595828706828,47.9595828706828,
2020-05-09 00:00:00+00:00,47.0968224485901,47.0968224485901,47.0968224485901,47.0968224485901,
2020-05-10 00:00:00+00:00,42.0156709825375,42.0156709825375,42.0156709825375,42.0156709825375,
2020-05-11 00:00:00+00:00,41.5577278993879,41.5577278993879,41.5577278993879,41.5577278993879,
2020-05-12 00:00:00+00:00,42.2062888819882,42.2062888819882,42.2062888819882,42.2062888819882,
2020-05-13 00:00:00+00:00,43.2859685339581,43.2859685339581,43.2859685339581,43.2859685339581,
2020-05-14 00:00:00+00:00,44.030331606455,44.030331606455,44.030331606455,44.030331606455,
2020-05-15 00:00:00+00:00,42.8137103175354,42.8137103175354,42.8137103175354,42.8137103175354,
2020-05-16 00:00:00+00:00,43.3037628917107,43.3037628917107,43.3037628917107,43.3037628917107,
2020-05-17 00:00:00+00:00,43.6672892211004,43.6672892211004,43.6672892211004,43.6672892211004,
2020-05-18 00:00:00+00:00,45.3093780236782,45.3093780236782,45.3093780236782,45.3093780236782,
2020-05-19 00:00:00+00:00,45.531088874456,45.531088874456,45.531088874456,45.531088874456,
2020-05-20 00:00:00+00:00,44.1911143852061,44.1911143852061,44.1911143852061,44.1911143852061,
2020-05-21 00:00:00+00:00,42.7247266287929,42.7247266287929,42.7247266287929,42.7247266287929,
2020-05-22 00:00:00+00:00,44.1852155784232,44.1852155784232,44.1852155784232,44.1852155784232,
2020-05-23 00:00:00+00:00,43.9335027244629,43.9335027244629,43.9335027244629,43.9335027244629,
2020-05-24 00:00:00+00:00,42.4311409360771,42.4311409360771,42.4311409360771,42.4311409360771,
2020-05-25 00:00:00+00:00,42.9853563654527,42.9853563654527,42.9853563654527,42.9853563654527,
2020-05-26 00:00:00+00:00,42.2706322105741,42.2706322105741,42.2706322105741,42.2706322105741,
2020-05-27 00:00:00+00:00,43.7128756203544,43.7128756203544,43.7128756203544,43.7128756203544,
2020-05-28 00:00:00+00:00,44.7259921706933,44.7259921706933,44.7259921706933,44.7259921706933,
2020-05-29 00:00:00+00:00,44.5113417362458,44.5113417362458,44.5113417362458,44.5113417362458,
2020-05-30 00:00:00+00:00,47.6669023593521,47.6669023593521,47.6669023593521,47.6669023593521,
2020-05-31 00:00:00+00:00,45.5426370610498,45.5426370610498,45.5426370610498,45.5426370610498,
2020-06-01 00:00:00+00:00,48.4074594650632,48.4074594650632,48.4074594650632,48.4074594650632,
2020-06-02 00:00:00+00:00,45.9133718555302,45.9133718555302,45.9133718555302,45.9133718555302,
2020-06-03 00:00:00+00:00,47.0872906005718,47.0872906005718,47.0872906005718,47.0872906005718,
2020-06-04 00:00:00+00:00,47.4932475981836,47.4932475981836,47.4932475981836,47.4932475981836,
2020-06-05 00:00:00+00:00,46.916939371557,46.916939371557,46.916939371557,46.916939371557,
2020-06-06 00:00:00+00:00,46.7662809543544,46.7662809543544,46.7662809543544,46.7662809543544,
2020-06-07 00:00:00+00:00,46.6199321926369,46.6199321926369,46.6199321926369,46.6199321926369,
2020-06-08 00:00:00+00:00,46.3984398665147,46.3984398665147,46.3984398665147,46.3984398665147,
2020-06-09 00:00:00+00:00,45.9607472818951,45.9607472818951,45.9607472818951,45.9607472818951,
2020-06-10 00:00:00+00:00,46.6744722454156,46.6744722454156,46.6744722454156,46.6744722454156,
2020-06-11 00:00:00+00:00,43.2664354711756,43.2664354711756,43.2664354711756,43.2664354711756,
2020-06-12 00:00:00+00:00,44.6320629984908,44.6320629984908,44.6320629984908,44.6320629984908,
2020-06-13 00:00:00+00:00,45.0630243310784,45.0630243310784,45.0630243310784,45.0630243310784,
2020-06-14 00:00:00+00:00,44.0639820878103,44.0639820878103,44.0639820878103,44.0639820878103,
2020-06-15 00:00:00+00:00,43.8275975976059,43.8275975976059,43.8275975976059,43.8275975976059,
2020-06-16 00:00:00+00:00,43.8337188946338,43.8337188946338,43.8337188946338,43.8337188946338,
2020-06-17 00:00:00+00:00,43.995309648802,43.995309648802,43.995309648802,43.995309648802,
2020-06-18 00:00:00+00:00,43.4551455676012,43.4551455676012,43.4551455676012,43.4551455676012,
2020-06-19 00:00:00+00:00,42.8498887298557,42.8498887298557,42.8498887298557,42.8498887298557,
2020-06-20 00:00:00+00:00,43.5964164621861,43.5964164621861,43.5964164621861,43.5964164621861,
2020-06-21 00:00:00+00:00,42.9386677611378,42.9386677611378,42.9386677611378,42.9386677611378,
2020-06-22 00:00:00+00:00,44.3266627817518,44.3266627817518,44.3266627817518,44.3266627817518,
2020-06-23 00:00:00+00:00,44.0885691887945,44.0885691887945,44.0885691887945,44.0885691887945,
2020-06-24 00:00:00+00:00,42.6191776730343,42.6191776730343,42.6191776730343,42.6191776730343,
2020-06-25 00:00:00+00:00,42.3413794971896,42.3413794971896,42.3413794971896,42.3413794971896,
2020-06-26 00:00:00+00:00,43.1034480986939,43.1034480986939,43.1034480986939,43.1034480986939,
2020-06-27 00:00:00+00:00,41.0716311458385,41.0716311458385,41.0716311458385,41.0716311458385,
2020-06-28 00:00:00+00:00,41.3149507057045,41.3149507057045,41.3149507057045,41.3149507057045,
2020-06-29 00:00:00+00:00,41.8899895671414,41.8899895671414,41.8899895671414,41.8899895671414,
2020-06-30 00:00:00+00:00,41.2300748602659,41.2300748602659,41.2300748602659,41.2300748602659,
2020-07-01 00:00:00+00:00,41.8026585385416,41.8026585385416,41.8026585385416,41.8026585385416,
2020-07-02 00:00:00+00:00,41.0255444871924,41.0255444871924,41.0255444871924,41.0255444871924,
2020-07-03 00:00:00+00:00,41.1351222203132,41.1351222203132,41.1351222203132,41.1351222203132,
2020-07-04 00:00:00+00:00,42.0415697688187,42.0415697688187,42.0415697688187,42.0415697688187,
2020-07-05 00:00:00+00:00,41.6304199248737,41.6304199248737,41.6304199248737,41.6304199248737,
2020-07-06 00:00:00+00:00,44.0331393405287,44.0331393405287,44.0331393405287,44.0331393405287,
2020-07-07 00:00:00+00:00,43.3350407971588,43.3350407971588,43.3350407971588,43.3350407971588,
2020-07-08 00:00:00+00:00,45.2886717808441,45.2886717808441,45.2886717808441,45.2886717808441,
2020-07-09 00:00:00+00:00,44.2804664825915,44.2804664825915,44.2804664825915,44.2804664825915,
2020-07-10 00:00:00+00:00,44.3081894875416,44.3081894875416,44.3081894875416,44.3081894875416,
2020-07-11 00:00:00+00:00,44.6653968715149,44.6653968715149,44.6653968715149,44.6653968715149,
2020-07-12 00:00:00+00:00,44.6707493065286,44.6707493065286,44.6707493065286,44.6707493065286,
2020-07-13 00:00:00+00:00,43.8606669796862,43.8606669796862,43.8606669796862,43.8606669796862,
2020-07-14 00:00:00+00:00,43.9263081615017,43.9263081615017,43.9263081615017,43.9263081615017,
2020-07-15 00:00:00+00:00,43.2966428725893,43.2966428725893,43.2966428725893,43.2966428725893,
2020-07-16 00:00:00+00:00,42.0453290543967,42.0453290543967,42.0453290543967,42.0453290543967,
2020-07-17 00:00:00+00:00,41.9082959117028,41.9082959117028,41.9082959117028,41.9082959117028,
2020-07-18 00:00:00+00:00,42.4878710806984,42.4878710806984,42.4878710806984,42.4878710806984,
2020-07-19 00:00:00+00:00,42.7118679171711,42.7118679171711,42.7118679171711,42.7118679171711,
2020-07-20 00:00:00+00:00,42.0042607467551,42.0042607467551,42.0042607467551,42.0042607467551,
2020-07-21 00:00:00+00:00,43.7088965153489,43.7088965153489,43.7088965153489,43.7088965153489,
2020-07-22 00:00:00+00:00,45.0508883463496,45.0508883463496,45.0508883463496,45.0508883463496,
2020-07-23 00:00:00+00:00,44.9843896972433,44.9843896972433,44.9843896972433,44.9843896972433,
2020-07-24 00:00:00+00:00,44.2156046368686,44.2156046368686,44.2156046368686,44.2156046368686,
2020-07-25 00:00:00+00:00,49.1360805764768,49.1360805764768,49.1360805764768,49.1360805764768,
2020-07-26 00:00:00+00:00,48.095119728475,48.095119728475,48.095119728475,48.095119728475,
2020-07-27 00:00:00+00:00,53.6072351240462,53.6072351240462,53.6072351240462,53.6072351240462,
2020-07-28 00:00:00+00:00,56.0047413153589,56.0047413153589,56.0047413153589,56.0047413153589,
2020-07-29 00:00:00+00:00,55.3194964678727,55.3194964678727,55.3194964678727,55.3194964678727,
2020-07-30 00:00:00+00:00,57.1004172190907,57.1004172190907,57.1004172190907,57.1004172190907,
2020-07-31 00:00:00+00:00,58.1382756369397,58.1382756369397,58.1382756369397,58.1382756369397,
2020-08-01 00:00:00+00:00,61.6911162275468,61.6911162275468,61.6911162275468,61.6911162275468,
2020-08-02 00:00:00+00:00,56.7955350814533,56.7955350814533,56.7955350814533,56.7955350814533,
2020-08-03 00:00:00+00:00,58.4100110493516,58.4100110493516,58.4100110493516,58.4100110493516,
2020-08-04 00:00:00+00:00,57.6570717410968,57.6570717410968,57.6570717410968,57.6570717410968,
2020-08-05 00:00:00+00:00,58.8685967724643,58.8685967724643,58.8685967724643,58.8685967724643,
2020-08-06 00:00:00+00:00,59.14058619512,59.14058619512,59.14058619512,59.14058619512,
2020-08-07 00:00:00+00:00,57.2650886269286,57.2650886269286,57.2650886269286,57.2650886269286,
2020-08-08 00:00:00+00:00,58.0143197629984,58.0143197629984,58.0143197629984,58.0143197629984,
2020-08-09 00:00:00+00:00,56.9011491219458,56.9011491219458,56.9011491219458,56.9011491219458,
2020-08-10 00:00:00+00:00,58.2935351599292,58.2935351599292,58.2935351599292,58.2935351599292,
2020-08-11 00:00:00+00:00,54.1926038273913,54.1926038273913,54.1926038273913,54.1926038273913,
2020-08-12 00:00:00+00:00,54.5187438175747,54.5187438175747,54.5187438175747,54.5187438175747,
2020-08-13 00:00:00+00:00,57.1313396388447,57.1313396388447,57.1313396388447,57.1313396388447,
2020-08-14 00:00:00+00:00,56.7816384227004,56.7816384227004,56.7816384227004,56.7816384227004,
2020-08-15 00:00:00+00:00,59.9068057282866,59.9068057282866,59.9068057282866,59.9068057282866,
2020-08-16 00:00:00+00:00,63.8735709602419,63.8735709602419,63.8735709602419,63.8735709602419,
2020-08-17 00:00:00+00:00,67.3540364128378,67.3540364128378,67.3540364128378,67.3540364128378,
2020-08-18 00:00:00+00:00,65.7325810600109,65.7325810600109,65.7325810600109,65.7325810600109,
2020-08-19 00:00:00+00:00,61.8679551104659,61.8679551104659,61.8679551104659,61.8679551104659,
2020-08-20 00:00:00+00:00,62.8223142970817,62.8223142970817,62.8223142970817,62.8223142970817,
2020-08-21 00:00:00+00:00,59.188884895619,59.188884895619,59.188884895619,59.188884895619,
2020-08-22 00:00:00+00:00,60.3750063851079,60.3750063851079,60.3750063851079,60.3750063851079,
2020-08-23 00:00:00+00:00,60.7024922177789,60.7024922177789,60.7024922177789,60.7024922177789,
2020-08-24 00:00:00+00:00,62.2885224917816,62.2885224917816,62.2885224917816,62.2885224917816,
2020-08-25 00:00:00+00:00,58.5095612222154,58.5095612222154,58.5095612222154,58.5095612222154,
2020-08-26 00:00:00+00:00,58.2660730846721,58.2660730846721,58.2660730846721,58.2660730846721,
2020-08-27 00:00:00+00:00,55.965092388258,55.965092388258,55.965092388258,55.965092388258,
2020-08-28 00:00:00+00:00,57.2269341663597,57.2269341663597,57.2269341663597,57.2269341663597,
2020-08-29 00:00:00+00:00,57.1547426979006,57.1547426979006,57.1547426979006,57.1547426979006,
2020-08-30 00:00:00+00:00,62.6398736281195,62.6398736281195,62.6398736281195,62.6398736281195,
2020-08-31 00:00:00+00:00,61.1134363698195,61.1134363698195,61.1134363698195,61.1134363698195,
2020-09-01 00:00:00+00:00,63.0699094721517,63.0699094721517,63.0699094721517,63.0699094721517,
2020-09-02 00:00:00+00:00,58.1898640758487,58.1898640758487,58.1898640758487,58.1898640758487,
2020-09-03 00:00:00+00:00,48.492404014558,48.492404014558,48.492404014558,48.492404014558,
2020-09-04 00:00:00+00:00,50.5117314239439,50.5117314239439,50.5117314239439,50.5117314239439,
2020-09-05 00:00:00+00:00,47.3894101580998,47.3894101580998,47.3894101580998,47.3894101580998,
2020-09-06 00:00:00+00:00,47.8990122619698,47.8990122619698,47.8990122619698,47.8990122619698,
2020-09-07 00:00:00+00:00,48.7816990993958,48.7816990993958,48.7816990993958,48.7816990993958,
2020-09-08 00:00:00+00:00,47.2938047039029,47.2938047039029,47.2938047039029,47.2938047039029,
2020-09-09 00:00:00+00:00,47.861540654889,47.861540654889,47.861540654889,47.861540654889,
2020-09-10 00:00:00+00:00,48.6005673637297,48.6005673637297,48.6005673637297,48.6005673637297,
2020-09-11 00:00:00+00:00,49.0333105635878,49.0333105635878,49.0333105635878,49.0333105635878,
2020-09-12 00:00:00+00:00,50.7847559363729,50.7847559363729,50.7847559363729,50.7847559363729,
2020-09-13 00:00:00+00:00,48.0483251575883,48.0483251575883,48.0483251575883,48.0483251575883,
2020-09-14 00:00:00+00:00,48.9136823629977,48.9136823629977,48.9136823629977,48.9136823629977,
2020-09-15 00:00:00+00:00,48.2890097068016,48.2890097068016,48.2890097068016,48.2890097068016,
2020-09-16 00:00:00+00:00,47.8747962034044,47.8747962034044,47.8747962034044,47.8747962034044,
2020-09-17 00:00:00+00:00,48.9077461380117,48.9077461380117,48.9077461380117,48.9077461380117,
2020-09-18 00:00:00+00:00,48.2944471523578,48.2944471523578,48.2944471523578,48.2944471523578,
2020-09-19 00:00:00+00:00,48.5216308673189,48.5216308673189,48.5216308673189,48.5216308673189,
2020-09-20 00:00:00+00:00,47.0746078701065,47.0746078701065,47.0746078701065,47.0746078701065,
2020-09-21 00:00:00+00:00,43.3312086187525,43.3312086187525,43.3312086187525,43.3312086187525,
2020-09-22 00:00:00+00:00,44.3801830205714,44.3801830205714,44.3801830205714,44.3801830205714,
2020-09-23 00:00:00+00:00,42.9696289236166,42.9696289236166,42.9696289236166,42.9696289236166,
2020-09-24 00:00:00+00:00,44.9249170343906,44.9249170343906,44.9249170343906,44.9249170343906,
2020-09-25 00:00:00+00:00,45.9705651523007,45.9705651523007,45.9705651523007,45.9705651523007,
2020-09-26 00:00:00+00:00,46.0925979170909,46.0925979170909,46.0925979170909,46.0925979170909,
2020-09-27 00:00:00+00:00,45.928199888909,45.928199888909,45.928199888909,45.928199888909,
2020-09-28 00:00:00+00:00,45.3229358045639,45.3229358045639,45.3229358045639,45.3229358045639,
2020-09-29 00:00:00+00:00,45.6689764879882,45.6689764879882,45.6689764879882,45.6689764879882,
2020-09-30 00:00:00+00:00,46.2761559767649,46.2761559767649,46.2761559767649,46.2761559767649,
2020-10-01 00:00:00+00:00,46.1684856847052,46.1684856847052,46.1684856847052,46.1684856847052,
2020-10-02 00:00:00+00:00,44.9069022694422,44.9069022694422,44.9069022694422,44.9069022694422,
2020-10-03 00:00:00+00:00,45.6316774532161,45.6316774532161,45.6316774532161,45.6316774532161,
2020-10-04 00:00:00+00:00,46.7034191388253,46.7034191388253,46.7034191388253,46.7034191388253,
2020-10-05 00:00:00+00:00,46.3096069414673,46.3096069414673,46.3096069414673,46.3096069414673,
2020-10-06 00:00:00+00:00,45.9005394490914,45.9005394490914,45.9005394490914,45.9005394490914,
2020-10-07 00:00:00+00:00,46.576155177942,46.576155177942,46.576155177942,46.576155177942,
2020-10-08 00:00:00+00:00,47.1616400589237,47.1616400589237,47.1616400589237,47.1616400589237,
2020-10-09 00:00:00+00:00,47.8476327638227,47.8476327638227,47.8476327638227,47.8476327638227,
2020-10-10 00:00:00+00:00,48.8146812164809,48.8146812164809,48.8146812164809,48.8146812164809,
2020-10-11 00:00:00+00:00,50.6329964082373,50.6329964082373,50.6329964082373,50.6329964082373,
2020-10-12 00:00:00+00:00,50.6753337325232,50.6753337325232,50.6753337325232,50.6753337325232,
2020-10-13 00:00:00+00:00,49.9234847803503,49.9234847803503,49.9234847803503,49.9234847803503,
2020-10-14 00:00:00+00:00,49.7812145779415,49.7812145779415,49.7812145779415,49.7812145779415,
2020-10-15 00:00:00+00:00,49.5101829076955,49.5101829076955,49.5101829076955,49.5101829076955,
2020-10-16 00:00:00+00:00,47.6515792076657,47.6515792076657,47.6515792076657,47.6515792076657,
2020-10-17 00:00:00+00:00,46.8872192581016,46.8872192581016,46.8872192581016,46.8872192581016,
2020-10-18 00:00:00+00:00,47.5153526788585,47.5153526788585,47.5153526788585,47.5153526788585,
2020-10-19 00:00:00+00:00,48.0262895235951,48.0262895235951,48.0262895235951,48.0262895235951,
2020-10-20 00:00:00+00:00,46.9395874564666,46.9395874564666,46.9395874564666,46.9395874564666,
2020-10-21 00:00:00+00:00,53.2200772745302,53.2200772745302,53.2200772745302,53.2200772745302,
2020-10-22 00:00:00+00:00,54.4172173245814,54.4172173245814,54.4172173245814,54.4172173245814,
2020-10-23 00:00:00+00:00,55.4894041553056,55.4894041553056,55.4894041553056,55.4894041553056,
2020-10-24 00:00:00+00:00,59.0647855958797,59.0647855958797,59.0647855958797,59.0647855958797,
2020-10-25 00:00:00+00:00,58.8357168781221,58.8357168781221,58.8357168781221,58.8357168781221,
2020-10-26 00:00:00+00:00,57.0549680108415,57.0549680108415,57.0549680108415,57.0549680108415,
2020-10-27 00:00:00+00:00,58.000790469935,58.000790469935,58.000790469935,58.000790469935,
2020-10-28 00:00:00+00:00,55.835662184756,55.835662184756,55.835662184756,55.835662184756,
2020-10-29 00:00:00+00:00,54.9339698243609,54.9339698243609,54.9339698243609,54.9339698243609,
2020-10-30 00:00:00+00:00,54.1014907904846,54.1014907904846,54.1014907904846,54.1014907904846,
2020-10-31 00:00:00+00:00,55.8267433823726,55.8267433823726,55.8267433823726,55.8267433823726,
2020-11-01 00:00:00+00:00,55.5392803285107,55.5392803285107,55.5392803285107,55.5392803285107,
2020-11-02 00:00:00+00:00,53.9452972576285,53.9452972576285,53.9452972576285,53.9452972576285,
2020-11-03 00:00:00+00:00,53.91955338986308,53.91955338986308,53.91955338986308,53.91955338986308,
2020-11-04 00:00:00+00:00,54.73757038280915,54.73757038280915,54.73757038280915,54.73757038280915,
2020-11-05 00:00:00+00:00,59.16425179020286,59.16425179020286,59.16425179020286,59.16425179020286,
2020-11-06 00:00:00+00:00,63.16746587199158,63.16746587199158,63.16746587199158,63.16746587199158,
2020-11-07 00:00:00+00:00,59.10945461352856,59.10945461352856,59.10945461352856,59.10945461352856,
2020-11-08 00:00:00+00:00,61.11903402473589,61.11903402473589,61.11903402473589,61.11903402473589,
2020-11-09 00:00:00+00:00,59.161004580342144,59.161004580342144,59.161004580342144,59.161004580342144,
2020-11-10 00:00:00+00:00,58.046561037318206,58.046561037318206,58.046561037318206,58.046561037318206,
2020-11-11 00:00:00+00:00,59.42831866868247,59.42831866868247,59.42831866868247,59.42831866868247,
2020-11-12 00:00:00+00:00,60.04520237833572,60.04520237833572,60.04520237833572,60.04520237833572,
2020-11-13 00:00:00+00:00,65.67979464002094,65.67979464002094,65.67979464002094,65.67979464002094,
2020-11-14 00:00:00+00:00,63.83789283750168,63.83789283750168,63.83789283750168,63.83789283750168,
2020-11-15 00:00:00+00:00,62.40834430292596,62.40834430292596,62.40834430292596,62.40834430292596,
2020-11-16 00:00:00+00:00,73.7746091144416,73.7746091144416,73.7746091144416,73.7746091144416,
2020-11-17 00:00:00+00:00,76.42241388856321,76.42241388856321,76.42241388856321,76.42241388856321,
2020-11-18 00:00:00+00:00,73.74416978167406,73.74416978167406,73.74416978167406,73.74416978167406,
2020-11-19 00:00:00+00:00,81.41549879490663,81.41549879490663,81.41549879490663,81.41549879490663,
2020-11-20 00:00:00+00:00,82.69966697070373,82.69966697070373,82.69966697070373,82.69966697070373,
2020-11-21 00:00:00+00:00,86.46711130331438,86.46711130331438,86.46711130331438,86.46711130331438,
2020-11-22 00:00:00+00:00,83.55139806452664,83.55139806452664,83.55139806452664,83.55139806452664,
2020-11-23 00:00:00+00:00,88.38376700771926,88.38376700771926,88.38376700771926,88.38376700771926,
2020-11-24 00:00:00+00:00,89.26856935849035,89.26856935849035,89.26856935849035,89.26856935849035,
2020-11-25 00:00:00+00:00,81.74369374939633,81.74369374939633,81.74369374939633,81.74369374939633,
2020-11-26 00:00:00+00:00,70.6030574532541,70.6030574532541,70.6030574532541,70.6030574532541,
2020-11-27 00:00:00+00:00,69.06570246143049,69.06570246143049,69.06570246143049,69.06570246143049,
2020-11-28 00:00:00+00:00,72.93393170108533,72.93393170108533,72.93393170108533,72.93393170108533,
2020-11-29 00:00:00+00:00,79.18870821171204,79.18870821171204,79.18870821171204,79.18870821171204,
2020-11-30 00:00:00+00:00,87.93967441643287,87.93967441643287,87.93967441643287,87.93967441643287,
2020-12-01 00:00:00+00:00,85.29460974799822,85.29460974799822,85.29460974799822,85.29460974799822,
2020-12-02 00:00:00+00:00,89.0663039705931,89.0663039705931,89.0663039705931,89.0663039705931,
2020-12-03 00:00:00+00:00,89.07617619715501,89.07617619715501,89.07617619715501,89.07617619715501,
2020-12-04 00:00:00+00:00,80.29887167866515,80.29887167866515,80.29887167866515,80.29887167866515,
2020-12-05 00:00:00+00:00,82.68507957626096,82.68507957626096,82.68507957626096,82.68507957626096,
2020-12-06 00:00:00+00:00,83.62286621513607,83.62286621513607,83.62286621513607,83.62286621513607,
2020-12-07 00:00:00+00:00,83.5511163735715,83.5511163735715,83.5511163735715,83.5511163735715,
2020-12-08 00:00:00+00:00,76.81900017706896,76.81900017706896,76.81900017706896,76.81900017706896,
2020-12-09 00:00:00+00:00,77.62444148466884,77.62444148466884,77.62444148466884,77.62444148466884,
2020-12-10 00:00:00+00:00,74.99995798664384,74.99995798664384,74.99995798664384,74.99995798664384,
2020-12-11 00:00:00+00:00,72.1438550927616,72.1438550927616,72.1438550927616,72.1438550927616,
2020-12-12 00:00:00+00:00,76.7346479637153,76.7346479637153,76.7346479637153,76.7346479637153,
2020-12-13 00:00:00+00:00,82.1279737655051,82.1279737655051,82.1279737655051,82.1279737655051,
2020-12-14 00:00:00+00:00,82.3159189933051,82.3159189933051,82.3159189933051,82.3159189933051,
2020-12-15 00:00:00+00:00,81.3846248811249,81.3846248811249,81.3846248811249,81.3846248811249,
2020-12-16 00:00:00+00:00,92.5083834891423,92.5083834891423,92.5083834891423,92.5083834891423,
2020-12-17 00:00:00+00:00,101.613286602413,101.613286602413,101.613286602413,101.613286602413,
2020-12-18 00:00:00+00:00,108.614534107978,108.614534107978,108.614534107978,108.614534107978,
2020-12-19 00:00:00+00:00,120.392590580068,120.392590580068,120.392590580068,120.392590580068,
2020-12-20 00:00:00+00:00,114.852640874304,114.852640874304,114.852640874304,114.852640874304,
2020-12-21 00:00:00+00:00,105.509188477551,105.509188477551,105.509188477551,105.509188477551,
2020-12-22 00:00:00+00:00,113.500041132388,113.500041132388,113.500041132388,113.500041132388,
2020-12-23 00:00:00+00:00,103.425946806611,103.425946806611,103.425946806611,103.425946806611,
2020-12-24 00:00:00+00:00,111.018543348113,111.018543348113,111.018543348113,111.018543348113,
2020-12-25 00:00:00+00:00,127.184445914547,127.184445914547,127.184445914547,127.184445914547,
2020-12-26 00:00:00+00:00,129.620887909683,129.620887909683,129.620887909683,129.620887909683,
2020-12-27 00:00:00+00:00,128.627460518287,128.627460518287,128.627460518287,128.627460518287,
2020-12-28 00:00:00+00:00,130.253566972128,130.253566972128,130.253566972128,130.253566972128,
2020-12-29 00:00:00+00:00,128.313966447425,128.313966447425,128.313966447425,128.313966447425,
2020-12-30 00:00:00+00:00,128.674721884027,128.674721884027,128.674721884027,128.674721884027,
2020-12-31 00:00:00+00:00,124.822577039248,124.822577039248,124.822577039248,124.822577039248,
2021-01-01 00:00:00+00:00,126.167019193361,126.167019193361,126.167019193361,126.167019193361,
2021-01-02 00:00:00+00:00,137.286798942509,137.286798942509,137.286798942509,137.286798942509,
2021-01-03 00:00:00+00:00,160.973967127804,160.973967127804,160.973967127804,160.973967127804,
2021-01-04 00:00:00+00:00,154.307963318761,154.307963318761,154.307963318761,154.307963318761,
2021-01-05 00:00:00+00:00,159.085910447875,159.085910447875,159.085910447875,159.085910447875,
2021-01-06 00:00:00+00:00,168.402759613178,168.402759613178,168.402759613178,168.402759613178,
2021-01-07 00:00:00+00:00,168.94635805727,168.94635805727,168.94635805727,168.94635805727,
2021-01-08 00:00:00+00:00,173.11836098248,173.11836098248,173.11836098248,173.11836098248,
2021-01-09 00:00:00+00:00,177.386824372625,177.386824372625,177.386824372625,177.386824372625,
2021-01-10 00:00:00+00:00,170.884365937618,170.884365937618,170.884365937618,170.884365937618,
2021-01-11 00:00:00+00:00,138.616116668635,138.616116668635,138.616116668635,138.616116668635,
2021-01-12 00:00:00+00:00,132.074768947139,132.074768947139,132.074768947139,132.074768947139,
2021-01-13 00:00:00+00:00,146.951758671925,146.951758671925,146.951758671925,146.951758671925,
2021-01-14 00:00:00+00:00,151.41468475924,151.41468475924,151.41468475924,151.41468475924,
2021-01-15 00:00:00+00:00,144.085506499548,144.085506499548,144.085506499548,144.085506499548,
2021-01-16 00:00:00+00:00,144.191069187842,144.191069187842,144.191069187842,144.191069187842,
2021-01-17 00:00:00+00:00,143.355445020588,143.355445020588,143.355445020588,143.355445020588,
2021-01-18 00:00:00+00:00,151.422041281709,151.422041281709,151.422041281709,151.422041281709,
2021-01-19 00:00:00+00:00,155.182440910531,155.182440910531,155.182440910531,155.182440910531,
2021-01-20 00:00:00+00:00,149.559338386746,149.559338386746,149.559338386746,149.559338386746,
2021-01-21 00:00:00+00:00,131.225301011894,131.225301011894,131.225301011894,131.225301011894,
2021-01-22 00:00:00+00:00,137.887821504431,137.887821504431,137.887821504431,137.887821504431,
2021-01-23 00:00:00+00:00,137.664312086863,137.664312086863,137.664312086863,137.664312086863,
2021-01-24 00:00:00+00:00,140.764864923681,140.764864923681,140.764864923681,140.764864923681,
2021-01-25 00:00:00+00:00,137.392844422433,137.392844422433,137.392844422433,137.392844422433,
2021-01-26 00:00:00+00:00,135.26318620742,135.26318620742,135.26318620742,135.26318620742,
2021-01-27 00:00:00+00:00,122.783667050949,122.783667050949,122.783667050949,122.783667050949,
2021-01-28 00:00:00+00:00,134.352303623205,134.352303623205,134.352303623205,134.352303623205,
2021-01-29 00:00:00+00:00,134.904035812356,134.904035812356,134.904035812356,134.904035812356,
2021-01-30 00:00:00+00:00,133.474925008821,133.474925008821,133.474925008821,133.474925008821,
2021-01-31 00:00:00+00:00,129.779675792711,129.779675792711,129.779675792711,129.779675792711,
2021-02-01 00:00:00+00:00,132.619334970747,132.619334970747,132.619334970747,132.619334970747,
2021-02-02 00:00:00+00:00,143.072456529602,143.072456529602,143.072456529602,143.072456529602,
2021-02-03 00:00:00+00:00,155.80169696784,155.80169696784,155.80169696784,155.80169696784,
2021-02-04 00:00:00+00:00,146.620094152422,146.620094152422,146.620094152422,146.620094152422,
2021-02-05 00:00:00+00:00,154.447522123038,154.447522123038,154.447522123038,154.447522123038,
2021-02-06 00:00:00+00:00,155.792848767112,155.792848767112,155.792848767112,155.792848767112,
2021-02-07 00:00:00+00:00,151.527331344952,151.527331344952,151.527331344952,151.527331344952,
2021-02-08 00:00:00+00:00,167.325227179183,167.325227179183,167.325227179183,167.325227179183,
2021-02-09 00:00:00+00:00,179.73615559152,179.73615559152,179.73615559152,179.73615559152,
2021-02-10 00:00:00+00:00,182.367414369417,182.367414369417,182.367414369417,182.367414369417,
2021-02-11 00:00:00+00:00,185.497342467525,185.497342467525,185.497342467525,185.497342467525,
2021-02-12 00:00:00+00:00,198.126957638458,198.126957638458,198.126957638458,198.126957638458,
2021-02-13 00:00:00+00:00,226.905993016187,226.905993016187,226.905993016187,226.905993016187,
2021-02-14 00:00:00+00:00,215.759584295992,215.759584295992,215.759584295992,215.759584295992,
2021-02-15 00:00:00+00:00,209.532994790494,209.532994790494,209.532994790494,209.532994790494,
2021-02-16 00:00:00+00:00,209.597179809236,209.597179809236,209.597179809236,209.597179809236,
2021-02-17 00:00:00+00:00,235.870927068011,235.870927068011,235.870927068011,235.870927068011,
2021-02-18 00:00:00+00:00,226.584444928088,226.584444928088,226.584444928088,226.584444928088,
2021-02-19 00:00:00+00:00,237.31104007136,237.31104007136,237.31104007136,237.31104007136,
2021-02-20 00:00:00+00:00,226.407581108246,226.407581108246,226.407581108246,226.407581108246,
2021-02-21 00:00:00+00:00,227.274573209166,227.274573209166,227.274573209166,227.274573209166,
2021-02-22 00:00:00+00:00,206.408684223815,206.408684223815,206.408684223815,206.408684223815,
2021-02-23 00:00:00+00:00,175.430642153697,175.430642153697,175.430642153697,175.430642153697,
2021-02-24 00:00:00+00:00,180.622048601708,180.622048601708,180.622048601708,180.622048601708,
2021-02-25 00:00:00+00:00,182.627454278357,182.627454278357,182.627454278357,182.627454278357,
2021-02-26 00:00:00+00:00,170.081058680456,170.081058680456,170.081058680456,170.081058680456,
2021-02-27 00:00:00+00:00,170.857928457133,170.857928457133,170.857928457133,170.857928457133,
2021-02-28 00:00:00+00:00,165.953098528752,165.953098528752,165.953098528752,165.953098528752,
2021-03-01 00:00:00+00:00,175.664684991833,175.664684991833,175.664684991833,175.664684991833,
2021-03-02 00:00:00+00:00,177.46770266771,177.46770266771,177.46770266771,177.46770266771,
2021-03-03 00:00:00+00:00,189.700224413589,189.700224413589,189.700224413589,189.700224413589,
2021-03-04 00:00:00+00:00,180.837028787726,180.837028787726,180.837028787726,180.837028787726,
2021-03-05 00:00:00+00:00,180.233422990088,180.233422990088,180.233422990088,180.233422990088,
2021-03-06 00:00:00+00:00,183.216630829627,183.216630829627,183.216630829627,183.216630829627,
2021-03-07 00:00:00+00:00,190.442175763021,190.442175763021,190.442175763021,190.442175763021,
2021-03-08 00:00:00+00:00,191.094505217062,191.094505217062,191.094505217062,191.094505217062,
2021-03-09 00:00:00+00:00,203.474149552087,203.474149552087,203.474149552087,203.474149552087,
2021-03-10 00:00:00+00:00,200.997013652632,200.997013652632,200.997013652632,200.997013652632,
2021-03-11 00:00:00+00:00,201.481612121755,201.481612121755,201.481612121755,201.481612121755,
2021-03-12 00:00:00+00:00,220.869897133988,220.869897133988,220.869897133988,220.869897133988,
2021-03-13 00:00:00+00:00,226.998706216844,226.998706216844,226.998706216844,226.998706216844,
2021-03-14 00:00:00+00:00,217.78133797207,217.78133797207,217.78133797207,217.78133797207,
2021-03-15 00:00:00+00:00,202.337036078963,202.337036078963,202.337036078963,202.337036078963,
2021-03-16 00:00:00+00:00,200.270589852044,200.270589852044,200.270589852044,200.270589852044,
2021-03-17 00:00:00+00:00,205.654084980976,205.654084980976,205.654084980976,205.654084980976,
2021-03-18 00:00:00+00:00,200.1936629787,200.1936629787,200.1936629787,200.1936629787,
2021-03-19 00:00:00+00:00,200.068416159829,200.068416159829,200.068416159829,200.068416159829,
2021-03-20 00:00:00+00:00,200.33803497928,200.33803497928,200.33803497928,200.33803497928,
2021-03-21 00:00:00+00:00,195.69319083122,195.69319083122,195.69319083122,195.69319083122,
2021-03-22 00:00:00+00:00,186.86267638056,186.86267638056,186.86267638056,186.86267638056,
2021-03-23 00:00:00+00:00,186.542879213088,186.542879213088,186.542879213088,186.542879213088,
2021-03-24 00:00:00+00:00,177.247972230575,177.247972230575,177.247972230575,177.247972230575,
2021-03-25 00:00:00+00:00,172.043507976061,172.043507976061,172.043507976061,172.043507976061,
2021-03-26 00:00:00+00:00,183.134436779422,183.134436779422,183.134436779422,183.134436779422,
2021-03-27 00:00:00+00:00,184.363824411064,184.363824411064,184.363824411064,184.363824411064,
2021-03-28 00:00:00+00:00,183.849209985194,183.849209985194,183.849209985194,183.849209985194,
2021-03-29 00:00:00+00:00,193.710867042792,193.710867042792,193.710867042792,193.710867042792,
2021-03-30 00:00:00+00:00,195.683137477054,195.683137477054,195.683137477054,195.683137477054,
2021-03-31 00:00:00+00:00,196.931402373199,196.931402373199,196.931402373199,196.931402373199,
2021-04-01 00:00:00+00:00,202.666612759354,202.666612759354,202.666612759354,202.666612759354,
2021-04-02 00:00:00+00:00,211.996774344775,211.996774344775,211.996774344775,211.996774344775,
2021-04-03 00:00:00+00:00,197.181185663074,197.181185663074,197.181185663074,197.181185663074,
2021-04-04 00:00:00+00:00,202.713193969827,202.713193969827,202.713193969827,202.713193969827,
2021-04-05 00:00:00+00:00,219.488367712929,219.488367712929,219.488367712929,219.488367712929,
2021-04-06 00:00:00+00:00,238.027175088781,238.027175088781,238.027175088781,238.027175088781,
2021-04-07 00:00:00+00:00,221.133637988865,221.133637988865,221.133637988865,221.133637988865,
2021-04-08 00:00:00+00:00,226.099346872601,226.099346872601,226.099346872601,226.099346872601,
2021-04-09 00:00:00+00:00,220.676399630811,220.676399630811,220.676399630811,220.676399630811,
2021-04-10 00:00:00+00:00,250.677403414199,250.677403414199,250.677403414199,250.677403414199,
2021-04-11 00:00:00+00:00,251.137091633351,251.137091633351,251.137091633351,251.137091633351,
2021-04-12 00:00:00+00:00,245.181175299088,245.181175299088,245.181175299088,245.181175299088,
2021-04-13 00:00:00+00:00,266.465122946952,266.465122946952,266.465122946952,266.465122946952,
2021-04-14 00:00:00+00:00,278.525988243316,278.525988243316,278.525988243316,278.525988243316,
2021-04-15 00:00:00+00:00,287.025729841427,287.025729841427,287.025729841427,287.025729841427,
2021-04-16 00:00:00+00:00,312.240975722629,312.240975722629,312.240975722629,312.240975722629,
2021-04-17 00:00:00+00:00,304.529103502948,304.529103502948,304.529103502948,304.529103502948,
2021-04-18 00:00:00+00:00,274.803481327746,274.803481327746,274.803481327746,274.803481327746,
2021-04-19 00:00:00+00:00,262.467778189086,262.467778189086,262.467778189086,262.467778189086,
2021-04-20 00:00:00+00:00,262.82667392965,262.82667392965,262.82667392965,262.82667392965,
2021-04-21 00:00:00+00:00,258.653133972881,258.653133972881,258.653133972881,258.653133972881,
2021-04-22 00:00:00+00:00,254.776325918696,254.776325918696,254.776325918696,254.776325918696,
2021-04-23 00:00:00+00:00,240.308762689062,240.308762689062,240.308762689062,240.308762689062,
2021-04-24 00:00:00+00:00,226.941172867656,226.941172867656,226.941172867656,226.941172867656,
2021-04-25 00:00:00+00:00,222.853588497587,222.853588497587,222.853588497587,222.853588497587,
2021-04-26 00:00:00+00:00,245.734835257415,245.734835257415,245.734835257415,245.734835257415,
2021-04-27 00:00:00+00:00,259.529888931462,259.529888931462,259.529888931462,259.529888931462,
2021-04-28 00:00:00+00:00,258.710181209357,258.710181209357,258.710181209357,258.710181209357,
2021-04-29 00:00:00+00:00,255.335223189533,255.335223189533,255.335223189533,255.335223189533,
2021-04-30 00:00:00+00:00,271.678779260227,271.678779260227,271.678779260227,271.678779260227,
2021-05-01 00:00:00+00:00,277.16695992993,277.16695992993,277.16695992993,277.16695992993,
2021-05-02 00:00:00+00:00,268.962596311921,268.962596311921,268.962596311921,268.962596311921,
2021-05-03 00:00:00+00:00,295.263731832104,295.263731832104,295.263731832104,295.263731832104,
2021-05-04 00:00:00+00:00,310.220897214318,310.220897214318,310.220897214318,310.220897214318,
2021-05-05 00:00:00+00:00,354.487575203619,354.487575203619,354.487575203619,354.487575203619,
2021-05-06 00:00:00+00:00,354.690866389383,354.690866389383,354.690866389383,354.690866389383,
2021-05-07 00:00:00+00:00,345.99588623435,345.99588623435,345.99588623435,345.99588623435,
2021-05-08 00:00:00+00:00,345.5170220342,345.5170220342,345.5170220342,345.5170220342,
2021-05-09 00:00:00+00:00,385.473617544608,385.473617544608,385.473617544608,385.473617544608,
2021-05-10 00:00:00+00:00,361.784409293739,361.784409293739,361.784409293739,361.784409293739,
2021-05-11 00:00:00+00:00,375.415735080899,375.415735080899,375.415735080899,375.415735080899,
2021-05-12 00:00:00+00:00,322.568527158381,322.568527158381,322.568527158381,322.568527158381,
2021-05-13 00:00:00+00:00,312.043063537105,312.043063537105,312.043063537105,312.043063537105,
2021-05-14 00:00:00+00:00,326.938124350765,326.938124350765,326.938124350765,326.938124350765,
2021-05-15 00:00:00+00:00,301.121245228009,301.121245228009,301.121245228009,301.121245228009,
2021-05-16 00:00:00+00:00,294.267168797231,294.267168797231,294.267168797231,294.267168797231,
2021-05-17 00:00:00+00:00,281.707483939102,281.707483939102,281.707483939102,281.707483939102,
2021-05-18 00:00:00+00:00,292.644321343521,292.644321343521,292.644321343521,292.644321343521,
2021-05-19 00:00:00+00:00,194.849709788841,194.849709788841,194.849709788841,194.849709788841,
2021-05-20 00:00:00+00:00,211.305347711832,211.305347711832,211.305347711832,211.305347711832,
2021-05-21 00:00:00+00:00,178.762577129019,178.762577129019,178.762577129019,178.762577129019,
2021-05-22 00:00:00+00:00,171.300045598743,171.300045598743,171.300045598743,171.300045598743,
2021-05-23 00:00:00+00:00,143.299481962513,143.299481962513,143.299481962513,143.299481962513,
2021-05-24 00:00:00+00:00,182.954550271685,182.954550271685,182.954550271685,182.954550271685,
2021-05-25 00:00:00+00:00,182.359387337718,182.359387337718,182.359387337718,182.359387337718,
2021-05-26 00:00:00+00:00,198.358539341967,198.358539341967,198.358539341967,198.358539341967,
2021-05-27 00:00:00+00:00,193.744541019434,193.744541019434,193.744541019434,193.744541019434,
2021-05-28 00:00:00+00:00,176.128975326915,176.128975326915,176.128975326915,176.128975326915,
2021-05-29 00:00:00+00:00,164.28516647528,164.28516647528,164.28516647528,164.28516647528,
2021-05-30 00:00:00+00:00,171.013935853619,171.013935853619,171.013935853619,171.013935853619,
2021-05-31 00:00:00+00:00,187.327497108187,187.327497108187,187.327497108187,187.327497108187,
2021-06-01 00:00:00+00:00,183.130563219048,183.130563219048,183.130563219048,183.130563219048,
2021-06-02 00:00:00+00:00,187.848326801519,187.848326801519,187.848326801519,187.848326801519,
2021-06-03 00:00:00+00:00,192.991005496351,192.991005496351,192.991005496351,192.991005496351,
2021-06-04 00:00:00+00:00,179.215842131601,179.215842131601,179.215842131601,179.215842131601,
2021-06-05 00:00:00+00:00,172.222187192451,172.222187192451,172.222187192451,172.222187192451,
2021-06-06 00:00:00+00:00,175.729294702077,175.729294702077,175.729294702077,175.729294702077,
2021-06-07 00:00:00+00:00,162.36749083414,162.36749083414,162.36749083414,162.36749083414,
2021-06-08 00:00:00+00:00,161.289871031461,161.289871031461,161.289871031461,161.289871031461,
2021-06-09 00:00:00+00:00,171.856449870998,171.856449870998,171.856449870998,171.856449870998,
2021-06-10 00:00:00+00:00,168.760062307006,168.760062307006,168.760062307006,168.760062307006,
2021-06-11 00:00:00+00:00,162.064927468989,162.064927468989,162.064927468989,162.064927468989,
2021-06-12 00:00:00+00:00,162.624283296185,162.624283296185,162.624283296185,162.624283296185,
2021-06-13 00:00:00+00:00,170.565541345744,170.565541345744,170.565541345744,170.565541345744,
2021-06-14 00:00:00+00:00,178.749147972778,178.749147972778,178.749147972778,178.749147972778,
2021-06-15 00:00:00+00:00,175.393454177325,175.393454177325,175.393454177325,175.393454177325,
2021-06-16 00:00:00+00:00,165.817467456625,165.817467456625,165.817467456625,165.817467456625,
2021-06-17 00:00:00+00:00,166.538087584362,166.538087584362,166.538087584362,166.538087584362,
2021-06-18 00:00:00+00:00,155.920730315332,155.920730315332,155.920730315332,155.920730315332,
2021-06-19 00:00:00+00:00,153.212961679089,153.212961679089,153.212961679089,153.212961679089,
2021-06-20 00:00:00+00:00,154.74262764444,154.74262764444,154.74262764444,154.74262764444,
2021-06-21 00:00:00+00:00,126.126965230082,126.126965230082,126.126965230082,126.126965230082,
2021-06-22 00:00:00+00:00,118.91101974905,118.91101974905,118.91101974905,118.91101974905,
2021-06-23 00:00:00+00:00,128.232185452848,128.232185452848,128.232185452848,128.232185452848,
2021-06-24 00:00:00+00:00,134.23673493804,134.23673493804,134.23673493804,134.23673493804,
2021-06-25 00:00:00+00:00,126.527347863877,126.527347863877,126.527347863877,126.527347863877,
2021-06-26 00:00:00+00:00,125.087792085456,125.087792085456,125.087792085456,125.087792085456,
2021-06-27 00:00:00+00:00,131.563207926004,131.563207926004,131.563207926004,131.563207926004,
2021-06-28 00:00:00+00:00,137.097390119288,137.097390119288,137.097390119288,137.097390119288,
2021-06-29 00:00:00+00:00,144.342916884886,144.342916884886,144.342916884886,144.342916884886,
2021-06-30 00:00:00+00:00,144.103735328788,144.103735328788,144.103735328788,144.103735328788,
2021-07-01 00:00:00+00:00,137.563302593712,137.563302593712,137.563302593712,137.563302593712,
2021-07-02 00:00:00+00:00,136.647477963935,136.647477963935,136.647477963935,136.647477963935,
2021-07-03 00:00:00+00:00,139.595981797262,139.595981797262,139.595981797262,139.595981797262,
2021-07-04 00:00:00+00:00,145.227147192947,145.227147192947,145.227147192947,145.227147192947,
2021-07-05 00:00:00+00:00,138.805518238214,138.805518238214,138.805518238214,138.805518238214,
2021-07-06 00:00:00+00:00,138.514312936476,138.514312936476,138.514312936476,138.514312936476,
2021-07-07 00:00:00+00:00,137.481150098561,137.481150098561,137.481150098561,137.481150098561,
2021-07-08 00:00:00+00:00,131.908161981107,131.908161981107,131.908161981107,131.908161981107,
2021-07-09 00:00:00+00:00,134.964432998221,134.964432998221,134.964432998221,134.964432998221,
2021-07-10 00:00:00+00:00,134.253682639687,134.253682639687,134.253682639687,134.253682639687,
2021-07-11 00:00:00+00:00,134.12545821675,134.12545821675,134.12545821675,134.12545821675,
2021-07-12 00:00:00+00:00,133.357751953156,133.357751953156,133.357751953156,133.357751953156,
2021-07-13 00:00:00+00:00,131.111212564147,131.111212564147,131.111212564147,131.111212564147,
2021-07-14 00:00:00+00:00,130.836750366474,130.836750366474,130.836750366474,130.836750366474,
2021-07-15 00:00:00+00:00,125.526617292041,125.526617292041,125.526617292041,125.526617292041,
2021-07-16 00:00:00+00:00,121.568843313216,121.568843313216,121.568843313216,121.568843313216,
2021-07-17 00:00:00+00:00,120.034291633317,120.034291633317,120.034291633317,120.034291633317,
2021-07-18 00:00:00+00:00,119.045122229076,119.045122229076,119.045122229076,119.045122229076,
2021-07-19 00:00:00+00:00,113.700670434702,113.700670434702,113.700670434702,113.700670434702,
2021-07-20 00:00:00+00:00,107.250543635481,107.250543635481,107.250543635481,107.250543635481,
2021-07-21 00:00:00+00:00,117.417946269249,117.417946269249,117.417946269249,117.417946269249,
2021-07-22 00:00:00+00:00,120.585712983418,120.585712983418,120.585712983418,120.585712983418,
2021-07-23 00:00:00+00:00,123.88002801427,123.88002801427,123.88002801427,123.88002801427,
2021-07-24 00:00:00+00:00,125.507561228879,125.507561228879,125.507561228879,125.507561228879,
2021-07-25 00:00:00+00:00,126.742975998881,126.742975998881,126.742975998881,126.742975998881,
2021-07-26 00:00:00+00:00,131.64127240931,131.64127240931,131.64127240931,131.64127240931,
2021-07-27 00:00:00+00:00,133.870327300787,133.870327300787,133.870327300787,133.870327300787,
2021-07-28 00:00:00+00:00,139.857943804756,139.857943804756,139.857943804756,139.857943804756,
2021-07-29 00:00:00+00:00,141.983246714349,141.983246714349,141.983246714349,141.983246714349,
2021-07-30 00:00:00+00:00,144.930708168911,144.930708168911,144.930708168911,144.930708168911,
2021-07-31 00:00:00+00:00,145.323591649627,145.323591649627,145.323591649627,145.323591649627,
2021-08-01 00:00:00+00:00,140.950515690519,140.950515690519,140.950515690519,140.950515690519,
2021-08-02 00:00:00+00:00,141.742756262491,141.742756262491,141.742756262491,141.742756262491,
2021-08-03 00:00:00+00:00,138.759524901495,138.759524901495,138.759524901495,138.759524901495,
2021-08-04 00:00:00+00:00,142.87031808355,142.87031808355,142.87031808355,142.87031808355,
2021-08-05 00:00:00+00:00,143.757270561775,143.757270561775,143.757270561775,143.757270561775,
2021-08-06 00:00:00+00:00,147.86699552757,147.86699552757,147.86699552757,147.86699552757,
2021-08-07 00:00:00+00:00,155.725876033647,155.725876033647,155.725876033647,155.725876033647,
2021-08-08 00:00:00+00:00,150.278503974349,150.278503974349,150.278503974349,150.278503974349,
2021-08-09 00:00:00+00:00,166.57570406216,166.57570406216,166.57570406216,166.57570406216,
2021-08-10 00:00:00+00:00,165.184116567655,165.184116567655,165.184116567655,165.184116567655,
2021-08-11 00:00:00+00:00,170.913314907505,170.913314907505,170.913314907505,170.913314907505,
2021-08-12 00:00:00+00:00,164.912979187278,164.912979187278,164.912979187278,164.912979187278,
2021-08-13 00:00:00+00:00,183.534781092324,183.534781092324,183.534781092324,183.534781092324,
2021-08-14 00:00:00+00:00,182.720812680052,182.720812680052,182.720812680052,182.720812680052,
2021-08-15 00:00:00+00:00,184.841087760915,184.841087760915,184.841087760915,184.841087760915,
2021-08-16 00:00:00+00:00,178.400714937882,178.400714937882,178.400714937882,178.400714937882,
2021-08-17 00:00:00+00:00,169.273655629862,169.273655629862,169.273655629862,169.273655629862,
2021-08-18 00:00:00+00:00,168.363161988115,168.363161988115,168.363161988115,168.363161988115,
2021-08-19 00:00:00+00:00,174.923107221207,174.923107221207,174.923107221207,174.923107221207,
2021-08-20 00:00:00+00:00,183.343660584644,183.343660584644,183.343660584644,183.343660584644,
2021-08-21 00:00:00+00:00,180.543527539013,180.543527539013,180.543527539013,180.543527539013,
2021-08-22 00:00:00+00:00,185.916554711869,185.916554711869,185.916554711869,185.916554711869,
2021-08-23 00:00:00+00:00,187.246991613656,187.246991613656,187.246991613656,187.246991613656,
2021-08-24 00:00:00+00:00,174.266004234391,174.266004234391,174.266004234391,174.266004234391,
2021-08-25 00:00:00+00:00,178.004946911949,178.004946911949,178.004946911949,178.004946911949,
2021-08-26 00:00:00+00:00,169.47011679873,169.47011679873,169.47011679873,169.47011679873,
2021-08-27 00:00:00+00:00,175.688568413869,175.688568413869,175.688568413869,175.688568413869,
2021-08-28 00:00:00+00:00,175.248295572611,175.248295572611,175.248295572611,175.248295572611,
2021-08-29 00:00:00+00:00,175.238648704489,175.238648704489,175.238648704489,175.238648704489,
2021-08-30 00:00:00+00:00,167.804896361132,167.804896361132,167.804896361132,167.804896361132,
2021-08-31 00:00:00+00:00,171.597822864396,171.597822864396,171.597822864396,171.597822864396,
2021-09-01 00:00:00+00:00,181.278064088618,181.278064088618,181.278064088618,181.278064088618,
2021-09-02 00:00:00+00:00,184.014631024606,184.014631024606,184.014631024606,184.014631024606,
2021-09-03 00:00:00+00:00,211.734863988159,211.734863988159,211.734863988159,211.734863988159,
2021-09-04 00:00:00+00:00,212.83507984301,212.83507984301,212.83507984301,212.83507984301,
2021-09-05 00:00:00+00:00,228.514271227632,228.514271227632,228.514271227632,228.514271227632,
2021-09-06 00:00:00+00:00,219.12169566515,219.12169566515,219.12169566515,219.12169566515,
2021-09-07 00:00:00+00:00,178.155056838155,178.155056838155,178.155056838155,178.155056838155,
2021-09-08 00:00:00+00:00,179.829194986054,179.829194986054,179.829194986054,179.829194986054,
2021-09-09 00:00:00+00:00,180.850879411559,180.850879411559,180.850879411559,180.850879411559,
2021-09-10 00:00:00+00:00,173.657405607617,173.657405607617,173.657405607617,173.657405607617,
2021-09-11 00:00:00+00:00,177.998036444034,177.998036444034,177.998036444034,177.998036444034,
2021-09-12 00:00:00+00:00,183.667543097693,183.667543097693,183.667543097693,183.667543097693,
2021-09-13 00:00:00+00:00,179.791116302627,179.791116302627,179.791116302627,179.791116302627,
2021-09-14 00:00:00+00:00,182.835753505421,182.835753505421,182.835753505421,182.835753505421,
2021-09-15 00:00:00+00:00,188.635114151007,188.635114151007,188.635114151007,188.635114151007,
2021-09-16 00:00:00+00:00,185.731791208025,185.731791208025,185.731791208025,185.731791208025,
2021-09-17 00:00:00+00:00,179.58371487878,179.58371487878,179.58371487878,179.58371487878,
2021-09-18 00:00:00+00:00,181.127938977359,181.127938977359,181.127938977359,181.127938977359,
2021-09-19 00:00:00+00:00,175.21638075344,175.21638075344,175.21638075344,175.21638075344,
2021-09-20 00:00:00+00:00,156.567568883819,156.567568883819,156.567568883819,156.567568883819,
2021-09-21 00:00:00+00:00,147.484006509403,147.484006509403,147.484006509403,147.484006509403,
2021-09-22 00:00:00+00:00,160.851541533419,160.851541533419,160.851541533419,160.851541533419,
2021-09-23 00:00:00+00:00,163.714578519346,163.714578519346,163.714578519346,163.714578519346,
2021-09-24 00:00:00+00:00,152.030286761109,152.030286761109,152.030286761109,152.030286761109,
2021-09-25 00:00:00+00:00,151.395016336391,151.395016336391,151.395016336391,151.395016336391,
2021-09-26 00:00:00+00:00,149.926653998585,149.926653998585,149.926653998585,149.926653998585,
2021-09-27 00:00:00+00:00,146.308120818697,146.308120818697,146.308120818697,146.308120818697,
2021-09-28 00:00:00+00:00,141.350766190989,141.350766190989,141.350766190989,141.350766190989,
2021-09-29 00:00:00+00:00,144.439711013809,144.439711013809,144.439711013809,144.439711013809,
2021-09-30 00:00:00+00:00,152.941524774188,152.941524774188,152.941524774188,152.941524774188,
2021-10-01 00:00:00+00:00,165.798480204083,165.798480204083,165.798480204083,165.798480204083,
2021-10-02 00:00:00+00:00,169.617377612792,169.617377612792,169.617377612792,169.617377612792,
2021-10-03 00:00:00+00:00,170.718751038274,170.718751038274,170.718751038274,170.718751038274,
2021-10-04 00:00:00+00:00,167.810615333922,167.810615333922,167.810615333922,167.810615333922,
2021-10-05 00:00:00+00:00,173.97306356935,173.97306356935,173.97306356935,173.97306356935,
2021-10-06 00:00:00+00:00,179.135814015018,179.135814015018,179.135814015018,179.135814015018,
2021-10-07 00:00:00+00:00,178.420866897067,178.420866897067,178.420866897067,178.420866897067,
2021-10-08 00:00:00+00:00,175.669250258652,175.669250258652,175.669250258652,175.669250258652,
2021-10-09 00:00:00+00:00,179.958002346916,179.958002346916,179.958002346916,179.958002346916,
2021-10-10 00:00:00+00:00,175.436418174731,175.436418174731,175.436418174731,175.436418174731,
2021-10-11 00:00:00+00:00,178.319773893369,178.319773893369,178.319773893369,178.319773893369,
2021-10-12 00:00:00+00:00,172.291733517106,172.291733517106,172.291733517106,172.291733517106,
2021-10-13 00:00:00+00:00,177.457126022622,177.457126022622,177.457126022622,177.457126022622,
2021-10-14 00:00:00+00:00,180.307191420146,180.307191420146,180.307191420146,180.307191420146,
2021-10-15 00:00:00+00:00,189.276734426949,189.276734426949,189.276734426949,189.276734426949,
2021-10-16 00:00:00+00:00,186.519314163205,186.519314163205,186.519314163205,186.519314163205,
2021-10-17 00:00:00+00:00,183.558971174808,183.558971174808,183.558971174808,183.558971174808,
2021-10-18 00:00:00+00:00,185.511248643668,185.511248643668,185.511248643668,185.511248643668,
2021-10-19 00:00:00+00:00,188.500465405627,188.500465405627,188.500465405627,188.500465405627,
2021-10-20 00:00:00+00:00,206.965248605367,206.965248605367,206.965248605367,206.965248605367,
2021-10-21 00:00:00+00:00,197.228227455082,197.228227455082,197.228227455082,197.228227455082,
2021-10-22 00:00:00+00:00,191.01775928109,191.01775928109,191.01775928109,191.01775928109,
2021-10-23 00:00:00+00:00,195.978099366032,195.978099366032,195.978099366032,195.978099366032,
2021-10-24 00:00:00+00:00,190.164676341443,190.164676341443,190.164676341443,190.164676341443,
2021-10-25 00:00:00+00:00,195.31938627276,195.31938627276,195.31938627276,195.31938627276,
2021-10-26 00:00:00+00:00,197.51619563598,197.51619563598,197.51619563598,197.51619563598,
2021-10-27 00:00:00+00:00,180.740687292057,180.740687292057,180.740687292057,180.740687292057,
2021-10-28 00:00:00+00:00,189.960634761281,189.960634761281,189.960634761281,189.960634761281,
2021-10-29 00:00:00+00:00,196.341457663253,196.341457663253,196.341457663253,196.341457663253,
2021-10-30 00:00:00+00:00,189.767493622037,189.767493622037,189.767493622037,189.767493622037,
2021-10-31 00:00:00+00:00,192.08986563231,192.08986563231,192.08986563231,192.08986563231,
2021-11-01 00:00:00+00:00,197.802055180334,197.802055180334,197.802055180334,197.802055180334,
2021-11-02 00:00:00+00:00,200.103248286396,200.103248286396,200.103248286396,200.103248286396,
2021-11-03 00:00:00+00:00,206.885382615248,206.885382615248,206.885382615248,206.885382615248,
2021-11-04 00:00:00+00:00,202.664256784211,202.664256784211,202.664256784211,202.664256784211,
2021-11-05 00:00:00+00:00,199.233978831464,199.233978831464,199.233978831464,199.233978831464,
2021-11-06 00:00:00+00:00,197.679672210898,197.679672210898,197.679672210898,197.679672210898,
2021-11-07 00:00:00+00:00,201.244905178914,201.244905178914,201.244905178914,201.244905178914,
2021-11-08 00:00:00+00:00,228.457781728342,228.457781728342,228.457781728342,228.457781728342,
2021-11-09 00:00:00+00:00,264.536825286615,264.536825286615,264.536825286615,264.536825286615,
2021-11-10 00:00:00+00:00,258.776728939862,258.776728939862,258.776728939862,258.776728939862,
2021-11-11 00:00:00+00:00,263.254072229705,263.254072229705,263.254072229705,263.254072229705,
2021-11-12 00:00:00+00:00,251.411283834836,251.411283834836,251.411283834836,251.411283834836,
2021-11-13 00:00:00+00:00,257.796557428547,257.796557428547,257.796557428547,257.796557428547,
2021-11-14 00:00:00+00:00,276.56983404001,276.56983404001,276.56983404001,276.56983404001,
2021-11-15 00:00:00+00:00,263.903394695793,263.903394695793,263.903394695793,263.903394695793,
2021-11-16 00:00:00+00:00,231.746643848399,231.746643848399,231.746643848399,231.746643848399,
2021-11-17 00:00:00+00:00,227.621129005062,227.621129005062,227.621129005062,227.621129005062,
2021-11-18 00:00:00+00:00,203.588123124967,203.588123124967,203.588123124967,203.588123124967,
2021-11-19 00:00:00+00:00,218.217233720246,218.217233720246,218.217233720246,218.217233720246,
2021-11-20 00:00:00+00:00,225.24010059721,225.24010059721,225.24010059721,225.24010059721,
2021-11-21 00:00:00+00:00,224.050967719322,224.050967719322,224.050967719322,224.050967719322,
2021-11-22 00:00:00+00:00,209.877796099011,209.877796099011,209.877796099011,209.877796099011,
2021-11-23 00:00:00+00:00,216.888088886305,216.888088886305,216.888088886305,216.888088886305,
2021-11-24 00:00:00+00:00,212.202944567006,212.202944567006,212.202944567006,212.202944567006,
2021-11-25 00:00:00+00:00,223.7370055167,223.7370055167,223.7370055167,223.7370055167,
2021-11-26 00:00:00+00:00,195.930242526899,195.930242526899,195.930242526899,195.930242526899,
2021-11-27 00:00:00+00:00,194.106227563118,194.106227563118,194.106227563118,194.106227563118,
2021-11-28 00:00:00+00:00,199.091797974761,199.091797974761,199.091797974761,199.091797974761,
2021-11-29 00:00:00+00:00,206.966043449491,206.966043449491,206.966043449491,206.966043449491,
2021-11-30 00:00:00+00:00,208.418012331304,208.418012331304,208.418012331304,208.418012331304,
2021-12-01 00:00:00+00:00,208.631799345419,208.631799345419,208.631799345419,208.631799345419,
2021-12-02 00:00:00+00:00,203.697322341151,203.697322341151,203.697322341151,203.697322341151,
2021-12-03 00:00:00+00:00,188.903937444892,188.903937444892,188.903937444892,188.903937444892,
2021-12-04 00:00:00+00:00,163.309188605727,163.309188605727,163.309188605727,163.309188605727,
2021-12-05 00:00:00+00:00,156.117616654203,156.117616654203,156.117616654203,156.117616654203,
2021-12-06 00:00:00+00:00,162.607742298469,162.607742298469,162.607742298469,162.607742298469,
2021-12-07 00:00:00+00:00,161.604918533445,161.604918533445,161.604918533445,161.604918533445,
2021-12-08 00:00:00+00:00,164.660710056481,164.660710056481,164.660710056481,164.660710056481,
2021-12-09 00:00:00+00:00,153.394760685802,153.394760685802,153.394760685802,153.394760685802,
2021-12-10 00:00:00+00:00,150.16366208984,150.16366208984,150.16366208984,150.16366208984,
2021-12-11 00:00:00+00:00,158.218740910477,158.218740910477,158.218740910477,158.218740910477,
2021-12-12 00:00:00+00:00,159.454973808653,159.454973808653,159.454973808653,159.454973808653,
2021-12-13 00:00:00+00:00,145.037762105046,145.037762105046,145.037762105046,145.037762105046,
2021-12-14 00:00:00+00:00,150.315295440722,150.315295440722,150.315295440722,150.315295440722,
2021-12-15 00:00:00+00:00,153.322829841326,153.322829841326,153.322829841326,153.322829841326,
2021-12-16 00:00:00+00:00,149.207472228279,149.207472228279,149.207472228279,149.207472228279,
2021-12-17 00:00:00+00:00,144.5353922438,144.5353922438,144.5353922438,144.5353922438,
2021-12-18 00:00:00+00:00,148.977169344487,148.977169344487,148.977169344487,148.977169344487,
2021-12-19 00:00:00+00:00,153.946309228565,153.946309228565,153.946309228565,153.946309228565,
2021-12-20 00:00:00+00:00,152.848452397898,152.848452397898,152.848452397898,152.848452397898,
2021-12-21 00:00:00+00:00,155.216274552998,155.216274552998,155.216274552998,155.216274552998,
2021-12-22 00:00:00+00:00,155.475196292657,155.475196292657,155.475196292657,155.475196292657,
2021-12-23 00:00:00+00:00,163.208820991106,163.208820991106,163.208820991106,163.208820991106,
2021-12-24 00:00:00+00:00,161.244982101757,161.244982101757,161.244982101757,161.244982101757,
2021-12-25 00:00:00+00:00,158.603032947527,158.603032947527,158.603032947527,158.603032947527,
2021-12-26 00:00:00+00:00,156.156787604998,156.156787604998,156.156787604998,156.156787604998,
2021-12-27 00:00:00+00:00,156.236643088304,156.236643088304,156.236643088304,156.236643088304,
2021-12-28 00:00:00+00:00,146.404857378559,146.404857378559,146.404857378559,146.404857378559,
2021-12-29 00:00:00+00:00,145.626437737482,145.626437737482,145.626437737482,145.626437737482,
2021-12-30 00:00:00+00:00,147.77767236447,147.77767236447,147.77767236447,147.77767236447,
2021-12-31 00:00:00+00:00,146.489834772915,146.489834772915,146.489834772915,146.489834772915,
2022-01-01 00:00:00+00:00,150.236871457458,150.236871457458,150.236871457458,150.236871457458,
2022-01-02 00:00:00+00:00,151.406203784606,151.406203784606,151.406203784606,151.406203784606,
2022-01-03 00:00:00+00:00,148.527140359694,148.527140359694,148.527140359694,148.527140359694,
2022-01-04 00:00:00+00:00,146.568501537152,146.568501537152,146.568501537152,146.568501537152,
2022-01-05 00:00:00+00:00,135.518813810126,135.518813810126,135.518813810126,135.518813810126,
2022-01-06 00:00:00+00:00,136.422526180451,136.422526180451,136.422526180451,136.422526180451,
2022-01-07 00:00:00+00:00,131.026541406052,131.026541406052,131.026541406052,131.026541406052,
2022-01-08 00:00:00+00:00,129.99058260268,129.99058260268,129.99058260268,129.99058260268,
2022-01-09 00:00:00+00:00,131.031173716065,131.031173716065,131.031173716065,131.031173716065,
2022-01-10 00:00:00+00:00,126.693325986879,126.693325986879,126.693325986879,126.693325986879,
2022-01-11 00:00:00+00:00,131.595879423176,131.595879423176,131.595879423176,131.595879423176,
2022-01-12 00:00:00+00:00,141.653640911692,141.653640911692,141.653640911692,141.653640911692,
2022-01-13 00:00:00+00:00,137.008679797725,137.008679797725,137.008679797725,137.008679797725,
2022-01-14 00:00:00+00:00,144.619673468022,144.619673468022,144.619673468022,144.619673468022,
2022-01-15 00:00:00+00:00,147.9577217338,147.9577217338,147.9577217338,147.9577217338,
2022-01-16 00:00:00+00:00,146.645957477868,146.645957477868,146.645957477868,146.645957477868,
2022-01-17 00:00:00+00:00,151.644863380679,151.644863380679,151.644863380679,151.644863380679,
2022-01-18 00:00:00+00:00,141.76692941876,141.76692941876,141.76692941876,141.76692941876,
2022-01-19 00:00:00+00:00,137.181921258477,137.181921258477,137.181921258477,137.181921258477,
2022-01-20 00:00:00+00:00,131.058945956518,131.058945956518,131.058945956518,131.058945956518,
2022-01-21 00:00:00+00:00,114.50413560098,114.50413560098,114.50413560098,114.50413560098,
2022-01-22 00:00:00+00:00,108.230788168883,108.230788168883,108.230788168883,108.230788168883,
2022-01-23 00:00:00+00:00,111.918226594679,111.918226594679,111.918226594679,111.918226594679,
2022-01-24 00:00:00+00:00,109.595783290373,109.595783290373,109.595783290373,109.595783290373,
2022-01-25 00:00:00+00:00,108.136518597886,108.136518597886,108.136518597886,108.136518597886,
2022-01-26 00:00:00+00:00,106.991813174002,106.991813174002,106.991813174002,106.991813174002,
2022-01-27 00:00:00+00:00,106.623482799329,106.623482799329,106.623482799329,106.623482799329,
2022-01-28 00:00:00+00:00,109.303159361029,109.303159361029,109.303159361029,109.303159361029,
2022-01-29 00:00:00+00:00,110.584462017001,110.584462017001,110.584462017001,110.584462017001,
2022-01-30 00:00:00+00:00,108.805532038756,108.805532038756,108.805532038756,108.805532038756,
2022-01-31 00:00:00+00:00,109.502425808186,109.502425808186,109.502425808186,109.502425808186,
2022-02-01 00:00:00+00:00,115.669001034634,115.669001034634,115.669001034634,115.669001034634,
2022-02-02 00:00:00+00:00,108.379623176963,108.379623176963,108.379623176963,108.379623176963,
2022-02-03 00:00:00+00:00,110.094401948132,110.094401948132,110.094401948132,110.094401948132,
2022-02-04 00:00:00+00:00,120.209518101402,120.209518101402,120.209518101402,120.209518101402,
2022-02-05 00:00:00+00:00,122.047113810164,122.047113810164,122.047113810164,122.047113810164,
2022-02-06 00:00:00+00:00,127.070330698522,127.070330698522,127.070330698522,127.070330698522,
2022-02-07 00:00:00+00:00,137.041396884075,137.041396884075,137.041396884075,137.041396884075,
2022-02-08 00:00:00+00:00,134.381984384472,134.381984384472,134.381984384472,134.381984384472,
2022-02-09 00:00:00+00:00,140.56137369698,140.56137369698,140.56137369698,140.56137369698,
2022-02-10 00:00:00+00:00,135.482672515363,135.482672515363,135.482672515363,135.482672515363,
2022-02-11 00:00:00+00:00,126.104902424391,126.104902424391,126.104902424391,126.104902424391,
2022-02-12 00:00:00+00:00,126.528327708716,126.528327708716,126.528327708716,126.528327708716,
2022-02-13 00:00:00+00:00,125.957592499836,125.957592499836,125.957592499836,125.957592499836,
2022-02-14 00:00:00+00:00,124.882902015997,124.882902015997,124.882902015997,124.882902015997,
2022-02-15 00:00:00+00:00,131.644312455067,131.644312455067,131.644312455067,131.644312455067,
2022-02-16 00:00:00+00:00,128.537781977504,128.537781977504,128.537781977504,128.537781977504,
2022-02-17 00:00:00+00:00,116.327337260426,116.327337260426,116.327337260426,116.327337260426,
2022-02-18 00:00:00+00:00,115.10628551878,115.10628551878,115.10628551878,115.10628551878,
2022-02-19 00:00:00+00:00,115.623976481981,115.623976481981,115.623976481981,115.623976481981,
2022-02-20 00:00:00+00:00,111.015659251428,111.015659251428,111.015659251428,111.015659251428,
2022-02-21 00:00:00+00:00,103.84971935578,103.84971935578,103.84971935578,103.84971935578,
2022-02-22 00:00:00+00:00,107.246865424299,107.246865424299,107.246865424299,107.246865424299,
2022-02-23 00:00:00+00:00,105.77133501839,105.77133501839,105.77133501839,105.77133501839,
2022-02-24 00:00:00+00:00,104.133375978038,104.133375978038,104.133375978038,104.133375978038,
2022-02-25 00:00:00+00:00,109.642455799713,109.642455799713,109.642455799713,109.642455799713,
2022-02-26 00:00:00+00:00,108.042265967298,108.042265967298,108.042265967298,108.042265967298,
2022-02-27 00:00:00+00:00,102.796840541539,102.796840541539,102.796840541539,102.796840541539,
2022-02-28 00:00:00+00:00,113.268299442556,113.268299442556,113.268299442556,113.268299442556,
2022-03-01 00:00:00+00:00,112.458513450944,112.458513450944,112.458513450944,112.458513450944,
2022-03-02 00:00:00+00:00,110.332793999002,110.332793999002,110.332793999002,110.332793999002,
2022-03-03 00:00:00+00:00,111.307837273891,111.307837273891,111.307837273891,111.307837273891,
2022-03-04 00:00:00+00:00,101.085480969725,101.085480969725,101.085480969725,101.085480969725,
2022-03-05 00:00:00+00:00,104.901932701047,104.901932701047,104.901932701047,104.901932701047,
2022-03-06 00:00:00+00:00,101.385436967122,101.385436967122,101.385436967122,101.385436967122,
2022-03-07 00:00:00+00:00,98.7707846294823,98.7707846294823,98.7707846294823,98.7707846294823,
2022-03-08 00:00:00+00:00,100.412805285633,100.412805285633,100.412805285633,100.412805285633,
2022-03-09 00:00:00+00:00,106.832020428853,106.832020428853,106.832020428853,106.832020428853,
2022-03-10 00:00:00+00:00,102.62948986686,102.62948986686,102.62948986686,102.62948986686,
2022-03-11 00:00:00+00:00,105.1865993892,105.1865993892,105.1865993892,105.1865993892,
2022-03-12 00:00:00+00:00,105.976459439253,105.976459439253,105.976459439253,105.976459439253,
2022-03-13 00:00:00+00:00,101.741869949649,101.741869949649,101.741869949649,101.741869949649,
2022-03-14 00:00:00+00:00,105.635557309701,105.635557309701,105.635557309701,105.635557309701,
2022-03-15 00:00:00+00:00,106.990323630007,106.990323630007,106.990323630007,106.990323630007,
2022-03-16 00:00:00+00:00,111.194463103139,111.194463103139,111.194463103139,111.194463103139,
2022-03-17 00:00:00+00:00,110.307483766212,110.307483766212,110.307483766212,110.307483766212,
2022-03-18 00:00:00+00:00,112.15092985187,112.15092985187,112.15092985187,112.15092985187,
2022-03-19 00:00:00+00:00,114.935479322385,114.935479322385,114.935479322385,114.935479322385,
2022-03-20 00:00:00+00:00,114.939823082393,114.939823082393,114.939823082393,114.939823082393,
2022-03-21 00:00:00+00:00,116.035913731729,116.035913731729,116.035913731729,116.035913731729,
2022-03-22 00:00:00+00:00,122.876147357126,122.876147357126,122.876147357126,122.876147357126,
2022-03-23 00:00:00+00:00,122.279570140771,122.279570140771,122.279570140771,122.279570140771,
2022-03-24 00:00:00+00:00,126.876480609086,126.876480609086,126.876480609086,126.876480609086,
2022-03-25 00:00:00+00:00,123.980446936419,123.980446936419,123.980446936419,123.980446936419,
2022-03-26 00:00:00+00:00,124.906075342262,124.906075342262,124.906075342262,124.906075342262,
2022-03-27 00:00:00+00:00,129.209944523172,129.209944523172,129.209944523172,129.209944523172,
2022-03-28 00:00:00+00:00,128.458316020078,128.458316020078,128.458316020078,128.458316020078,
2022-03-29 00:00:00+00:00,130.033182667445,130.033182667445,130.033182667445,130.033182667445,
2022-03-30 00:00:00+00:00,131.312411895574,131.312411895574,131.312411895574,131.312411895574,
2022-03-31 00:00:00+00:00,123.640702669617,123.640702669617,123.640702669617,123.640702669617,
2022-04-01 00:00:00+00:00,124.848558363221,124.848558363221,124.848558363221,124.848558363221,
2022-04-02 00:00:00+00:00,125.177468930724,125.177468930724,125.177468930724,125.177468930724,
2022-04-03 00:00:00+00:00,128.891474158069,128.891474158069,128.891474158069,128.891474158069,
2022-04-04 00:00:00+00:00,124.900014088338,124.900014088338,124.900014088338,124.900014088338,
2022-04-05 00:00:00+00:00,123.689300000714,123.689300000714,123.689300000714,123.689300000714,
2022-04-06 00:00:00+00:00,113.230672326377,113.230672326377,113.230672326377,113.230672326377,
2022-04-07 00:00:00+00:00,114.278635295617,114.278635295617,114.278635295617,114.278635295617,
2022-04-08 00:00:00+00:00,110.519207842001,110.519207842001,110.519207842001,110.519207842001,
2022-04-09 00:00:00+00:00,112.544853994443,112.544853994443,112.544853994443,112.544853994443,
2022-04-10 00:00:00+00:00,111.058820041111,111.058820041111,111.058820041111,111.058820041111,
2022-04-11 00:00:00+00:00,102.606354367284,102.606354367284,102.606354367284,102.606354367284,
2022-04-12 00:00:00+00:00,104.795021310254,104.795021310254,104.795021310254,104.795021310254,
2022-04-13 00:00:00+00:00,110.449406383643,110.449406383643,110.449406383643,110.449406383643,
2022-04-14 00:00:00+00:00,107.392102775993,107.392102775993,107.392102775993,107.392102775993,
2022-04-15 00:00:00+00:00,110.951593948472,110.951593948472,110.951593948472,110.951593948472,
2022-04-16 00:00:00+00:00,114.027368603225,114.027368603225,114.027368603225,114.027368603225,
2022-04-17 00:00:00+00:00,108.804340979308,108.804340979308,108.804340979308,108.804340979308,
2022-04-18 00:00:00+00:00,111.235328120765,111.235328120765,111.235328120765,111.235328120765,
2022-04-19 00:00:00+00:00,113.859411077359,113.859411077359,113.859411077359,113.859411077359,
2022-04-20 00:00:00+00:00,111.924738058924,111.924738058924,111.924738058924,111.924738058924,
2022-04-21 00:00:00+00:00,106.797906922904,106.797906922904,106.797906922904,106.797906922904,
2022-04-22 00:00:00+00:00,105.488811585453,105.488811585453,105.488811585453,105.488811585453,
2022-04-23 00:00:00+00:00,105.551722416321,105.551722416321,105.551722416321,105.551722416321,
2022-04-24 00:00:00+00:00,104.737830971078,104.737830971078,104.737830971078,104.737830971078,
2022-04-25 00:00:00+00:00,104.69926737979,104.69926737979,104.69926737979,104.69926737979,
2022-04-26 00:00:00+00:00,98.157446671746,98.157446671746,98.157446671746,98.157446671746,
2022-04-27 00:00:00+00:00,100.454187888058,100.454187888058,100.454187888058,100.454187888058,
2022-04-28 00:00:00+00:00,103.259242701952,103.259242701952,103.259242701952,103.259242701952,
2022-04-29 00:00:00+00:00,100.378943528076,100.378943528076,100.378943528076,100.378943528076,
2022-04-30 00:00:00+00:00,95.8553190382277,95.8553190382277,95.8553190382277,95.8553190382277,
2022-05-01 00:00:00+00:00,99.3340346341725,99.3340346341725,99.3340346341725,99.3340346341725,
2022-05-02 00:00:00+00:00,100.830199165965,100.830199165965,100.830199165965,100.830199165965,
2022-05-03 00:00:00+00:00,99.22111784127,99.22111784127,99.22111784127,99.22111784127,
2022-05-04 00:00:00+00:00,106.068802289157,106.068802289157,106.068802289157,106.068802289157,
2022-05-05 00:00:00+00:00,96.7897507735945,96.7897507735945,96.7897507735945,96.7897507735945,
2022-05-06 00:00:00+00:00,96.8726262901575,96.8726262901575,96.8726262901575,96.8726262901575,
2022-05-07 00:00:00+00:00,94.4982654529001,94.4982654529001,94.4982654529001,94.4982654529001,
2022-05-08 00:00:00+00:00,93.9499984628476,93.9499984628476,93.9499984628476,93.9499984628476,
2022-05-09 00:00:00+00:00,78.0780893961509,78.0780893961509,78.0780893961509,78.0780893961509,
2022-05-10 00:00:00+00:00,80.1020983424969,80.1020983424969,80.1020983424969,80.1020983424969,
2022-05-11 00:00:00+00:00,66.1434393318948,66.1434393318948,66.1434393318948,66.1434393318948,
2022-05-12 00:00:00+00:00,64.060998262111,64.060998262111,64.060998262111,64.060998262111,
2022-05-13 00:00:00+00:00,67.8585673559105,67.8585673559105,67.8585673559105,67.8585673559105,
2022-05-14 00:00:00+00:00,68.7201896623282,68.7201896623282,68.7201896623282,68.7201896623282,
2022-05-15 00:00:00+00:00,71.1254491819418,71.1254491819418,71.1254491819418,71.1254491819418,
2022-05-16 00:00:00+00:00,67.1995661221041,67.1995661221041,67.1995661221041,67.1995661221041,
2022-05-17 00:00:00+00:00,72.8417228970003,72.8417228970003,72.8417228970003,72.8417228970003,
2022-05-18 00:00:00+00:00,66.4893813930317,66.4893813930317,66.4893813930317,66.4893813930317,
2022-05-19 00:00:00+00:00,71.9144585747125,71.9144585747125,71.9144585747125,71.9144585747125,
2022-05-20 00:00:00+00:00,68.7023773691238,68.7023773691238,68.7023773691238,68.7023773691238,
2022-05-21 00:00:00+00:00,69.6171066425745,69.6171066425745,69.6171066425745,69.6171066425745,
2022-05-22 00:00:00+00:00,71.7483366398437,71.7483366398437,71.7483366398437,71.7483366398437,
2022-05-23 00:00:00+00:00,68.9459924750348,68.9459924750348,68.9459924750348,68.9459924750348,
2022-05-24 00:00:00+00:00,70.2610611126808,70.2610611126808,70.2610611126808,70.2610611126808,
2022-05-25 00:00:00+00:00,68.2690522983042,68.2690522983042,68.2690522983042,68.2690522983042,
2022-05-26 00:00:00+00:00,63.9223019934511,63.9223019934511,63.9223019934511,63.9223019934511,
2022-05-27 00:00:00+00:00,61.4092836914486,61.4092836914486,61.4092836914486,61.4092836914486,
2022-05-28 00:00:00+00:00,63.0150949025001,63.0150949025001,63.0150949025001,63.0150949025001,
2022-05-29 00:00:00+00:00,63.7406865801178,63.7406865801178,63.7406865801178,63.7406865801178,
2022-05-30 00:00:00+00:00,69.0932971329902,69.0932971329902,69.0932971329902,69.0932971329902,
2022-05-31 00:00:00+00:00,68.6565143298027,68.6565143298027,68.6565143298027,68.6565143298027,
2022-06-01 00:00:00+00:00,62.8947366856452,62.8947366856452,62.8947366856452,62.8947366856452,
2022-06-02 00:00:00+00:00,64.3749974251379,64.3749974251379,64.3749974251379,64.3749974251379,
2022-06-03 00:00:00+00:00,62.6061370088755,62.6061370088755,62.6061370088755,62.6061370088755,
2022-06-04 00:00:00+00:00,63.6410706860097,63.6410706860097,63.6410706860097,63.6410706860097,
2022-06-05 00:00:00+00:00,63.2293157755944,63.2293157755944,63.2293157755944,63.2293157755944,
2022-06-06 00:00:00+00:00,64.2687706159377,64.2687706159377,64.2687706159377,64.2687706159377,
2022-06-07 00:00:00+00:00,63.8349097639238,63.8349097639238,63.8349097639238,63.8349097639238,
2022-06-08 00:00:00+00:00,61.5079499537661,61.5079499537661,61.5079499537661,61.5079499537661,
2022-06-09 00:00:00+00:00,60.0521395817677,60.0521395817677,60.0521395817677,60.0521395817677,
2022-06-10 00:00:00+00:00,56.5454943154444,56.5454943154444,56.5454943154444,56.5454943154444,
2022-06-11 00:00:00+00:00,52.1126530211774,52.1126530211774,52.1126530211774,52.1126530211774,
2022-06-12 00:00:00+00:00,48.3408797858743,48.3408797858743,48.3408797858743,48.3408797858743,
2022-06-13 00:00:00+00:00,42.859172733497,42.859172733497,42.859172733497,42.859172733497,
2022-06-14 00:00:00+00:00,45.8826142933089,45.8826142933089,45.8826142933089,45.8826142933089,
2022-06-15 00:00:00+00:00,50.344846686451,50.344846686451,50.344846686451,50.344846686451,
2022-06-16 00:00:00+00:00,44.4454211832033,44.4454211832033,44.4454211832033,44.4454211832033,
2022-06-17 00:00:00+00:00,47.7524328746896,47.7524328746896,47.7524328746896,47.7524328746896,
2022-06-18 00:00:00+00:00,46.9518526228967,46.9518526228967,46.9518526228967,46.9518526228967,
2022-06-19 00:00:00+00:00,54.1700782156322,54.1700782156322,54.1700782156322,54.1700782156322,
2022-06-20 00:00:00+00:00,52.7937109370282,52.7937109370282,52.7937109370282,52.7937109370282,
2022-06-21 00:00:00+00:00,53.6227988427268,53.6227988427268,53.6227988427268,53.6227988427268,
2022-06-22 00:00:00+00:00,52.1456422668747,52.1456422668747,52.1456422668747,52.1456422668747,
2022-06-23 00:00:00+00:00,55.7585875868745,55.7585875868745,55.7585875868745,55.7585875868745,
2022-06-24 00:00:00+00:00,56.1082174950391,56.1082174950391,56.1082174950391,56.1082174950391,
2022-06-25 00:00:00+00:00,58.9373326153659,58.9373326153659,58.9373326153659,58.9373326153659,
2022-06-26 00:00:00+00:00,57.0757667669342,57.0757667669342,57.0757667669342,57.0757667669342,
2022-06-27 00:00:00+00:00,55.9734523670368,55.9734523670368,55.9734523670368,55.9734523670368,
2022-06-28 00:00:00+00:00,52.7228541350791,52.7228541350791,52.7228541350791,52.7228541350791,
2022-06-29 00:00:00+00:00,53.3190783151354,53.3190783151354,53.3190783151354,53.3190783151354,
2022-06-30 00:00:00+00:00,52.5800392709399,52.5800392709399,52.5800392709399,52.5800392709399,
2022-07-01 00:00:00+00:00,51.3324253150406,51.3324253150406,51.3324253150406,51.3324253150406,
2022-07-02 00:00:00+00:00,50.3751498959135,50.3751498959135,50.3751498959135,50.3751498959135,
2022-07-03 00:00:00+00:00,50.9353413081475,50.9353413081475,50.9353413081475,50.9353413081475,
2022-07-04 00:00:00+00:00,52.144722706311,52.144722706311,52.144722706311,52.144722706311,
2022-07-05 00:00:00+00:00,49.8067140014342,49.8067140014342,49.8067140014342,49.8067140014342,
2022-07-06 00:00:00+00:00,50.3675176031547,50.3675176031547,50.3675176031547,50.3675176031547,
2022-07-07 00:00:00+00:00,52.1848578492859,52.1848578492859,52.1848578492859,52.1848578492859,
2022-07-08 00:00:00+00:00,51.7992753694406,51.7992753694406,51.7992753694406,51.7992753694406,
2022-07-09 00:00:00+00:00,54.2472269419708,54.2472269419708,54.2472269419708,54.2472269419708,
2022-07-10 00:00:00+00:00,52.0728848917947,52.0728848917947,52.0728848917947,52.0728848917947,
2022-07-11 00:00:00+00:00,48.6668382782615,48.6668382782615,48.6668382782615,48.6668382782615,
2022-07-12 00:00:00+00:00,47.5853847471474,47.5853847471474,47.5853847471474,47.5853847471474,
2022-07-13 00:00:00+00:00,49.4204350418003,49.4204350418003,49.4204350418003,49.4204350418003,
2022-07-14 00:00:00+00:00,51.1805178970235,51.1805178970235,51.1805178970235,51.1805178970235,
2022-07-15 00:00:00+00:00,51.7789253219813,51.7789253219813,51.7789253219813,51.7789253219813,
2022-07-16 00:00:00+00:00,55.0512427747468,55.0512427747468,55.0512427747468,55.0512427747468,
2022-07-17 00:00:00+00:00,56.0451662136973,56.0451662136973,56.0451662136973,56.0451662136973,
2022-07-18 00:00:00+00:00,58.3663948449112,58.3663948449112,58.3663948449112,58.3663948449112,
2022-07-19 00:00:00+00:00,58.1241108809588,58.1241108809588,58.1241108809588,58.1241108809588,
2022-07-20 00:00:00+00:00,57.30688403278,57.30688403278,57.30688403278,57.30688403278,
2022-07-21 00:00:00+00:00,58.1181871707902,58.1181871707902,58.1181871707902,58.1181871707902,
2022-07-22 00:00:00+00:00,56.1187143029128,56.1187143029128,56.1187143029128,56.1187143029128,
2022-07-23 00:00:00+00:00,56.4886667658707,56.4886667658707,56.4886667658707,56.4886667658707,
2022-07-24 00:00:00+00:00,58.5351952892432,58.5351952892432,58.5351952892432,58.5351952892432,
2022-07-25 00:00:00+00:00,54.7935086695949,54.7935086695949,54.7935086695949,54.7935086695949,
2022-07-26 00:00:00+00:00,53.6913018702513,53.6913018702513,53.6913018702513,53.6913018702513,
2022-07-27 00:00:00+00:00,58.8982343049073,58.8982343049073,58.8982343049073,58.8982343049073,
2022-07-28 00:00:00+00:00,63.4546615050472,63.4546615050472,63.4546615050472,63.4546615050472,
2022-07-29 00:00:00+00:00,61.4684117007761,61.4684117007761,61.4684117007761,61.4684117007761,
2022-07-30 00:00:00+00:00,60.303839005008,60.303839005008,60.303839005008,60.303839005008,
2022-07-31 00:00:00+00:00,59.9393838135231,59.9393838135231,59.9393838135231,59.9393838135231,
2022-08-01 00:00:00+00:00,59.4893170969893,59.4893170969893,59.4893170969893,59.4893170969893,
2022-08-02 00:00:00+00:00,58.3783385177113,58.3783385177113,58.3783385177113,58.3783385177113,
2022-08-03 00:00:00+00:00,57.6107203496804,57.6107203496804,57.6107203496804,57.6107203496804,
2022-08-04 00:00:00+00:00,59.7781534515349,59.7781534515349,59.7781534515349,59.7781534515349,
2022-08-05 00:00:00+00:00,62.3288396656845,62.3288396656845,62.3288396656845,62.3288396656845,
2022-08-06 00:00:00+00:00,61.0223329097589,61.0223329097589,61.0223329097589,61.0223329097589,
2022-08-07 00:00:00+00:00,61.0484047052891,61.0484047052891,61.0484047052891,61.0484047052891,
2022-08-08 00:00:00+00:00,62.58386093539,62.58386093539,62.58386093539,62.58386093539,
2022-08-09 00:00:00+00:00,59.2476875883355,59.2476875883355,59.2476875883355,59.2476875883355,
2022-08-10 00:00:00+00:00,61.6105884889409,61.6105884889409,61.6105884889409,61.6105884889409,
2022-08-11 00:00:00+00:00,61.8559142303667,61.8559142303667,61.8559142303667,61.8559142303667,
2022-08-12 00:00:00+00:00,62.9091277003939,62.9091277003939,62.9091277003939,62.9091277003939,
2022-08-13 00:00:00+00:00,63.8077011608112,63.8077011608112,63.8077011608112,63.8077011608112,
2022-08-14 00:00:00+00:00,63.2859109980758,63.2859109980758,63.2859109980758,63.2859109980758,
2022-08-15 00:00:00+00:00,60.6800903330889,60.6800903330889,60.6800903330889,60.6800903330889,
2022-08-16 00:00:00+00:00,61.3360842079609,61.3360842079609,61.3360842079609,61.3360842079609,
2022-08-17 00:00:00+00:00,60.3316317125271,60.3316317125271,60.3316317125271,60.3316317125271,
2022-08-18 00:00:00+00:00,60.0348082077663,60.0348082077663,60.0348082077663,60.0348082077663,
2022-08-19 00:00:00+00:00,53.9682523817193,53.9682523817193,53.9682523817193,53.9682523817193,
2022-08-20 00:00:00+00:00,54.1015211141236,54.1015211141236,54.1015211141236,54.1015211141236,
2022-08-21 00:00:00+00:00,55.5317108581757,55.5317108581757,55.5317108581757,55.5317108581757,
2022-08-22 00:00:00+00:00,56.9277242651086,56.9277242651086,56.9277242651086,56.9277242651086,
2022-08-23 00:00:00+00:00,57.1098205960165,57.1098205960165,57.1098205960165,57.1098205960165,
2022-08-24 00:00:00+00:00,56.4680156704924,56.4680156704924,56.4680156704924,56.4680156704924,
2022-08-25 00:00:00+00:00,56.8336837531119,56.8336837531119,56.8336837531119,56.8336837531119,
2022-08-26 00:00:00+00:00,52.6213852193468,52.6213852193468,52.6213852193468,52.6213852193468,
2022-08-27 00:00:00+00:00,53.0830530389201,53.0830530389201,53.0830530389201,53.0830530389201,
2022-08-28 00:00:00+00:00,53.9533341543124,53.9533341543124,53.9533341543124,53.9533341543124,
2022-08-29 00:00:00+00:00,55.6570427995665,55.6570427995665,55.6570427995665,55.6570427995665,
2022-08-30 00:00:00+00:00,53.1767591876438,53.1767591876438,53.1767591876438,53.1767591876438,
2022-08-31 00:00:00+00:00,53.7703084901273,53.7703084901273,53.7703084901273,53.7703084901273,
2022-09-01 00:00:00+00:00,57.4196785303743,57.4196785303743,57.4196785303743,57.4196785303743,
2022-09-02 00:00:00+00:00,60.9017155324133,60.9017155324133,60.9017155324133,60.9017155324133,
2022-09-03 00:00:00+00:00,60.0031056648405,60.0031056648405,60.0031056648405,60.0031056648405,
2022-09-04 00:00:00+00:00,60.7669112828986,60.7669112828986,60.7669112828986,60.7669112828986,
2022-09-05 00:00:00+00:00,60.3682459335319,60.3682459335319,60.3682459335319,60.3682459335319,
2022-09-06 00:00:00+00:00,54.2629041183191,54.2629041183191,54.2629041183191,54.2629041183191,
2022-09-07 00:00:00+00:00,57.6561934303165,57.6561934303165,57.6561934303165,57.6561934303165,
2022-09-08 00:00:00+00:00,58.0112636805245,58.0112636805245,58.0112636805245,58.0112636805245,
2022-09-09 00:00:00+00:00,61.1396114648041,61.1396114648041,61.1396114648041,61.1396114648041,
2022-09-10 00:00:00+00:00,63.4292958420966,63.4292958420966,63.4292958420966,63.4292958420966,
2022-09-11 00:00:00+00:00,62.158613223716,62.158613223716,62.158613223716,62.158613223716,
2022-09-12 00:00:00+00:00,61.325383124815,61.325383124815,61.325383124815,61.325383124815,
2022-09-13 00:00:00+00:00,58.9218712472428,58.9218712472428,58.9218712472428,58.9218712472428,
2022-09-14 00:00:00+00:00,60.0428085500224,60.0428085500224,60.0428085500224,60.0428085500224,
2022-09-15 00:00:00+00:00,56.2217991253488,56.2217991253488,56.2217991253488,56.2217991253488,
2022-09-16 00:00:00+00:00,55.6988087939747,55.6988087939747,55.6988087939747,55.6988087939747,
2022-09-17 00:00:00+00:00,57.7099772251696,57.7099772251696,57.7099772251696,57.7099772251696,
2022-09-18 00:00:00+00:00,52.9045240937478,52.9045240937478,52.9045240937478,52.9045240937478,
2022-09-19 00:00:00+00:00,52.7473095615289,52.7473095615289,52.7473095615289,52.7473095615289,
2022-09-20 00:00:00+00:00,52.2863260284039,52.2863260284039,52.2863260284039,52.2863260284039,
2022-09-21 00:00:00+00:00,51.0817525343935,51.0817525343935,51.0817525343935,51.0817525343935,
2022-09-22 00:00:00+00:00,53.4685466624409,53.4685466624409,53.4685466624409,53.4685466624409,
2022-09-23 00:00:00+00:00,55.1175811743683,55.1175811743683,55.1175811743683,55.1175811743683,
2022-09-24 00:00:00+00:00,53.4248964534631,53.4248964534631,53.4248964534631,53.4248964534631,
2022-09-25 00:00:00+00:00,52.5754839046913,52.5754839046913,52.5754839046913,52.5754839046913,
2022-09-26 00:00:00+00:00,53.4170712988398,53.4170712988398,53.4170712988398,53.4170712988398,
2022-09-27 00:00:00+00:00,52.723624580472,52.723624580472,52.723624580472,52.723624580472,
2022-09-28 00:00:00+00:00,53.3175828843487,53.3175828843487,53.3175828843487,53.3175828843487,
2022-09-29 00:00:00+00:00,53.8556185949017,53.8556185949017,53.8556185949017,53.8556185949017,
2022-09-30 00:00:00+00:00,53.4338246472275,53.4338246472275,53.4338246472275,53.4338246472275,
2022-10-01 00:00:00+00:00,52.896531842067,52.896531842067,52.896531842067,52.896531842067,
2022-10-02 00:00:00+00:00,51.8484968734367,51.8484968734367,51.8484968734367,51.8484968734367,
2022-10-03 00:00:00+00:00,54.1926891795756,54.1926891795756,54.1926891795756,54.1926891795756,
2022-10-04 00:00:00+00:00,55.3188451321846,55.3188451321846,55.3188451321846,55.3188451321846,
2022-10-05 00:00:00+00:00,54.5454172688099,54.5454172688099,54.5454172688099,54.5454172688099,
2022-10-06 00:00:00+00:00,53.4930349668333,53.4930349668333,53.4930349668333,53.4930349668333,
2022-10-07 00:00:00+00:00,52.8725113509991,52.8725113509991,52.8725113509991,52.8725113509991,
2022-10-08 00:00:00+00:00,52.8064765214012,52.8064765214012,52.8064765214012,52.8064765214012,
2022-10-09 00:00:00+00:00,53.7922217811148,53.7922217811148,53.7922217811148,53.7922217811148,
2022-10-10 00:00:00+00:00,52.8366102887668,52.8366102887668,52.8366102887668,52.8366102887668,
2022-10-11 00:00:00+00:00,51.9539768326895,51.9539768326895,51.9539768326895,51.9539768326895,
2022-10-12 00:00:00+00:00,52.2002571602798,52.2002571602798,52.2002571602798,52.2002571602798,
2022-10-13 00:00:00+00:00,51.2557924917508,51.2557924917508,51.2557924917508,51.2557924917508,
2022-10-14 00:00:00+00:00,51.2913248470839,51.2913248470839,51.2913248470839,51.2913248470839,
2022-10-15 00:00:00+00:00,50.4819956965517,50.4819956965517,50.4819956965517,50.4819956965517,
2022-10-16 00:00:00+00:00,51.4700395862177,51.4700395862177,51.4700395862177,51.4700395862177,
2022-10-17 00:00:00+00:00,51.8847636233547,51.8847636233547,51.8847636233547,51.8847636233547,
2022-10-18 00:00:00+00:00,51.9176836569318,51.9176836569318,51.9176836569318,51.9176836569318,
2022-10-19 00:00:00+00:00,50.982679007265,50.982679007265,50.982679007265,50.982679007265,
2022-10-20 00:00:00+00:00,51.1646067115496,51.1646067115496,51.1646067115496,51.1646067115496,
2022-10-21 00:00:00+00:00,51.6392094065535,51.6392094065535,51.6392094065535,51.6392094065535,
2022-10-22 00:00:00+00:00,52.1886827178478,52.1886827178478,52.1886827178478,52.1886827178478,
2022-10-23 00:00:00+00:00,53.8944696492772,53.8944696492772,53.8944696492772,53.8944696492772,
2022-10-24 00:00:00+00:00,52.5705564940671,52.5705564940671,52.5705564940671,52.5705564940671,
2022-10-25 00:00:00+00:00,56.0387318081809,56.0387318081809,56.0387318081809,56.0387318081809,
2022-10-26 00:00:00+00:00,56.4003425716466,56.4003425716466,56.4003425716466,56.4003425716466,
2022-10-27 00:00:00+00:00,54.7920117995472,54.7920117995472,54.7920117995472,54.7920117995472,
2022-10-28 00:00:00+00:00,55.0027033939246,55.0027033939246,55.0027033939246,55.0027033939246,
2022-10-29 00:00:00+00:00,56.4570548194191,56.4570548194191,56.4570548194191,56.4570548194191,
2022-10-30 00:00:00+00:00,55.3386200822897,55.3386200822897,55.3386200822897,55.3386200822897,
2022-10-31 00:00:00+00:00,55.1038305952445,55.1038305952445,55.1038305952445,55.1038305952445,
2022-11-01 00:00:00+00:00,55.1400244238588,55.1400244238588,55.1400244238588,55.1400244238588,
2022-11-02 00:00:00+00:00,60.3530949069715,60.3530949069715,60.3530949069715,60.3530949069715,
2022-11-03 00:00:00+00:00,61.868424395258,61.868424395258,61.868424395258,61.868424395258,
2022-11-04 00:00:00+00:00,67.5625195055518,67.5625195055518,67.5625195055518,67.5625195055518,
2022-11-05 00:00:00+00:00,69.8221582647551,69.8221582647551,69.8221582647551,69.8221582647551,
2022-11-06 00:00:00+00:00,68.1108200121568,68.1108200121568,68.1108200121568,68.1108200121568,
2022-11-07 00:00:00+00:00,67.6284288424907,67.6284288424907,67.6284288424907,67.6284288424907,
2022-11-08 00:00:00+00:00,57.3817629976465,57.3817629976465,57.3817629976465,57.3817629976465,
2022-11-09 00:00:00+00:00,50.2372359810903,50.2372359810903,50.2372359810903,50.2372359810903,
2022-11-10 00:00:00+00:00,60.285962394373,60.285962394373,60.285962394373,60.285962394373,
2022-11-11 00:00:00+00:00,60.9153531476692,60.9153531476692,60.9153531476692,60.9153531476692,
2022-11-12 00:00:00+00:00,59.6849539781548,59.6849539781548,59.6849539781548,59.6849539781548,
2022-11-13 00:00:00+00:00,57.1965306461797,57.1965306461797,57.1965306461797,57.1965306461797,
2022-11-14 00:00:00+00:00,56.5043188136159,56.5043188136159,56.5043188136159,56.5043188136159,
2022-11-15 00:00:00+00:00,57.9460914621819,57.9460914621819,57.9460914621819,57.9460914621819,
2022-11-16 00:00:00+00:00,57.4567713663515,57.4567713663515,57.4567713663515,57.4567713663515,
2022-11-17 00:00:00+00:00,62.1374209221517,62.1374209221517,62.1374209221517,62.1374209221517,
2022-11-18 00:00:00+00:00,62.4523413258756,62.4523413258756,62.4523413258756,62.4523413258756,
2022-11-19 00:00:00+00:00,63.8165051239289,63.8165051239289,63.8165051239289,63.8165051239289,
2022-11-20 00:00:00+00:00,61.8772836744095,61.8772836744095,61.8772836744095,61.8772836744095,
2022-11-21 00:00:00+00:00,61.4711783701455,61.4711783701455,61.4711783701455,61.4711783701455,
2022-11-22 00:00:00+00:00,70.2234154082249,70.2234154082249,70.2234154082249,70.2234154082249,
2022-11-23 00:00:00+00:00,79.1959252516594,79.1959252516594,79.1959252516594,79.1959252516594,
2022-11-24 00:00:00+00:00,78.691307566939,78.691307566939,78.691307566939,78.691307566939,
2022-11-25 00:00:00+00:00,73.9327645758492,73.9327645758492,73.9327645758492,73.9327645758492,
2022-11-26 00:00:00+00:00,76.3404630699446,76.3404630699446,76.3404630699446,76.3404630699446,
2022-11-27 00:00:00+00:00,74.897156605604,74.897156605604,74.897156605604,74.897156605604,
2022-11-28 00:00:00+00:00,73.9030137085858,73.9030137085858,73.9030137085858,73.9030137085858,
2022-11-29 00:00:00+00:00,76.1015444438413,76.1015444438413,76.1015444438413,76.1015444438413,
2022-11-30 00:00:00+00:00,79.3623445855213,79.3623445855213,79.3623445855213,79.3623445855213,
2022-12-01 00:00:00+00:00,77.55617432306,77.55617432306,77.55617432306,77.55617432306,
2022-12-02 00:00:00+00:00,77.8631577354764,77.8631577354764,77.8631577354764,77.8631577354764,
2022-12-03 00:00:00+00:00,76.6043044980441,76.6043044980441,76.6043044980441,76.6043044980441,
2022-12-04 00:00:00+00:00,77.0963140595725,77.0963140595725,77.0963140595725,77.0963140595725,
2022-12-05 00:00:00+00:00,80.2049271310078,80.2049271310078,80.2049271310078,80.2049271310078,
2022-12-06 00:00:00+00:00,79.6990465035605,79.6990465035605,79.6990465035605,79.6990465035605,
2022-12-07 00:00:00+00:00,77.050274674951,77.050274674951,77.050274674951,77.050274674951,
2022-12-08 00:00:00+00:00,78.4419325252829,78.4419325252829,78.4419325252829,78.4419325252829,
2022-12-09 00:00:00+00:00,76.3073407415446,76.3073407415446,76.3073407415446,76.3073407415446,
2022-12-10 00:00:00+00:00,76.365679794796,76.365679794796,76.365679794796,76.365679794796,
2022-12-11 00:00:00+00:00,76.5845562101886,76.5845562101886,76.5845562101886,76.5845562101886,
2022-12-12 00:00:00+00:00,76.2107431436833,76.2107431436833,76.2107431436833,76.2107431436833,
2022-12-13 00:00:00+00:00,77.387034903932,77.387034903932,77.387034903932,77.387034903932,
2022-12-14 00:00:00+00:00,75.4602620702185,75.4602620702185,75.4602620702185,75.4602620702185,
2022-12-15 00:00:00+00:00,72.332622937535,72.332622937535,72.332622937535,72.332622937535,
2022-12-16 00:00:00+00:00,65.9897693473294,65.9897693473294,65.9897693473294,65.9897693473294,
2022-12-17 00:00:00+00:00,64.9181021752033,64.9181021752033,64.9181021752033,64.9181021752033,
2022-12-18 00:00:00+00:00,64.7068525375176,64.7068525375176,64.7068525375176,64.7068525375176,
2022-12-19 00:00:00+00:00,63.2197901588257,63.2197901588257,63.2197901588257,63.2197901588257,
2022-12-20 00:00:00+00:00,65.7747832709946,65.7747832709946,65.7747832709946,65.7747832709946,
2022-12-21 00:00:00+00:00,65.3427772598853,65.3427772598853,65.3427772598853,65.3427772598853,
2022-12-22 00:00:00+00:00,66.1003766935346,66.1003766935346,66.1003766935346,66.1003766935346,
2022-12-23 00:00:00+00:00,65.7364252126173,65.7364252126173,65.7364252126173,65.7364252126173,
2022-12-24 00:00:00+00:00,65.7419964506925,65.7419964506925,65.7419964506925,65.7419964506925,
2022-12-25 00:00:00+00:00,69.0719330085029,69.0719330085029,69.0719330085029,69.0719330085029,
2022-12-26 00:00:00+00:00,70.4272041685763,70.4272041685763,70.4272041685763,70.4272041685763,
2022-12-27 00:00:00+00:00,68.6939586564807,68.6939586564807,68.6939586564807,68.6939586564807,
2022-12-28 00:00:00+00:00,66.2053200295934,66.2053200295934,66.2053200295934,66.2053200295934,
2022-12-29 00:00:00+00:00,66.7224771906927,66.7224771906927,66.7224771906927,66.7224771906927,
2022-12-30 00:00:00+00:00,67.9394470629325,67.9394470629325,67.9394470629325,67.9394470629325,
2022-12-31 00:00:00+00:00,70.0035650054964,70.0035650054964,70.0035650054964,70.0035650054964,
2023-01-01 00:00:00+00:00,70.7463513434069,70.7463513434069,70.7463513434069,70.7463513434069,
2023-01-02 00:00:00+00:00,74.9145782631921,74.9145782631921,74.9145782631921,74.9145782631921,
2023-01-03 00:00:00+00:00,75.5744459556186,75.5744459556186,75.5744459556186,75.5744459556186,
2023-01-04 00:00:00+00:00,75.361388077777,75.361388077777,75.361388077777,75.361388077777,
2023-01-05 00:00:00+00:00,74.2228719351134,74.2228719351134,74.2228719351134,74.2228719351134,
2023-01-06 00:00:00+00:00,76.0552707042047,76.0552707042047,76.0552707042047,76.0552707042047,
2023-01-07 00:00:00+00:00,76.312015543359,76.312015543359,76.312015543359,76.312015543359,
2023-01-08 00:00:00+00:00,77.3467050626809,77.3467050626809,77.3467050626809,77.3467050626809,
2023-01-09 00:00:00+00:00,81.6858627423033,81.6858627423033,81.6858627423033,81.6858627423033,
2023-01-10 00:00:00+00:00,80.8246067781626,80.8246067781626,80.8246067781626,80.8246067781626,
2023-01-11 00:00:00+00:00,84.0434805376973,84.0434805376973,84.0434805376973,84.0434805376973,
2023-01-12 00:00:00+00:00,85.910352523141,85.910352523141,85.910352523141,85.910352523141,
2023-01-13 00:00:00+00:00,86.2686356738356,86.2686356738356,86.2686356738356,86.2686356738356,
2023-01-14 00:00:00+00:00,87.7620159413078,87.7620159413078,87.7620159413078,87.7620159413078,
2023-01-15 00:00:00+00:00,87.3715131771817,87.3715131771817,87.3715131771817,87.3715131771817,
2023-01-16 00:00:00+00:00,85.8122353935516,85.8122353935516,85.8122353935516,85.8122353935516,
2023-01-17 00:00:00+00:00,87.2804481726329,87.2804481726329,87.2804481726329,87.2804481726329,
2023-01-18 00:00:00+00:00,82.95341560757,82.95341560757,82.95341560757,82.95341560757,
2023-01-19 00:00:00+00:00,84.156116047003,84.156116047003,84.156116047003,84.156116047003,
2023-01-20 00:00:00+00:00,90.3516508976653,90.3516508976653,90.3516508976653,90.3516508976653,
2023-01-21 00:00:00+00:00,88.4949175682531,88.4949175682531,88.4949175682531,88.4949175682531,
2023-01-22 00:00:00+00:00,87.6271064692529,87.6271064692529,87.6271064692529,87.6271064692529,
2023-01-23 00:00:00+00:00,90.0721968198477,90.0721968198477,90.0721968198477,90.0721968198477,
2023-01-24 00:00:00+00:00,87.0434928731625,87.0434928731625,87.0434928731625,87.0434928731625,
2023-01-25 00:00:00+00:00,89.3154756877366,89.3154756877366,89.3154756877366,89.3154756877366,
2023-01-26 00:00:00+00:00,87.4998689825693,87.4998689825693,87.4998689825693,87.4998689825693,
2023-01-27 00:00:00+00:00,88.8670184830709,88.8670184830709,88.8670184830709,88.8670184830709,
2023-01-28 00:00:00+00:00,89.3286023846924,89.3286023846924,89.3286023846924,89.3286023846924,
2023-01-29 00:00:00+00:00,95.1103652760319,95.1103652760319,95.1103652760319,95.1103652760319,
2023-01-30 00:00:00+00:00,90.9911808848237,90.9911808848237,90.9911808848237,90.9911808848237,
2023-01-31 00:00:00+00:00,94.2089324506811,94.2089324506811,94.2089324506811,94.2089324506811,
2023-02-01 00:00:00+00:00,100.585004054338,100.585004054338,100.585004054338,100.585004054338,
2023-02-02 00:00:00+00:00,98.8412911747516,98.8412911747516,98.8412911747516,98.8412911747516,
2023-02-03 00:00:00+00:00,100.026212124033,100.026212124033,100.026212124033,100.026212124033,
2023-02-04 00:00:00+00:00,98.6653689559428,98.6653689559428,98.6653689559428,98.6653689559428,
2023-02-05 00:00:00+00:00,96.3805861341843,96.3805861341843,96.3805861341843,96.3805861341843,
2023-02-06 00:00:00+00:00,95.9416307207332,95.9416307207332,95.9416307207332,95.9416307207332,
2023-02-07 00:00:00+00:00,100.964303356363,100.964303356363,100.964303356363,100.964303356363,
2023-02-08 00:00:00+00:00,99.1866802410539,99.1866802410539,99.1866802410539,99.1866802410539,
2023-02-09 00:00:00+00:00,91.9157938427272,91.9157938427272,91.9157938427272,91.9157938427272,
2023-02-10 00:00:00+00:00,93.4626697312404,93.4626697312404,93.4626697312404,93.4626697312404,
2023-02-11 00:00:00+00:00,94.3876949761758,94.3876949761758,94.3876949761758,94.3876949761758,
2023-02-12 00:00:00+00:00,92.3172304071231,92.3172304071231,92.3172304071231,92.3172304071231,
2023-02-13 00:00:00+00:00,91.0766457182602,91.0766457182602,91.0766457182602,91.0766457182602,
2023-02-14 00:00:00+00:00,95.6447043176252,95.6447043176252,95.6447043176252,95.6447043176252,
2023-02-15 00:00:00+00:00,102.73362630806,102.73362630806,102.73362630806,102.73362630806,
2023-02-16 00:00:00+00:00,99.2480670453173,99.2480670453173,99.2480670453173,99.2480670453173,
2023-02-17 00:00:00+00:00,100.397916351607,100.397916351607,100.397916351607,100.397916351607,
2023-02-18 00:00:00+00:00,99.7474099051497,99.7474099051497,99.7474099051497,99.7474099051497,
2023-02-19 00:00:00+00:00,97.7294990723679,97.7294990723679,97.7294990723679,97.7294990723679,
2023-02-20 00:00:00+00:00,95.7947891876096,95.7947891876096,95.7947891876096,95.7947891876096,
2023-02-21 00:00:00+00:00,93.5838692195199,93.5838692195199,93.5838692195199,93.5838692195199,
2023-02-22 00:00:00+00:00,95.1071524890893,95.1071524890893,95.1071524890893,95.1071524890893,
2023-02-23 00:00:00+00:00,94.6368932831768,94.6368932831768,94.6368932831768,94.6368932831768,
2023-02-24 00:00:00+00:00,91.5160781370932,91.5160781370932,91.5160781370932,91.5160781370932,
2023-02-25 00:00:00+00:00,93.2260705448135,93.2260705448135,93.2260705448135,93.2260705448135,
2023-02-26 00:00:00+00:00,95.1855695090086,95.1855695090086,95.1855695090086,95.1855695090086,
2023-02-27 00:00:00+00:00,94.0152516958889,94.0152516958889,94.0152516958889,94.0152516958889,
2023-02-28 00:00:00+00:00,93.8081433417619,93.8081433417619,93.8081433417619,93.8081433417619,
2023-03-01 00:00:00+00:00,97.6581433364831,97.6581433364831,97.6581433364831,97.6581433364831,
2023-03-02 00:00:00+00:00,95.161523387822,95.161523387822,95.161523387822,95.161523387822,
2023-03-03 00:00:00+00:00,90.4992800135586,90.4992800135586,90.4992800135586,90.4992800135586,
2023-03-04 00:00:00+00:00,89.0742015225566,89.0742015225566,89.0742015225566,89.0742015225566,
2023-03-05 00:00:00+00:00,89.8612048077719,89.8612048077719,89.8612048077719,89.8612048077719,
2023-03-06 00:00:00+00:00,87.4005660929151,87.4005660929151,87.4005660929151,87.4005660929151,
2023-03-07 00:00:00+00:00,86.1849241209092,86.1849241209092,86.1849241209092,86.1849241209092,
2023-03-08 00:00:00+00:00,82.8237808768438,82.8237808768438,82.8237808768438,82.8237808768438,
2023-03-09 00:00:00+00:00,76.5277706454745,76.5277706454745,76.5277706454745,76.5277706454745,
2023-03-10 00:00:00+00:00,72.0321282094612,72.0321282094612,72.0321282094612,72.0321282094612,
2023-03-11 00:00:00+00:00,69.4768738281617,69.4768738281617,69.4768738281617,69.4768738281617,
2023-03-12 00:00:00+00:00,76.1004241946184,76.1004241946184,76.1004241946184,76.1004241946184,
2023-03-13 00:00:00+00:00,81.696163249766,81.696163249766,81.696163249766,81.696163249766,
2023-03-14 00:00:00+00:00,84.4807958231418,84.4807958231418,84.4807958231418,84.4807958231418,
2023-03-15 00:00:00+00:00,76.3497074135731,76.3497074135731,76.3497074135731,76.3497074135731,
2023-03-16 00:00:00+00:00,79.0608240971954,79.0608240971954,79.0608240971954,79.0608240971954,
2023-03-17 00:00:00+00:00,85.4037698083478,85.4037698083478,85.4037698083478,85.4037698083478,
2023-03-18 00:00:00+00:00,82.9797338214551,82.9797338214551,82.9797338214551,82.9797338214551,
2023-03-19 00:00:00+00:00,84.9794399102942,84.9794399102942,84.9794399102942,84.9794399102942,
2023-03-20 00:00:00+00:00,78.6730735804998,78.6730735804998,78.6730735804998,78.6730735804998,
2023-03-21 00:00:00+00:00,82.7344320232508,82.7344320232508,82.7344320232508,82.7344320232508,
2023-03-22 00:00:00+00:00,87.3714545476326,87.3714545476326,87.3714545476326,87.3714545476326,
2023-03-23 00:00:00+00:00,93.7087113447433,93.7087113447433,93.7087113447433,93.7087113447433,
2023-03-24 00:00:00+00:00,93.2500319962881,93.2500319962881,93.2500319962881,93.2500319962881,
2023-03-25 00:00:00+00:00,91.4390109669634,91.4390109669634,91.4390109669634,91.4390109669634,
2023-03-26 00:00:00+00:00,93.714304451551,93.714304451551,93.714304451551,93.714304451551,
2023-03-27 00:00:00+00:00,89.1110487029136,89.1110487029136,89.1110487029136,89.1110487029136,
2023-03-28 00:00:00+00:00,89.1605299648505,89.1605299648505,89.1605299648505,89.1605299648505,
2023-03-29 00:00:00+00:00,91.441037830273,91.441037830273,91.441037830273,91.441037830273,
2023-03-30 00:00:00+00:00,88.9558428765735,88.9558428765735,88.9558428765735,88.9558428765735,
2023-03-31 00:00:00+00:00,89.7369729344437,89.7369729344437,89.7369729344437,89.7369729344437,
2023-04-01 00:00:00+00:00,92.764227388218,92.764227388218,92.764227388218,92.764227388218,
2023-04-02 00:00:00+00:00,93.0200717019822,93.0200717019822,93.0200717019822,93.0200717019822,
2023-04-03 00:00:00+00:00,93.2178381620607,93.2178381620607,93.2178381620607,93.2178381620607,
2023-04-04 00:00:00+00:00,92.4585675817059,92.4585675817059,92.4585675817059,92.4585675817059,
2023-04-05 00:00:00+00:00,92.6135220421102,92.6135220421102,92.6135220421102,92.6135220421102,
2023-04-06 00:00:00+00:00,90.9152812219578,90.9152812219578,90.9152812219578,90.9152812219578,
2023-04-07 00:00:00+00:00,90.615637688032,90.615637688032,90.615637688032,90.615637688032,
2023-04-08 00:00:00+00:00,90.0485805760494,90.0485805760494,90.0485805760494,90.0485805760494,
2023-04-09 00:00:00+00:00,90.7297783029595,90.7297783029595,90.7297783029595,90.7297783029595,
2023-04-10 00:00:00+00:00,93.9341396160882,93.9341396160882,93.9341396160882,93.9341396160882,
2023-04-11 00:00:00+00:00,94.2017048409041,94.2017048409041,94.2017048409041,94.2017048409041,
2023-04-12 00:00:00+00:00,92.2265176514,92.2265176514,92.2265176514,92.2265176514,
2023-04-13 00:00:00+00:00,94.1518503290234,94.1518503290234,94.1518503290234,94.1518503290234,
2023-04-14 00:00:00+00:00,96.3827735250887,96.3827735250887,96.3827735250887,96.3827735250887,
2023-04-15 00:00:00+00:00,97.0042744361068,97.0042744361068,97.0042744361068,97.0042744361068,
2023-04-16 00:00:00+00:00,100.281044258248,100.281044258248,100.281044258248,100.281044258248,
2023-04-17 00:00:00+00:00,98.6790945123956,98.6790945123956,98.6790945123956,98.6790945123956,
2023-04-18 00:00:00+00:00,101.79451350684,101.79451350684,101.79451350684,101.79451350684,
2023-04-19 00:00:00+00:00,90.2555456964136,90.2555456964136,90.2555456964136,90.2555456964136,
2023-04-20 00:00:00+00:00,90.2057732310577,90.2057732310577,90.2057732310577,90.2057732310577,
2023-04-21 00:00:00+00:00,85.5470862669686,85.5470862669686,85.5470862669686,85.5470862669686,
2023-04-22 00:00:00+00:00,87.0567126655462,87.0567126655462,87.0567126655462,87.0567126655462,
2023-04-23 00:00:00+00:00,86.8187027611319,86.8187027611319,86.8187027611319,86.8187027611319,
2023-04-24 00:00:00+00:00,88.4769282621659,88.4769282621659,88.4769282621659,88.4769282621659,
2023-04-25 00:00:00+00:00,91.1036084342362,91.1036084342362,91.1036084342362,91.1036084342362,
2023-04-26 00:00:00+00:00,88.1368838675891,88.1368838675891,88.1368838675891,88.1368838675891,
2023-04-27 00:00:00+00:00,89.6912047843213,89.6912047843213,89.6912047843213,89.6912047843213,
2023-04-28 00:00:00+00:00,89.7557280011074,89.7557280011074,89.7557280011074,89.7557280011074,
2023-04-29 00:00:00+00:00,90.9833207975355,90.9833207975355,90.9833207975355,90.9833207975355,
2023-04-30 00:00:00+00:00,88.6993672122224,88.6993672122224,88.6993672122224,88.6993672122224,
2023-05-01 00:00:00+00:00,86.6817766076599,86.6817766076599,86.6817766076599,86.6817766076599,
2023-05-02 00:00:00+00:00,88.2863621540913,88.2863621540913,88.2863621540913,88.2863621540913,
2023-05-03 00:00:00+00:00,88.8585875664454,88.8585875664454,88.8585875664454,88.8585875664454,
2023-05-04 00:00:00+00:00,88.5018665551641,88.5018665551641,88.5018665551641,88.5018665551641,
2023-05-05 00:00:00+00:00,88.8600342364501,88.8600342364501,88.8600342364501,88.8600342364501,
2023-05-06 00:00:00+00:00,83.4435223510678,83.4435223510678,83.4435223510678,83.4435223510678,
2023-05-07 00:00:00+00:00,83.9195583981883,83.9195583981883,83.9195583981883,83.9195583981883,
2023-05-08 00:00:00+00:00,77.8692143305055,77.8692143305055,77.8692143305055,77.8692143305055,
2023-05-09 00:00:00+00:00,79.9588053379268,79.9588053379268,79.9588053379268,79.9588053379268,
2023-05-10 00:00:00+00:00,81.0758730130374,81.0758730130374,81.0758730130374,81.0758730130374,
2023-05-11 00:00:00+00:00,80.7783854801058,80.7783854801058,80.7783854801058,80.7783854801058,
2023-05-12 00:00:00+00:00,80.4499630080739,80.4499630080739,80.4499630080739,80.4499630080739,
2023-05-13 00:00:00+00:00,80.2719983939883,80.2719983939883,80.2719983939883,80.2719983939883,
2023-05-14 00:00:00+00:00,83.3893894257346,83.3893894257346,83.3893894257346,83.3893894257346,
2023-05-15 00:00:00+00:00,87.2461986351951,87.2461986351951,87.2461986351951,87.2461986351951,
2023-05-16 00:00:00+00:00,89.8405302773483,89.8405302773483,89.8405302773483,89.8405302773483,
2023-05-17 00:00:00+00:00,93.9282656328109,93.9282656328109,93.9282656328109,93.9282656328109,
2023-05-18 00:00:00+00:00,90.6921913997855,90.6921913997855,90.6921913997855,90.6921913997855,
2023-05-19 00:00:00+00:00,91.7535759921577,91.7535759921577,91.7535759921577,91.7535759921577,
2023-05-20 00:00:00+00:00,92.2828742293035,92.2828742293035,92.2828742293035,92.2828742293035,
2023-05-21 00:00:00+00:00,92.3767926002003,92.3767926002003,92.3767926002003,92.3767926002003,
2023-05-22 00:00:00+00:00,90.8806716561805,90.8806716561805,90.8806716561805,90.8806716561805,
2023-05-23 00:00:00+00:00,91.5963833932304,91.5963833932304,91.5963833932304,91.5963833932304,
2023-05-24 00:00:00+00:00,86.0538002168283,86.0538002168283,86.0538002168283,86.0538002168283,
2023-05-25 00:00:00+00:00,86.441870310657,86.441870310657,86.441870310657,86.441870310657,
2023-05-26 00:00:00+00:00,87.2393387567174,87.2393387567174,87.2393387567174,87.2393387567174,
2023-05-27 00:00:00+00:00,88.648072017667,88.648072017667,88.648072017667,88.648072017667,
2023-05-28 00:00:00+00:00,91.6133556742929,91.6133556742929,91.6133556742929,91.6133556742929,
2023-05-29 00:00:00+00:00,91.0506729751794,91.0506729751794,91.0506729751794,91.0506729751794,
2023-05-30 00:00:00+00:00,92.2848742733175,92.2848742733175,92.2848742733175,92.2848742733175,
2023-05-31 00:00:00+00:00,90.5446717285243,90.5446717285243,90.5446717285243,90.5446717285243,
2023-06-01 00:00:00+00:00,93.9975254124839,93.9975254124839,93.9975254124839,93.9975254124839,
2023-06-02 00:00:00+00:00,95.3748620451406,95.3748620451406,95.3748620451406,95.3748620451406,
2023-06-03 00:00:00+00:00,95.9994185262851,95.9994185262851,95.9994185262851,95.9994185262851,
2023-06-04 00:00:00+00:00,94.5023477058968,94.5023477058968,94.5023477058968,94.5023477058968,
2023-06-05 00:00:00+00:00,87.8572040350365,87.8572040350365,87.8572040350365,87.8572040350365,
2023-06-06 00:00:00+00:00,90.9055792722737,90.9055792722737,90.9055792722737,90.9055792722737,
2023-06-07 00:00:00+00:00,88.7747316297228,88.7747316297228,88.7747316297228,88.7747316297228,
2023-06-08 00:00:00+00:00,88.5132405617466,88.5132405617466,88.5132405617466,88.5132405617466,
2023-06-09 00:00:00+00:00,89.0872418894,89.0872418894,89.0872418894,89.0872418894,
2023-06-10 00:00:00+00:00,77.3516382683596,77.3516382683596,77.3516382683596,77.3516382683596,
2023-06-11 00:00:00+00:00,77.5502559729104,77.5502559729104,77.5502559729104,77.5502559729104,
2023-06-12 00:00:00+00:00,77.583197785717,77.583197785717,77.583197785717,77.583197785717,
2023-06-13 00:00:00+00:00,77.33657595409,77.33657595409,77.33657595409,77.33657595409,
2023-06-14 00:00:00+00:00,73.1036596892661,73.1036596892661,73.1036596892661,73.1036596892661,
2023-06-15 00:00:00+00:00,74.3881893140854,74.3881893140854,74.3881893140854,74.3881893140854,
2023-06-16 00:00:00+00:00,76.0169832718673,76.0169832718673,76.0169832718673,76.0169832718673,
2023-06-17 00:00:00+00:00,76.8708176818212,76.8708176818212,76.8708176818212,76.8708176818212,
2023-06-18 00:00:00+00:00,77.1123146356394,77.1123146356394,77.1123146356394,77.1123146356394,
2023-06-19 00:00:00+00:00,77.3492921420304,77.3492921420304,77.3492921420304,77.3492921420304,
2023-06-20 00:00:00+00:00,80.2258150204559,80.2258150204559,80.2258150204559,80.2258150204559,
2023-06-21 00:00:00+00:00,85.1974888452245,85.1974888452245,85.1974888452245,85.1974888452245,
2023-06-22 00:00:00+00:00,86.0451588777638,86.0451588777638,86.0451588777638,86.0451588777638,
2023-06-23 00:00:00+00:00,91.1869762046111,91.1869762046111,91.1869762046111,91.1869762046111,
2023-06-24 00:00:00+00:00,89.5454452214856,89.5454452214856,89.5454452214856,89.5454452214856,
2023-06-25 00:00:00+00:00,88.182599700738,88.182599700738,88.182599700738,88.182599700738,
2023-06-26 00:00:00+00:00,87.1267002366422,87.1267002366422,87.1267002366422,87.1267002366422,
2023-06-27 00:00:00+00:00,87.8774503587865,87.8774503587865,87.8774503587865,87.8774503587865,
2023-06-28 00:00:00+00:00,83.1758619588317,83.1758619588317,83.1758619588317,83.1758619588317,
2023-06-29 00:00:00+00:00,84.7990401158299,84.7990401158299,84.7990401158299,84.7990401158299,
2023-06-30 00:00:00+00:00,107.955395413412,107.955395413412,107.955395413412,107.955395413412,
2023-07-01 00:00:00+00:00,106.641649566133,106.641649566133,106.641649566133,106.641649566133,
2023-07-02 00:00:00+00:00,113.228690165079,113.228690165079,113.228690165079,113.228690165079,
2023-07-03 00:00:00+00:00,106.67827191302,106.67827191302,106.67827191302,106.67827191302,
2023-07-04 00:00:00+00:00,105.147101472767,105.147101472767,105.147101472767,105.147101472767,
2023-07-05 00:00:00+00:00,102.625845880583,102.625845880583,102.625845880583,102.625845880583,
2023-07-06 00:00:00+00:00,95.7764987664514,95.7764987664514,95.7764987664514,95.7764987664514,
2023-07-07 00:00:00+00:00,98.1588962392377,98.1588962392377,98.1588962392377,98.1588962392377,
2023-07-08 00:00:00+00:00,97.8100880357818,97.8100880357818,97.8100880357818,97.8100880357818,
2023-07-09 00:00:00+00:00,95.3155631614219,95.3155631614219,95.3155631614219,95.3155631614219,
2023-07-10 00:00:00+00:00,96.673659631043,96.673659631043,96.673659631043,96.673659631043,
2023-07-11 00:00:00+00:00,96.7955817000678,96.7955817000678,96.7955817000678,96.7955817000678,
2023-07-12 00:00:00+00:00,96.2496250193095,96.2496250193095,96.2496250193095,96.2496250193095,
2023-07-13 00:00:00+00:00,101.622955685412,101.622955685412,101.622955685412,101.622955685412,
2023-07-14 00:00:00+00:00,94.9854187973472,94.9854187973472,94.9854187973472,94.9854187973472,
2023-07-15 00:00:00+00:00,94.6960843366685,94.6960843366685,94.6960843366685,94.6960843366685,
2023-07-16 00:00:00+00:00,93.1370607283425,93.1370607283425,93.1370607283425,93.1370607283425,
2023-07-17 00:00:00+00:00,92.2944955080837,92.2944955080837,92.2944955080837,92.2944955080837,
2023-07-18 00:00:00+00:00,91.394826196951,91.394826196951,91.394826196951,91.394826196951,
2023-07-19 00:00:00+00:00,92.0242799382555,92.0242799382555,92.0242799382555,92.0242799382555,
2023-07-20 00:00:00+00:00,92.4349360783583,92.4349360783583,92.4349360783583,92.4349360783583,
2023-07-21 00:00:00+00:00,94.0473663736355,94.0473663736355,94.0473663736355,94.0473663736355,
2023-07-22 00:00:00+00:00,91.8414611580026,91.8414611580026,91.8414611580026,91.8414611580026,
2023-07-23 00:00:00+00:00,93.1639701090187,93.1639701090187,93.1639701090187,93.1639701090187,
2023-07-24 00:00:00+00:00,89.1443648413965,89.1443648413965,89.1443648413965,89.1443648413965,
2023-07-25 00:00:00+00:00,89.4604505192305,89.4604505192305,89.4604505192305,89.4604505192305,
2023-07-26 00:00:00+00:00,90.6205404759859,90.6205404759859,90.6205404759859,90.6205404759859,
2023-07-27 00:00:00+00:00,90.3720845670664,90.3720845670664,90.3720845670664,90.3720845670664,
2023-07-28 00:00:00+00:00,91.4877457558203,91.4877457558203,91.4877457558203,91.4877457558203,
2023-07-29 00:00:00+00:00,94.4205598228476,94.4205598228476,94.4205598228476,94.4205598228476,
2023-07-30 00:00:00+00:00,94.0917169846925,94.0917169846925,94.0917169846925,94.0917169846925,
2023-07-31 00:00:00+00:00,92.1901692235338,92.1901692235338,92.1901692235338,92.1901692235338,
2023-08-01 00:00:00+00:00,93.6889428230656,93.6889428230656,93.6889428230656,93.6889428230656,
2023-08-02 00:00:00+00:00,87.3736709925193,87.3736709925193,87.3736709925193,87.3736709925193,
2023-08-03 00:00:00+00:00,82.8240810209608,82.8240810209608,82.8240810209608,82.8240810209608,
2023-08-04 00:00:00+00:00,82.0228602700407,82.0228602700407,82.0228602700407,82.0228602700407,
2023-08-05 00:00:00+00:00,83.0973093015684,83.0973093015684,83.0973093015684,83.0973093015684,
2023-08-06 00:00:00+00:00,82.3800861268242,82.3800861268242,82.3800861268242,82.3800861268242,
2023-08-07 00:00:00+00:00,82.2986094323296,82.2986094323296,82.2986094323296,82.2986094323296,
2023-08-08 00:00:00+00:00,83.9688658999997,83.9688658999997,83.9688658999997,83.9688658999997,
2023-08-09 00:00:00+00:00,84.0359719035007,84.0359719035007,84.0359719035007,84.0359719035007,
2023-08-10 00:00:00+00:00,83.0199910279859,83.0199910279859,83.0199910279859,83.0199910279859,
2023-08-11 00:00:00+00:00,83.4714571127495,83.4714571127495,83.4714571127495,83.4714571127495,
2023-08-12 00:00:00+00:00,83.3992510070499,83.3992510070499,83.3992510070499,83.3992510070499,
2023-08-13 00:00:00+00:00,81.9042987396064,81.9042987396064,81.9042987396064,81.9042987396064,
2023-08-14 00:00:00+00:00,82.0436050453031,82.0436050453031,82.0436050453031,82.0436050453031,
2023-08-15 00:00:00+00:00,79.249827572248,79.249827572248,79.249827572248,79.249827572248,
2023-08-16 00:00:00+00:00,74.389132263817,74.389132263817,74.389132263817,74.389132263817,
2023-08-17 00:00:00+00:00,65.0414014542252,65.0414014542252,65.0414014542252,65.0414014542252,
2023-08-18 00:00:00+00:00,64.0342259495807,64.0342259495807,64.0342259495807,64.0342259495807,
2023-08-19 00:00:00+00:00,64.0598785745628,64.0598785745628,64.0598785745628,64.0598785745628,
2023-08-20 00:00:00+00:00,65.1811408775346,65.1811408775346,65.1811408775346,65.1811408775346,
2023-08-21 00:00:00+00:00,66.967152111202,66.967152111202,66.967152111202,66.967152111202,
2023-08-22 00:00:00+00:00,64.6895162840507,64.6895162840507,64.6895162840507,64.6895162840507,
2023-08-23 00:00:00+00:00,65.5713749201794,65.5713749201794,65.5713749201794,65.5713749201794,
2023-08-24 00:00:00+00:00,64.7639525746577,64.7639525746577,64.7639525746577,64.7639525746577,
2023-08-25 00:00:00+00:00,65.0849681714408,65.0849681714408,65.0849681714408,65.0849681714408,
2023-08-26 00:00:00+00:00,64.9835159922169,64.9835159922169,64.9835159922169,64.9835159922169,
2023-08-27 00:00:00+00:00,65.2922018473134,65.2922018473134,65.2922018473134,65.2922018473134,
2023-08-28 00:00:00+00:00,65.5611391129617,65.5611391129617,65.5611391129617,65.5611391129617,
2023-08-29 00:00:00+00:00,68.807815695344,68.807815695344,68.807815695344,68.807815695344,
2023-08-30 00:00:00+00:00,67.6335463427509,67.6335463427509,67.6335463427509,67.6335463427509,
2023-08-31 00:00:00+00:00,63.916242695463,63.916242695463,63.916242695463,63.916242695463,
2023-09-01 00:00:00+00:00,62.97075097746,62.97075097746,62.97075097746,62.97075097746,
2023-09-02 00:00:00+00:00,64.5403430533925,64.5403430533925,64.5403430533925,64.5403430533925,
2023-09-03 00:00:00+00:00,63.873943613741,63.873943613741,63.873943613741,63.873943613741,
2023-09-04 00:00:00+00:00,63.6212269439327,63.6212269439327,63.6212269439327,63.6212269439327,
2023-09-05 00:00:00+00:00,63.0946135375646,63.0946135375646,63.0946135375646,63.0946135375646,
2023-09-06 00:00:00+00:00,62.7868246860443,62.7868246860443,62.7868246860443,62.7868246860443,
2023-09-07 00:00:00+00:00,63.6064968521343,63.6064968521343,63.6064968521343,63.6064968521343,
2023-09-08 00:00:00+00:00,62.5644059165259,62.5644059165259,62.5644059165259,62.5644059165259,
2023-09-09 00:00:00+00:00,63.0836734930691,63.0836734930691,63.0836734930691,63.0836734930691,
2023-09-10 00:00:00+00:00,61.1084018650662,61.1084018650662,61.1084018650662,61.1084018650662,
2023-09-11 00:00:00+00:00,58.7238884170222,58.7238884170222,58.7238884170222,58.7238884170222,
2023-09-12 00:00:00+00:00,59.9943824975401,59.9943824975401,59.9943824975401,59.9943824975401,
2023-09-13 00:00:00+00:00,61.9794985207284,61.9794985207284,61.9794985207284,61.9794985207284,
2023-09-14 00:00:00+00:00,62.8236508741165,62.8236508741165,62.8236508741165,62.8236508741165,
2023-09-15 00:00:00+00:00,65.9894273664893,65.9894273664893,65.9894273664893,65.9894273664893,
2023-09-16 00:00:00+00:00,65.2504589429089,65.2504589429089,65.2504589429089,65.2504589429089,
2023-09-17 00:00:00+00:00,63.5132599526184,63.5132599526184,63.5132599526184,63.5132599526184,
2023-09-18 00:00:00+00:00,65.8327909982276,65.8327909982276,65.8327909982276,65.8327909982276,
2023-09-19 00:00:00+00:00,67.3355267670274,67.3355267670274,67.3355267670274,67.3355267670274,
2023-09-20 00:00:00+00:00,64.5378690854316,64.5378690854316,64.5378690854316,64.5378690854316,
2023-09-21 00:00:00+00:00,64.7019575245644,64.7019575245644,64.7019575245644,64.7019575245644,
2023-09-22 00:00:00+00:00,64.3042944789575,64.3042944789575,64.3042944789575,64.3042944789575,
2023-09-23 00:00:00+00:00,65.0369438282494,65.0369438282494,65.0369438282494,65.0369438282494,
2023-09-24 00:00:00+00:00,63.6297799766076,63.6297799766076,63.6297799766076,63.6297799766076,
2023-09-25 00:00:00+00:00,64.2989288057938,64.2989288057938,64.2989288057938,64.2989288057938,
2023-09-26 00:00:00+00:00,63.6888529418402,63.6888529418402,63.6888529418402,63.6888529418402,
2023-09-27 00:00:00+00:00,63.4629216821263,63.4629216821263,63.4629216821263,63.4629216821263,
2023-09-28 00:00:00+00:00,65.2849134383369,65.2849134383369,65.2849134383369,65.2849134383369,
2023-09-29 00:00:00+00:00,65.6174295913167,65.6174295913167,65.6174295913167,65.6174295913167,
2023-09-30 00:00:00+00:00,66.0698296729229,66.0698296729229,66.0698296729229,66.0698296729229,
2023-10-01 00:00:00+00:00,68.2412554842434,68.2412554842434,68.2412554842434,68.2412554842434,
2023-10-02 00:00:00+00:00,65.9694610900489,65.9694610900489,65.9694610900489,65.9694610900489,
2023-10-03 00:00:00+00:00,65.5254378738481,65.5254378738481,65.5254378738481,65.5254378738481,
2023-10-04 00:00:00+00:00,64.4805192558333,64.4805192558333,64.4805192558333,64.4805192558333,
2023-10-05 00:00:00+00:00,64.9274722456336,64.9274722456336,64.9274722456336,64.9274722456336,
2023-10-06 00:00:00+00:00,65.5254504952561,65.5254504952561,65.5254504952561,65.5254504952561,
2023-10-07 00:00:00+00:00,65.499511236034,65.499511236034,65.499511236034,65.499511236034,
2023-10-08 00:00:00+00:00,65.3161923031321,65.3161923031321,65.3161923031321,65.3161923031321,
2023-10-09 00:00:00+00:00,63.0785275303028,63.0785275303028,63.0785275303028,63.0785275303028,
2023-10-10 00:00:00+00:00,63.6848525100751,63.6848525100751,63.6848525100751,63.6848525100751,
2023-10-11 00:00:00+00:00,61.4616672847266,61.4616672847266,61.4616672847266,61.4616672847266,
2023-10-12 00:00:00+00:00,61.0856975846209,61.0856975846209,61.0856975846209,61.0856975846209,
2023-10-13 00:00:00+00:00,61.5007582295321,61.5007582295321,61.5007582295321,61.5007582295321,
2023-10-14 00:00:00+00:00,61.6486906272991,61.6486906272991,61.6486906272991,61.6486906272991,
2023-10-15 00:00:00+00:00,61.5861432463583,61.5861432463583,61.5861432463583,61.5861432463583,
2023-10-16 00:00:00+00:00,63.3293601562637,63.3293601562637,63.3293601562637,63.3293601562637,
2023-10-17 00:00:00+00:00,62.1530387858754,62.1530387858754,62.1530387858754,62.1530387858754,
2023-10-18 00:00:00+00:00,60.1760033543678,60.1760033543678,60.1760033543678,60.1760033543678,
2023-10-19 00:00:00+00:00,61.7373667970193,61.7373667970193,61.7373667970193,61.7373667970193,
2023-10-20 00:00:00+00:00,63.414907832484,63.414907832484,63.414907832484,63.414907832484,
2023-10-21 00:00:00+00:00,64.735191853873,64.735191853873,64.735191853873,64.735191853873,
2023-10-22 00:00:00+00:00,65.1472323889301,65.1472323889301,65.1472323889301,65.1472323889301,
2023-10-23 00:00:00+00:00,68.9282135735072,68.9282135735072,68.9282135735072,68.9282135735072,
2023-10-24 00:00:00+00:00,69.0150914202671,69.0150914202671,69.0150914202671,69.0150914202671,
2023-10-25 00:00:00+00:00,68.6652557607869,68.6652557607869,68.6652557607869,68.6652557607869,
2023-10-26 00:00:00+00:00,68.8807566729822,68.8807566729822,68.8807566729822,68.8807566729822,
2023-10-27 00:00:00+00:00,67.0015808856752,67.0015808856752,67.0015808856752,67.0015808856752,
2023-10-28 00:00:00+00:00,67.734674653607,67.734674653607,67.734674653607,67.734674653607,
2023-10-29 00:00:00+00:00,68.8441248198955,68.8441248198955,68.8441248198955,68.8441248198955,
2023-10-30 00:00:00+00:00,69.2385405017665,69.2385405017665,69.2385405017665,69.2385405017665,
2023-10-31 00:00:00+00:00,68.8342165795714,68.8342165795714,68.8342165795714,68.8342165795714,
2023-11-01 00:00:00+00:00,69.8700358490525,69.8700358490525,69.8700358490525,69.8700358490525,
2023-11-02 00:00:00+00:00,69.345185208411,69.345185208411,69.345185208411,69.345185208411,
2023-11-03 00:00:00+00:00,69.4555193283265,69.4555193283265,69.4555193283265,69.4555193283265,
2023-11-04 00:00:00+00:00,70.4135081402318,70.4135081402318,70.4135081402318,70.4135081402318,
2023-11-05 00:00:00+00:00,71.6648639516497,71.6648639516497,71.6648639516497,71.6648639516497,
2023-11-06 00:00:00+00:00,74.5185081715402,74.5185081715402,74.5185081715402,74.5185081715402,
2023-11-07 00:00:00+00:00,73.5132267706824,73.5132267706824,73.5132267706824,73.5132267706824,
2023-11-08 00:00:00+00:00,73.2230784683441,73.2230784683441,73.2230784683441,73.2230784683441,
2023-11-09 00:00:00+00:00,73.2972844985717,73.2972844985717,73.2972844985717,73.2972844985717,
2023-11-10 00:00:00+00:00,73.3042072774329,73.3042072774329,73.3042072774329,73.3042072774329,
2023-11-11 00:00:00+00:00,75.0010015943513,75.0010015943513,75.0010015943513,75.0010015943513,
2023-11-12 00:00:00+00:00,74.8254051561943,74.8254051561943,74.8254051561943,74.8254051561943,
2023-11-13 00:00:00+00:00,71.5508958292674,71.5508958292674,71.5508958292674,71.5508958292674,
2023-11-14 00:00:00+00:00,70.6592306177075,70.6592306177075,70.6592306177075,70.6592306177075,
2023-11-15 00:00:00+00:00,74.1951082884578,74.1951082884578,74.1951082884578,74.1951082884578,
2023-11-16 00:00:00+00:00,70.9689083837728,70.9689083837728,70.9689083837728,70.9689083837728,
2023-11-17 00:00:00+00:00,70.186702970959,70.186702970959,70.186702970959,70.186702970959,
2023-11-18 00:00:00+00:00,69.854290389958,69.854290389958,69.854290389958,69.854290389958,
2023-11-19 00:00:00+00:00,70.6068994402843,70.6068994402843,70.6068994402843,70.6068994402843,
2023-11-20 00:00:00+00:00,69.5246210154812,69.5246210154812,69.5246210154812,69.5246210154812,
2023-11-21 00:00:00+00:00,66.5282379462737,66.5282379462737,66.5282379462737,66.5282379462737,
2023-11-22 00:00:00+00:00,68.6088781226295,68.6088781226295,68.6088781226295,68.6088781226295,
2023-11-23 00:00:00+00:00,69.5354078764475,69.5354078764475,69.5354078764475,69.5354078764475,
2023-11-24 00:00:00+00:00,70.7380297036601,70.7380297036601,70.7380297036601,70.7380297036601,
2023-11-25 00:00:00+00:00,71.8171895599877,71.8171895599877,71.8171895599877,71.8171895599877,
2023-11-26 00:00:00+00:00,70.0884571807967,70.0884571807967,70.0884571807967,70.0884571807967,
2023-11-27 00:00:00+00:00,69.2199897396709,69.2199897396709,69.2199897396709,69.2199897396709,
2023-11-28 00:00:00+00:00,69.6843727423312,69.6843727423312,69.6843727423312,69.6843727423312,
2023-11-29 00:00:00+00:00,70.0019729965876,70.0019729965876,70.0019729965876,70.0019729965876,
2023-11-30 00:00:00+00:00,69.418189617106,69.418189617106,69.418189617106,69.418189617106,
2023-12-01 00:00:00+00:00,71.5223840533682,71.5223840533682,71.5223840533682,71.5223840533682,
2023-12-02 00:00:00+00:00,72.2687405197892,72.2687405197892,72.2687405197892,72.2687405197892,
2023-12-03 00:00:00+00:00,72.2198951290783,72.2198951290783,72.2198951290783,72.2198951290783,
2023-12-04 00:00:00+00:00,72.674350713392,72.674350713392,72.674350713392,72.674350713392,
2023-12-05 00:00:00+00:00,74.0167417933559,74.0167417933559,74.0167417933559,74.0167417933559,
2023-12-06 00:00:00+00:00,72.4735408535115,72.4735408535115,72.4735408535115,72.4735408535115,
2023-12-07 00:00:00+00:00,74.0231206769273,74.0231206769273,74.0231206769273,74.0231206769273,
2023-12-08 00:00:00+00:00,78.1238225938547,78.1238225938547,78.1238225938547,78.1238225938547,
2023-12-09 00:00:00+00:00,76.5205891230323,76.5205891230323,76.5205891230323,76.5205891230323,
2023-12-10 00:00:00+00:00,77.1042579573017,77.1042579573017,77.1042579573017,77.1042579573017,
2023-12-11 00:00:00+00:00,72.5646347121652,72.5646347121652,72.5646347121652,72.5646347121652,
2023-12-12 00:00:00+00:00,72.4827468028606,72.4827468028606,72.4827468028606,72.4827468028606,
2023-12-13 00:00:00+00:00,73.2022080324305,73.2022080324305,73.2022080324305,73.2022080324305,
2023-12-14 00:00:00+00:00,73.0173009589265,73.0173009589265,73.0173009589265,73.0173009589265,
2023-12-15 00:00:00+00:00,70.9311782057155,70.9311782057155,70.9311782057155,70.9311782057155,
2023-12-16 00:00:00+00:00,72.0576391202464,72.0576391202464,72.0576391202464,72.0576391202464,
2023-12-17 00:00:00+00:00,71.1462362583019,71.1462362583019,71.1462362583019,71.1462362583019,
2023-12-18 00:00:00+00:00,70.7766922624205,70.7766922624205,70.7766922624205,70.7766922624205,
2023-12-19 00:00:00+00:00,70.515410879654,70.515410879654,70.515410879654,70.515410879654,
2023-12-20 00:00:00+00:00,69.7302425979445,69.7302425979445,69.7302425979445,69.7302425979445,
2023-12-21 00:00:00+00:00,70.8656344739332,70.8656344739332,70.8656344739332,70.8656344739332,
2023-12-22 00:00:00+00:00,73.7023027424058,73.7023027424058,73.7023027424058,73.7023027424058,
2023-12-23 00:00:00+00:00,72.4647277738921,72.4647277738921,72.4647277738921,72.4647277738921,
2023-12-24 00:00:00+00:00,71.1869727927371,71.1869727927371,71.1869727927371,71.1869727927371,
2023-12-25 00:00:00+00:00,72.3220105080979,72.3220105080979,72.3220105080979,72.3220105080979,
2023-12-26 00:00:00+00:00,73.0492107175187,73.0492107175187,73.0492107175187,73.0492107175187,
2023-12-27 00:00:00+00:00,75.6829942555837,75.6829942555837,75.6829942555837,75.6829942555837,
2023-12-28 00:00:00+00:00,76.8880605152435,76.8880605152435,76.8880605152435,76.8880605152435,
2023-12-29 00:00:00+00:00,73.2167266832967,73.2167266832967,73.2167266832967,73.2167266832967,
2023-12-30 00:00:00+00:00,73.3104492897378,73.3104492897378,73.3104492897378,73.3104492897378,
2023-12-31 00:00:00+00:00,72.7032010841009,72.7032010841009,72.7032010841009,72.7032010841009,
2024-01-01 00:00:00+00:00,74.6571181969348,74.6571181969348,74.6571181969348,74.6571181969348,
2024-01-02 00:00:00+00:00,73.0337457888484,73.0337457888484,73.0337457888484,73.0337457888484,
2024-01-03 00:00:00+00:00,65.1573585394187,65.1573585394187,65.1573585394187,65.1573585394187,
2024-01-04 00:00:00+00:00,66.4745886176846,66.4745886176846,66.4745886176846,66.4745886176846,
2024-01-05 00:00:00+00:00,65.9457969128499,65.9457969128499,65.9457969128499,65.9457969128499,
2024-01-06 00:00:00+00:00,65.5947330314642,65.5947330314642,65.5947330314642,65.5947330314642,
2024-01-07 00:00:00+00:00,64.1240834214012,64.1240834214012,64.1240834214012,64.1240834214012,
2024-01-08 00:00:00+00:00,67.9043444594595,67.9043444594595,67.9043444594595,67.9043444594595,
2024-01-09 00:00:00+00:00,66.7984807196593,66.7984807196593,66.7984807196593,66.7984807196593,
2024-01-10 00:00:00+00:00,70.2127989535095,70.2127989535095,70.2127989535095,70.2127989535095,
2024-01-11 00:00:00+00:00,71.9504905529461,71.9504905529461,71.9504905529461,71.9504905529461,
2024-01-12 00:00:00+00:00,72.8151845991944,72.8151845991944,72.8151845991944,72.8151845991944,
2024-01-13 00:00:00+00:00,71.9828409861695,71.9828409861695,71.9828409861695,71.9828409861695,
2024-01-14 00:00:00+00:00,69.8854123861439,69.8854123861439,69.8854123861439,69.8854123861439,
2024-01-15 00:00:00+00:00,69.2385068152989,69.2385068152989,69.2385068152989,69.2385068152989,
2024-01-16 00:00:00+00:00,69.5750203014949,69.5750203014949,69.5750203014949,69.5750203014949,
2024-01-17 00:00:00+00:00,69.2731402986324,69.2731402986324,69.2731402986324,69.2731402986324,
2024-01-18 00:00:00+00:00,67.9970280945189,67.9970280945189,67.9970280945189,67.9970280945189,
2024-01-19 00:00:00+00:00,71.1660766281469,71.1660766281469,71.1660766281469,71.1660766281469,
2024-01-20 00:00:00+00:00,71.2780969942765,71.2780969942765,71.2780969942765,71.2780969942765,
2024-01-21 00:00:00+00:00,71.7128564190619,71.7128564190619,71.7128564190619,71.7128564190619,
2024-01-22 00:00:00+00:00,67.1988796744646,67.1988796744646,67.1988796744646,67.1988796744646,
2024-01-23 00:00:00+00:00,65.3621386680191,65.3621386680191,65.3621386680191,65.3621386680191,
2024-01-24 00:00:00+00:00,66.1618519197641,66.1618519197641,66.1618519197641,66.1618519197641,
2024-01-25 00:00:00+00:00,65.5021477751339,65.5021477751339,65.5021477751339,65.5021477751339,
2024-01-26 00:00:00+00:00,66.976198934397,66.976198934397,66.976198934397,66.976198934397,
2024-01-27 00:00:00+00:00,68.0720405781411,68.0720405781411,68.0720405781411,68.0720405781411,
2024-01-28 00:00:00+00:00,68.3546394893333,68.3546394893333,68.3546394893333,68.3546394893333,
2024-01-29 00:00:00+00:00,68.4331941577915,68.4331941577915,68.4331941577915,68.4331941577915,
2024-01-30 00:00:00+00:00,67.5487295673781,67.5487295673781,67.5487295673781,67.5487295673781,
2024-01-31 00:00:00+00:00,66.7492706994982,66.7492706994982,66.7492706994982,66.7492706994982,
2024-02-01 00:00:00+00:00,67.4849596530038,67.4849596530038,67.4849596530038,67.4849596530038,
2024-02-02 00:00:00+00:00,67.9694563807609,67.9694563807609,67.9694563807609,67.9694563807609,
2024-02-03 00:00:00+00:00,68.8207575460115,68.8207575460115,68.8207575460115,68.8207575460115,
2024-02-04 00:00:00+00:00,66.8276442794916,66.8276442794916,66.8276442794916,66.8276442794916,
2024-02-05 00:00:00+00:00,67.5951372071777,67.5951372071777,67.5951372071777,67.5951372071777,
2024-02-06 00:00:00+00:00,68.3318455927524,68.3318455927524,68.3318455927524,68.3318455927524,
2024-02-07 00:00:00+00:00,68.5779178343655,68.5779178343655,68.5779178343655,68.5779178343655,
2024-02-08 00:00:00+00:00,70.165536142503,70.165536142503,70.165536142503,70.165536142503,
2024-02-09 00:00:00+00:00,70.7390319207156,70.7390319207156,70.7390319207156,70.7390319207156,
2024-02-10 00:00:00+00:00,70.7878612948575,70.7878612948575,70.7878612948575,70.7878612948575,
2024-02-11 00:00:00+00:00,71.5325011735638,71.5325011735638,71.5325011735638,71.5325011735638,
2024-02-12 00:00:00+00:00,72.9620233510994,72.9620233510994,72.9620233510994,72.9620233510994,
2024-02-13 00:00:00+00:00,68.9721800717865,68.9721800717865,68.9721800717865,68.9721800717865,
2024-02-14 00:00:00+00:00,69.954250663312,69.954250663312,69.954250663312,69.954250663312,
2024-02-15 00:00:00+00:00,69.8372840505686,69.8372840505686,69.8372840505686,69.8372840505686,
2024-02-16 00:00:00+00:00,70.522978257091,70.522978257091,70.522978257091,70.522978257091,
2024-02-17 00:00:00+00:00,69.9592056978062,69.9592056978062,69.9592056978062,69.9592056978062,
2024-02-18 00:00:00+00:00,70.8242376097508,70.8242376097508,70.8242376097508,70.8242376097508,
2024-02-19 00:00:00+00:00,71.4360969284326,71.4360969284326,71.4360969284326,71.4360969284326,
2024-02-20 00:00:00+00:00,69.6889581163556,69.6889581163556,69.6889581163556,69.6889581163556,
2024-02-21 00:00:00+00:00,68.9007659241093,68.9007659241093,68.9007659241093,68.9007659241093,
2024-02-22 00:00:00+00:00,68.7775701816451,68.7775701816451,68.7775701816451,68.7775701816451,
2024-02-23 00:00:00+00:00,68.762510609362,68.762510609362,68.762510609362,68.762510609362,
2024-02-24 00:00:00+00:00,70.3943072592052,70.3943072592052,70.3943072592052,70.3943072592052,
2024-02-25 00:00:00+00:00,70.092580921681,70.092580921681,70.092580921681,70.092580921681,
2024-02-26 00:00:00+00:00,72.0525332462793,72.0525332462793,72.0525332462793,72.0525332462793,
2024-02-27 00:00:00+00:00,74.1044638320565,74.1044638320565,74.1044638320565,74.1044638320565,
2024-02-28 00:00:00+00:00,74.8010159143647,74.8010159143647,74.8010159143647,74.8010159143647,
2024-02-29 00:00:00+00:00,79.9762725982793,79.9762725982793,79.9762725982793,79.9762725982793,
2024-03-01 00:00:00+00:00,84.9065639633239,84.9065639633239,84.9065639633239,84.9065639633239,
2024-03-02 00:00:00+00:00,93.964786591168,93.964786591168,93.964786591168,93.964786591168,
2024-03-03 00:00:00+00:00,90.6942223660338,90.6942223660338,90.6942223660338,90.6942223660338,
2024-03-04 00:00:00+00:00,88.8772168527939,88.8772168527939,88.8772168527939,88.8772168527939,
2024-03-05 00:00:00+00:00,82.0485766926555,82.0485766926555,82.0485766926555,82.0485766926555,
2024-03-06 00:00:00+00:00,85.6776384799324,85.6776384799324,85.6776384799324,85.6776384799324,
2024-03-07 00:00:00+00:00,88.3946719013857,88.3946719013857,88.3946719013857,88.3946719013857,
2024-03-08 00:00:00+00:00,88.3015759295496,88.3015759295496,88.3015759295496,88.3015759295496,
2024-03-09 00:00:00+00:00,90.9043054536652,90.9043054536652,90.9043054536652,90.9043054536652,
2024-03-10 00:00:00+00:00,87.2573501726877,87.2573501726877,87.2573501726877,87.2573501726877,
2024-03-11 00:00:00+00:00,103.843876329283,103.843876329283,103.843876329283,103.843876329283,
2024-03-12 00:00:00+00:00,97.4829376855732,97.4829376855732,97.4829376855732,97.4829376855732,
2024-03-13 00:00:00+00:00,97.2225886852515,97.2225886852515,97.2225886852515,97.2225886852515,
2024-03-14 00:00:00+00:00,94.1694859085665,94.1694859085665,94.1694859085665,94.1694859085665,
2024-03-15 00:00:00+00:00,89.7170361722506,89.7170361722506,89.7170361722506,89.7170361722506,
2024-03-16 00:00:00+00:00,83.8700441784233,83.8700441784233,83.8700441784233,83.8700441784233,
2024-03-17 00:00:00+00:00,85.6967655537373,85.6967655537373,85.6967655537373,85.6967655537373,
2024-03-18 00:00:00+00:00,87.0007682777709,87.0007682777709,87.0007682777709,87.0007682777709,
2024-03-19 00:00:00+00:00,78.3050816607194,78.3050816607194,78.3050816607194,78.3050816607194,
2024-03-20 00:00:00+00:00,84.8435301743584,84.8435301743584,84.8435301743584,84.8435301743584,
2024-03-21 00:00:00+00:00,85.7018855633816,85.7018855633816,85.7018855633816,85.7018855633816,
2024-03-22 00:00:00+00:00,83.1130168415544,83.1130168415544,83.1130168415544,83.1130168415544,
2024-03-23 00:00:00+00:00,85.7506157444815,85.7506157444815,85.7506157444815,85.7506157444815,
2024-03-24 00:00:00+00:00,89.8448369124964,89.8448369124964,89.8448369124964,89.8448369124964,
2024-03-25 00:00:00+00:00,90.489957068314,90.489957068314,90.489957068314,90.489957068314,
2024-03-26 00:00:00+00:00,95.7371721783261,95.7371721783261,95.7371721783261,95.7371721783261,
2024-03-27 00:00:00+00:00,93.5945791902891,93.5945791902891,93.5945791902891,93.5945791902891,
2024-03-28 00:00:00+00:00,94.2798565086335,94.2798565086335,94.2798565086335,94.2798565086335,
2024-03-29 00:00:00+00:00,109.247476942674,109.247476942674,109.247476942674,109.247476942674,
2024-03-30 00:00:00+00:00,102.551056107081,102.551056107081,102.551056107081,102.551056107081,
2024-03-31 00:00:00+00:00,105.204578544908,105.204578544908,105.204578544908,105.204578544908,
2024-04-01 00:00:00+00:00,99.5702641168195,99.5702641168195,99.5702641168195,99.5702641168195,
2024-04-02 00:00:00+00:00,107.106046344676,107.106046344676,107.106046344676,107.106046344676,
2024-04-03 00:00:00+00:00,98.7501761629506,98.7501761629506,98.7501761629506,98.7501761629506,
2024-04-04 00:00:00+00:00,97.6579775676103,97.6579775676103,97.6579775676103,97.6579775676103,
2024-04-05 00:00:00+00:00,98.1205091654659,98.1205091654659,98.1205091654659,98.1205091654659,
2024-04-06 00:00:00+00:00,101.52179237546,101.52179237546,101.52179237546,101.52179237546,
2024-04-07 00:00:00+00:00,101.151479266151,101.151479266151,101.151479266151,101.151479266151,
2024-04-08 00:00:00+00:00,103.43104540315,103.43104540315,103.43104540315,103.43104540315,
2024-04-09 00:00:00+00:00,97.4088971638272,97.4088971638272,97.4088971638272,97.4088971638272,
2024-04-10 00:00:00+00:00,96.7779926741409,96.7779926741409,96.7779926741409,96.7779926741409,
2024-04-11 00:00:00+00:00,98.6357320958229,98.6357320958229,98.6357320958229,98.6357320958229,
2024-04-12 00:00:00+00:00,86.1653428202881,86.1653428202881,86.1653428202881,86.1653428202881,
2024-04-13 00:00:00+00:00,77.7998904330816,77.7998904330816,77.7998904330816,77.7998904330816,
2024-04-14 00:00:00+00:00,80.0116772105919,80.0116772105919,80.0116772105919,80.0116772105919,
2024-04-15 00:00:00+00:00,78.0895078630178,78.0895078630178,78.0895078630178,78.0895078630178,
2024-04-16 00:00:00+00:00,79.9888743960382,79.9888743960382,79.9888743960382,79.9888743960382,
2024-04-17 00:00:00+00:00,80.2258146659679,80.2258146659679,80.2258146659679,80.2258146659679,
2024-04-18 00:00:00+00:00,80.876963457587,80.876963457587,80.876963457587,80.876963457587,
2024-04-19 00:00:00+00:00,80.8695190092555,80.8695190092555,80.8695190092555,80.8695190092555,
2024-04-20 00:00:00+00:00,85.0722760341129,85.0722760341129,85.0722760341129,85.0722760341129,
2024-04-21 00:00:00+00:00,84.1767823978486,84.1767823978486,84.1767823978486,84.1767823978486,
2024-04-22 00:00:00+00:00,85.5480079618341,85.5480079618341,85.5480079618341,85.5480079618341,
2024-04-23 00:00:00+00:00,85.0705232870922,85.0705232870922,85.0705232870922,85.0705232870922,
2024-04-24 00:00:00+00:00,83.0717451218615,83.0717451218615,83.0717451218615,83.0717451218615,
2024-04-25 00:00:00+00:00,83.8417137728062,83.8417137728062,83.8417137728062,83.8417137728062,
2024-04-26 00:00:00+00:00,87.8181919612515,87.8181919612515,87.8181919612515,87.8181919612515,
2024-04-27 00:00:00+00:00,83.8230576993845,83.8230576993845,83.8230576993845,83.8230576993845,
2024-04-28 00:00:00+00:00,83.9158486663348,83.9158486663348,83.9158486663348,83.9158486663348,
2024-04-29 00:00:00+00:00,83.7060748228215,83.7060748228215,83.7060748228215,83.7060748228215,
2024-04-30 00:00:00+00:00,79.5252979336957,79.5252979336957,79.5252979336957,79.5252979336957,
2024-05-01 00:00:00+00:00,79.9078375781728,79.9078375781728,79.9078375781728,79.9078375781728,
2024-05-02 00:00:00+00:00,80.1654350364315,80.1654350364315,80.1654350364315,80.1654350364315,
2024-05-03 00:00:00+00:00,82.0172642117178,82.0172642117178,82.0172642117178,82.0172642117178,
2024-05-04 00:00:00+00:00,81.6913277815996,81.6913277815996,81.6913277815996,81.6913277815996,
2024-05-05 00:00:00+00:00,81.3730017339391,81.3730017339391,81.3730017339391,81.3730017339391,
2024-05-06 00:00:00+00:00,80.7869736606971,80.7869736606971,80.7869736606971,80.7869736606971,
2024-05-07 00:00:00+00:00,80.8453784136131,80.8453784136131,80.8453784136131,80.8453784136131,
2024-05-08 00:00:00+00:00,81.4075641352163,81.4075641352163,81.4075641352163,81.4075641352163,
2024-05-09 00:00:00+00:00,83.0144325513531,83.0144325513531,83.0144325513531,83.0144325513531,
2024-05-10 00:00:00+00:00,80.2358196616529,80.2358196616529,80.2358196616529,80.2358196616529,
2024-05-11 00:00:00+00:00,81.3970091441989,81.3970091441989,81.3970091441989,81.3970091441989,
2024-05-12 00:00:00+00:00,81.3487179100269,81.3487179100269,81.3487179100269,81.3487179100269,
2024-05-13 00:00:00+00:00,80.6328270799416,80.6328270799416,80.6328270799416,80.6328270799416,
2024-05-14 00:00:00+00:00,78.7295256253891,78.7295256253891,78.7295256253891,78.7295256253891,
2024-05-15 00:00:00+00:00,82.4726277210849,82.4726277210849,82.4726277210849,82.4726277210849,
2024-05-16 00:00:00+00:00,82.4269934546545,82.4269934546545,82.4269934546545,82.4269934546545,
2024-05-17 00:00:00+00:00,84.1207536823844,84.1207536823844,84.1207536823844,84.1207536823844,
2024-05-18 00:00:00+00:00,83.8636747651705,83.8636747651705,83.8636747651705,83.8636747651705,
2024-05-19 00:00:00+00:00,82.1994697298076,82.1994697298076,82.1994697298076,82.1994697298076,
2024-05-20 00:00:00+00:00,88.604155532883,88.604155532883,88.604155532883,88.604155532883,
2024-05-21 00:00:00+00:00,88.2230986955518,88.2230986955518,88.2230986955518,88.2230986955518,
2024-05-22 00:00:00+00:00,85.7139423398874,85.7139423398874,85.7139423398874,85.7139423398874,
2024-05-23 00:00:00+00:00,85.3014064050378,85.3014064050378,85.3014064050378,85.3014064050378,
2024-05-24 00:00:00+00:00,84.9016252843051,84.9016252843051,84.9016252843051,84.9016252843051,
2024-05-25 00:00:00+00:00,84.8903018103878,84.8903018103878,84.8903018103878,84.8903018103878,
2024-05-26 00:00:00+00:00,83.9144000356078,83.9144000356078,83.9144000356078,83.9144000356078,
2024-05-27 00:00:00+00:00,85.2150719884344,85.2150719884344,85.2150719884344,85.2150719884344,
2024-05-28 00:00:00+00:00,83.4067970531758,83.4067970531758,83.4067970531758,83.4067970531758,
2024-05-29 00:00:00+00:00,83.5685477066633,83.5685477066633,83.5685477066633,83.5685477066633,
2024-05-30 00:00:00+00:00,84.4329944863961,84.4329944863961,84.4329944863961,84.4329944863961,
2024-05-31 00:00:00+00:00,83.1202908153614,83.1202908153614,83.1202908153614,83.1202908153614,
2024-06-01 00:00:00+00:00,83.3498867664339,83.3498867664339,83.3498867664339,83.3498867664339,
2024-06-02 00:00:00+00:00,83.0622060708555,83.0622060708555,83.0622060708555,83.0622060708555,
2024-06-03 00:00:00+00:00,82.8170319777494,82.8170319777494,82.8170319777494,82.8170319777494,
2024-06-04 00:00:00+00:00,83.5750113646891,83.5750113646891,83.5750113646891,83.5750113646891,
2024-06-05 00:00:00+00:00,85.3614726996888,85.3614726996888,85.3614726996888,85.3614726996888,
2024-06-06 00:00:00+00:00,84.2272277325268,84.2272277325268,84.2272277325268,84.2272277325268,
2024-06-07 00:00:00+00:00,80.0821314352264,80.0821314352264,80.0821314352264,80.0821314352264,
2024-06-08 00:00:00+00:00,80.000478110871,80.000478110871,80.000478110871,80.000478110871,
2024-06-09 00:00:00+00:00,80.4243969561515,80.4243969561515,80.4243969561515,80.4243969561515,
2024-06-10 00:00:00+00:00,79.594639438406,79.594639438406,79.594639438406,79.594639438406,
2024-06-11 00:00:00+00:00,77.3083814440148,77.3083814440148,77.3083814440148,77.3083814440148,
2024-06-12 00:00:00+00:00,78.4376941493193,78.4376941493193,78.4376941493193,78.4376941493193,
2024-06-13 00:00:00+00:00,79.0966659784115,79.0966659784115,79.0966659784115,79.0966659784115,
2024-06-14 00:00:00+00:00,77.4652795187558,77.4652795187558,77.4652795187558,77.4652795187558,
2024-06-15 00:00:00+00:00,79.1841177810379,79.1841177810379,79.1841177810379,79.1841177810379,
2024-06-16 00:00:00+00:00,78.8587952613359,78.8587952613359,78.8587952613359,78.8587952613359,
2024-06-17 00:00:00+00:00,76.6488105473808,76.6488105473808,76.6488105473808,76.6488105473808,
2024-06-18 00:00:00+00:00,72.5212782267258,72.5212782267258,72.5212782267258,72.5212782267258,
2024-06-19 00:00:00+00:00,73.6918135581553,73.6918135581553,73.6918135581553,73.6918135581553,
2024-06-20 00:00:00+00:00,74.7984071803594,74.7984071803594,74.7984071803594,74.7984071803594,
2024-06-21 00:00:00+00:00,74.080396222613,74.080396222613,74.080396222613,74.080396222613,
2024-06-22 00:00:00+00:00,74.5607812270461,74.5607812270461,74.5607812270461,74.5607812270461,
2024-06-23 00:00:00+00:00,73.5510848066227,73.5510848066227,73.5510848066227,73.5510848066227,
2024-06-24 00:00:00+00:00,69.6261069479943,69.6261069479943,69.6261069479943,69.6261069479943,
2024-06-25 00:00:00+00:00,71.2739638166271,71.2739638166271,71.2739638166271,71.2739638166271,
2024-06-26 00:00:00+00:00,70.9665103815787,70.9665103815787,70.9665103815787,70.9665103815787,
2024-06-27 00:00:00+00:00,73.0571679764643,73.0571679764643,73.0571679764643,73.0571679764643,
2024-06-28 00:00:00+00:00,72.7930728273411,72.7930728273411,72.7930728273411,72.7930728273411,
2024-06-29 00:00:00+00:00,75.0328717237026,75.0328717237026,75.0328717237026,75.0328717237026,
2024-06-30 00:00:00+00:00,75.2827356226926,75.2827356226926,75.2827356226926,75.2827356226926,
2024-07-01 00:00:00+00:00,74.3074147833718,74.3074147833718,74.3074147833718,74.3074147833718,
2024-07-02 00:00:00+00:00,75.8339203280107,75.8339203280107,75.8339203280107,75.8339203280107,
2024-07-03 00:00:00+00:00,71.9474060711001,71.9474060711001,71.9474060711001,71.9474060711001,
2024-07-04 00:00:00+00:00,65.6869252971799,65.6869252971799,65.6869252971799,65.6869252971799,
2024-07-05 00:00:00+00:00,61.9660581407644,61.9660581407644,61.9660581407644,61.9660581407644,
2024-07-06 00:00:00+00:00,65.4314305654741,65.4314305654741,65.4314305654741,65.4314305654741,
2024-07-07 00:00:00+00:00,62.1460343425829,62.1460343425829,62.1460343425829,62.1460343425829,
2024-07-08 00:00:00+00:00,64.8689463203074,64.8689463203074,64.8689463203074,64.8689463203074,
2024-07-09 00:00:00+00:00,65.3153953069089,65.3153953069089,65.3153953069089,65.3153953069089,
2024-07-10 00:00:00+00:00,66.8883927873082,66.8883927873082,66.8883927873082,66.8883927873082,
2024-07-11 00:00:00+00:00,67.4600736548483,67.4600736548483,67.4600736548483,67.4600736548483,
2024-07-12 00:00:00+00:00,69.2738221064588,69.2738221064588,69.2738221064588,69.2738221064588,
2024-07-13 00:00:00+00:00,69.891200726166,69.891200726166,69.891200726166,69.891200726166,
2024-07-14 00:00:00+00:00,70.1046128502734,70.1046128502734,70.1046128502734,70.1046128502734,
2024-07-15 00:00:00+00:00,72.3737288167852,72.3737288167852,72.3737288167852,72.3737288167852,
2024-07-16 00:00:00+00:00,73.1281788083659,73.1281788083659,73.1281788083659,73.1281788083659,
2024-07-17 00:00:00+00:00,71.5313161536318,71.5313161536318,71.5313161536318,71.5313161536318,
2024-07-18 00:00:00+00:00,71.5792330676223,71.5792330676223,71.5792330676223,71.5792330676223,
2024-07-19 00:00:00+00:00,73.4640160914712,73.4640160914712,73.4640160914712,73.4640160914712,
2024-07-20 00:00:00+00:00,73.084554265932,73.084554265932,73.084554265932,73.084554265932,
2024-07-21 00:00:00+00:00,73.9500718029735,73.9500718029735,73.9500718029735,73.9500718029735,
2024-07-22 00:00:00+00:00,71.2804212575797,71.2804212575797,71.2804212575797,71.2804212575797,
2024-07-23 00:00:00+00:00,72.8655695337625,72.8655695337625,72.8655695337625,72.8655695337625,
2024-07-24 00:00:00+00:00,71.0989153726164,71.0989153726164,71.0989153726164,71.0989153726164,
2024-07-25 00:00:00+00:00,68.8024622631963,68.8024622631963,68.8024622631963,68.8024622631963,
2024-07-26 00:00:00+00:00,71.334643409992,71.334643409992,71.334643409992,71.334643409992,
2024-07-27 00:00:00+00:00,71.4163018910569,71.4163018910569,71.4163018910569,71.4163018910569,
2024-07-28 00:00:00+00:00,71.0905358509077,71.0905358509077,71.0905358509077,71.0905358509077,
2024-07-29 00:00:00+00:00,73.834160930496,73.834160930496,73.834160930496,73.834160930496,
2024-07-30 00:00:00+00:00,71.6155700565071,71.6155700565071,71.6155700565071,71.6155700565071,
2024-07-31 00:00:00+00:00,70.2649293849798,70.2649293849798,70.2649293849798,70.2649293849798,
2024-08-01 00:00:00+00:00,69.4703514881796,69.4703514881796,69.4703514881796,69.4703514881796,
2024-08-02 00:00:00+00:00,64.9128712664959,64.9128712664959,64.9128712664959,64.9128712664959,
2024-08-03 00:00:00+00:00,64.5022738374267,64.5022738374267,64.5022738374267,64.5022738374267,
2024-08-04 00:00:00+00:00,62.5589479923746,62.5589479923746,62.5589479923746,62.5589479923746,
2024-08-05 00:00:00+00:00,56.3356475740531,56.3356475740531,56.3356475740531,56.3356475740531,
2024-08-06 00:00:00+00:00,58.2960338707085,58.2960338707085,58.2960338707085,58.2960338707085,
2024-08-07 00:00:00+00:00,56.1223980667665,56.1223980667665,56.1223980667665,56.1223980667665,
2024-08-08 00:00:00+00:00,61.3611082158897,61.3611082158897,61.3611082158897,61.3611082158897,
2024-08-09 00:00:00+00:00,60.5246100614192,60.5246100614192,60.5246100614192,60.5246100614192,
2024-08-10 00:00:00+00:00,61.1344111460033,61.1344111460033,61.1344111460033,61.1344111460033,
2024-08-11 00:00:00+00:00,59.6226576044942,59.6226576044942,59.6226576044942,59.6226576044942,
2024-08-12 00:00:00+00:00,61.4722195449764,61.4722195449764,61.4722195449764,61.4722195449764,
2024-08-13 00:00:00+00:00,63.3437063647786,63.3437063647786,63.3437063647786,63.3437063647786,
2024-08-14 00:00:00+00:00,64.037747457863,64.037747457863,64.037747457863,64.037747457863,
2024-08-15 00:00:00+00:00,65.2522093976063,65.2522093976063,65.2522093976063,65.2522093976063,
2024-08-16 00:00:00+00:00,66.4502462754422,66.4502462754422,66.4502462754422,66.4502462754422,
2024-08-17 00:00:00+00:00,67.5873668841267,67.5873668841267,67.5873668841267,67.5873668841267,
2024-08-18 00:00:00+00:00,66.428798178637,66.428798178637,66.428798178637,66.428798178637,
2024-08-19 00:00:00+00:00,66.2776648947961,66.2776648947961,66.2776648947961,66.2776648947961,
2024-08-20 00:00:00+00:00,64.5539047066721,64.5539047066721,64.5539047066721,64.5539047066721,
2024-08-21 00:00:00+00:00,64.3772053539329,64.3772053539329,64.3772053539329,64.3772053539329,
2024-08-22 00:00:00+00:00,63.7835562545891,63.7835562545891,63.7835562545891,63.7835562545891,
2024-08-23 00:00:00+00:00,66.2430117286997,66.2430117286997,66.2430117286997,66.2430117286997,
2024-08-24 00:00:00+00:00,66.488627793358,66.488627793358,66.488627793358,66.488627793358,
2024-08-25 00:00:00+00:00,65.0341488205652,65.0341488205652,65.0341488205652,65.0341488205652,
2024-08-26 00:00:00+00:00,63.3092954428669,63.3092954428669,63.3092954428669,63.3092954428669,
2024-08-27 00:00:00+00:00,60.5230397476969,60.5230397476969,60.5230397476969,60.5230397476969,
2024-08-28 00:00:00+00:00,61.8720078028765,61.8720078028765,61.8720078028765,61.8720078028765,
2024-08-29 00:00:00+00:00,62.3429495639371,62.3429495639371,62.3429495639371,62.3429495639371,
2024-08-30 00:00:00+00:00,65.0023141567508,65.0023141567508,65.0023141567508,65.0023141567508,
2024-08-31 00:00:00+00:00,65.0350937296327,65.0350937296327,65.0350937296327,65.0350937296327,
2024-09-01 00:00:00+00:00,63.5172307385479,63.5172307385479,63.5172307385479,63.5172307385479,
2024-09-02 00:00:00+00:00,65.2825065411896,65.2825065411896,65.2825065411896,65.2825065411896,
2024-09-03 00:00:00+00:00,64.6248878660327,64.6248878660327,64.6248878660327,64.6248878660327,
2024-09-04 00:00:00+00:00,65.4735199471448,65.4735199471448,65.4735199471448,65.4735199471448,
2024-09-05 00:00:00+00:00,66.0255598432001,66.0255598432001,66.0255598432001,66.0255598432001,
2024-09-06 00:00:00+00:00,62.9290650113955,62.9290650113955,62.9290650113955,62.9290650113955,
2024-09-07 00:00:00+00:00,62.0008696475253,62.0008696475253,62.0008696475253,62.0008696475253,
2024-09-08 00:00:00+00:00,60.9475179814698,60.9475179814698,60.9475179814698,60.9475179814698,
2024-09-09 00:00:00+00:00,61.4871627708766,61.4871627708766,61.4871627708766,61.4871627708766,
2024-09-10 00:00:00+00:00,61.6131834855942,61.6131834855942,61.6131834855942,61.6131834855942,
2024-09-11 00:00:00+00:00,62.1518551547289,62.1518551547289,62.1518551547289,62.1518551547289,
2024-09-12 00:00:00+00:00,62.8351662114956,62.8351662114956,62.8351662114956,62.8351662114956,
2024-09-13 00:00:00+00:00,64.9208117865502,64.9208117865502,64.9208117865502,64.9208117865502,
2024-09-14 00:00:00+00:00,66.0120278184514,66.0120278184514,66.0120278184514,66.0120278184514,
2024-09-15 00:00:00+00:00,63.3484425404646,63.3484425404646,63.3484425404646,63.3484425404646,
2024-09-16 00:00:00+00:00,62.5594483897326,62.5594483897326,62.5594483897326,62.5594483897326,
2024-09-17 00:00:00+00:00,63.6648822604111,63.6648822604111,63.6648822604111,63.6648822604111,
2024-09-18 00:00:00+00:00,64.5987967209551,64.5987967209551,64.5987967209551,64.5987967209551,
2024-09-19 00:00:00+00:00,65.5224269717488,65.5224269717488,65.5224269717488,65.5224269717488,
2024-09-20 00:00:00+00:00,65.2216314234278,65.2216314234278,65.2216314234278,65.2216314234278,
2024-09-21 00:00:00+00:00,66.9467050100232,66.9467050100232,66.9467050100232,66.9467050100232,
2024-09-22 00:00:00+00:00,68.5281558240392,68.5281558240392,68.5281558240392,68.5281558240392,
2024-09-23 00:00:00+00:00,67.0433603495174,67.0433603495174,67.0433603495174,67.0433603495174,
2024-09-24 00:00:00+00:00,66.7122796859795,66.7122796859795,66.7122796859795,66.7122796859795,
2024-09-25 00:00:00+00:00,66.5605362886619,66.5605362886619,66.5605362886619,66.5605362886619,
2024-09-26 00:00:00+00:00,68.4011339378964,68.4011339378964,68.4011339378964,68.4011339378964,
2024-09-27 00:00:00+00:00,71.0810056068954,71.0810056068954,71.0810056068954,71.0810056068954,
2024-09-28 00:00:00+00:00,69.8608577699459,69.8608577699459,69.8608577699459,69.8608577699459,
2024-09-29 00:00:00+00:00,69.3401466897658,69.3401466897658,69.3401466897658,69.3401466897658,
2024-09-30 00:00:00+00:00,66.7530191988342,66.7530191988342,66.7530191988342,66.7530191988342,
2024-10-01 00:00:00+00:00,63.375689914201,63.375689914201,63.375689914201,63.375689914201,
2024-10-02 00:00:00+00:00,62.9156487057733,62.9156487057733,62.9156487057733,62.9156487057733,
2024-10-03 00:00:00+00:00,63.4023952803852,63.4023952803852,63.4023952803852,63.4023952803852,
2024-10-04 00:00:00+00:00,64.9071236110127,64.9071236110127,64.9071236110127,64.9071236110127,
2024-10-05 00:00:00+00:00,66.1918918826555,66.1918918826555,66.1918918826555,66.1918918826555,
2024-10-06 00:00:00+00:00,67.1093056723531,67.1093056723531,67.1093056723531,67.1093056723531,
2024-10-07 00:00:00+00:00,64.9655496935305,64.9655496935305,64.9655496935305,64.9655496935305,
2024-10-08 00:00:00+00:00,65.6158904357987,65.6158904357987,65.6158904357987,65.6158904357987,
2024-10-09 00:00:00+00:00,64.5395766695337,64.5395766695337,64.5395766695337,64.5395766695337,
2024-10-10 00:00:00+00:00,64.2256508362811,64.2256508362811,64.2256508362811,64.2256508362811,
2024-10-11 00:00:00+00:00,65.5084161650185,65.5084161650185,65.5084161650185,65.5084161650185,
2024-10-12 00:00:00+00:00,66.2123291299333,66.2123291299333,66.2123291299333,66.2123291299333,
2024-10-13 00:00:00+00:00,64.7007311618306,64.7007311618306,64.7007311618306,64.7007311618306,
2024-10-14 00:00:00+00:00,66.9552371288279,66.9552371288279,66.9552371288279,66.9552371288279,
2024-10-15 00:00:00+00:00,70.5841036562452,70.5841036562452,70.5841036562452,70.5841036562452,
2024-10-16 00:00:00+00:00,69.9973218405818,69.9973218405818,69.9973218405818,69.9973218405818,
2024-10-17 00:00:00+00:00,72.9781534827752,72.9781534827752,72.9781534827752,72.9781534827752,
2024-10-18 00:00:00+00:00,73.3093460167417,73.3093460167417,73.3093460167417,73.3093460167417,
2024-10-19 00:00:00+00:00,74.9643008457535,74.9643008457535,74.9643008457535,74.9643008457535,
2024-10-20 00:00:00+00:00,74.2276797103465,74.2276797103465,74.2276797103465,74.2276797103465,
2024-10-21 00:00:00+00:00,70.7296677665273,70.7296677665273,70.7296677665273,70.7296677665273,
2024-10-22 00:00:00+00:00,69.9212335071861,69.9212335071861,69.9212335071861,69.9212335071861,
2024-10-23 00:00:00+00:00,70.0689464488712,70.0689464488712,70.0689464488712,70.0689464488712,
2024-10-24 00:00:00+00:00,70.9995326387501,70.9995326387501,70.9995326387501,70.9995326387501,
2024-10-25 00:00:00+00:00,68.2163271116498,68.2163271116498,68.2163271116498,68.2163271116498,
2024-10-26 00:00:00+00:00,68.3505419124865,68.3505419124865,68.3505419124865,68.3505419124865,
2024-10-27 00:00:00+00:00,71.0233485142012,71.0233485142012,71.0233485142012,71.0233485142012,
2024-10-28 00:00:00+00:00,70.7578609251422,70.7578609251422,70.7578609251422,70.7578609251422,
2024-10-29 00:00:00+00:00,74.0374776448865,74.0374776448865,74.0374776448865,74.0374776448865,
2024-10-30 00:00:00+00:00,71.916102221105,71.916102221105,71.916102221105,71.916102221105,
2024-10-31 00:00:00+00:00,69.2706355157097,69.2706355157097,69.2706355157097,69.2706355157097,
2024-11-01 00:00:00+00:00,70.2048209367832,70.2048209367832,70.2048209367832,70.2048209367832,
2024-11-02 00:00:00+00:00,69.0699775842506,69.0699775842506,69.0699775842506,69.0699775842506,
2024-11-03 00:00:00+00:00,66.8507946204117,66.8507946204117,66.8507946204117,66.8507946204117,
2024-11-04 00:00:00+00:00,65.4552634859339,65.4552634859339,65.4552634859339,65.4552634859339,
2024-11-05 00:00:00+00:00,65.6896819615494,65.6896819615494,65.6896819615494,65.6896819615494,
2024-11-06 00:00:00+00:00,71.1185942749199,71.1185942749199,71.1185942749199,71.1185942749199,
2024-11-07 00:00:00+00:00,71.5230334810795,71.5230334810795,71.5230334810795,71.5230334810795,
2024-11-08 00:00:00+00:00,72.7789794766413,72.7789794766413,72.7789794766413,72.7789794766413,
2024-11-09 00:00:00+00:00,74.0153520505823,74.0153520505823,74.0153520505823,74.0153520505823,
2024-11-10 00:00:00+00:00,76.3704382626377,76.3704382626377,76.3704382626377,76.3704382626377,
2024-11-11 00:00:00+00:00,79.8758057722535,79.8758057722535,79.8758057722535,79.8758057722535,
2024-11-12 00:00:00+00:00,77.264277872103,77.264277872103,77.264277872103,77.264277872103,
2024-11-13 00:00:00+00:00,75.4866013265134,75.4866013265134,75.4866013265134,75.4866013265134,
2024-11-14 00:00:00+00:00,81.9384518377653,81.9384518377653,81.9384518377653,81.9384518377653,
2024-11-15 00:00:00+00:00,83.7035379311589,83.7035379311589,83.7035379311589,83.7035379311589,
2024-11-16 00:00:00+00:00,95.1619695693258,95.1619695693258,95.1619695693258,95.1619695693258,
2024-11-17 00:00:00+00:00,86.9283215936855,86.9283215936855,86.9283215936855,86.9283215936855,
2024-11-18 00:00:00+00:00,88.8714369708686,88.8714369708686,88.8714369708686,88.8714369708686,
2024-11-19 00:00:00+00:00,86.7817797407534,86.7817797407534,86.7817797407534,86.7817797407534,
2024-11-20 00:00:00+00:00,83.7679235443347,83.7679235443347,83.7679235443347,83.7679235443347,
2024-11-21 00:00:00+00:00,89.3856809188426,89.3856809188426,89.3856809188426,89.3856809188426,
2024-11-22 00:00:00+00:00,91.7276635228231,91.7276635228231,91.7276635228231,91.7276635228231,
2024-11-23 00:00:00+00:00,99.2296040725241,99.2296040725241,99.2296040725241,99.2296040725241,
2024-11-24 00:00:00+00:00,97.151876727886,97.151876727886,97.151876727886,97.151876727886,
2024-11-25 00:00:00+00:00,92.6216469719688,92.6216469719688,92.6216469719688,92.6216469719688,
2024-11-26 00:00:00+00:00,92.521438845818,92.521438845818,92.521438845818,92.521438845818,
2024-11-27 00:00:00+00:00,97.4656645987914,97.4656645987914,97.4656645987914,97.4656645987914,
2024-11-28 00:00:00+00:00,95.8314909373934,95.8314909373934,95.8314909373934,95.8314909373934,
2024-11-29 00:00:00+00:00,103.574481077571,103.574481077571,103.574481077571,103.574481077571,
2024-11-30 00:00:00+00:00,102.675595937251,102.675595937251,102.675595937251,102.675595937251,
2024-12-01 00:00:00+00:00,119.750320849695,119.750320849695,119.750320849695,119.750320849695,
2024-12-02 00:00:00+00:00,134.662572407886,134.662572407886,134.662572407886,134.662572407886,
2024-12-03 00:00:00+00:00,132.395509313773,132.395509313773,132.395509313773,132.395509313773,
2024-12-04 00:00:00+00:00,133.386918569487,133.386918569487,133.386918569487,133.386918569487,
2024-12-05 00:00:00+00:00,136.163351815693,136.163351815693,136.163351815693,136.163351815693,
2024-12-06 00:00:00+00:00,136.010048967973,136.010048967973,136.010048967973,136.010048967973,
2024-12-07 00:00:00+00:00,133.7997703876,133.7997703876,133.7997703876,133.7997703876,
2024-12-08 00:00:00+00:00,134.830417749213,134.830417749213,134.830417749213,134.830417749213,
2024-12-09 00:00:00+00:00,110.460240277501,110.460240277501,110.460240277501,110.460240277501,
2024-12-10 00:00:00+00:00,109.911882789866,109.911882789866,109.911882789866,109.911882789866,
2024-12-11 00:00:00+00:00,117.836098878843,117.836098878843,117.836098878843,117.836098878843,
2024-12-12 00:00:00+00:00,119.199112783194,119.199112783194,119.199112783194,119.199112783194,
2024-12-13 00:00:00+00:00,123.90249848446,123.90249848446,123.90249848446,123.90249848446,
2024-12-14 00:00:00+00:00,118.141742112026,118.141742112026,118.141742112026,118.141742112026,
2024-12-15 00:00:00+00:00,120.983643165553,120.983643165553,120.983643165553,120.983643165553,
2024-12-16 00:00:00+00:00,118.275826883325,118.275826883325,118.275826883325,118.275826883325,
2024-12-17 00:00:00+00:00,124.030131065948,124.030131065948,124.030131065948,124.030131065948,
2024-12-18 00:00:00+00:00,109.010832968073,109.010832968073,109.010832968073,109.010832968073,
2024-12-19 00:00:00+00:00,100.02494144353,100.02494144353,100.02494144353,100.02494144353,
2024-12-20 00:00:00+00:00,101.414226508673,101.414226508673,101.414226508673,101.414226508673,
2024-12-21 00:00:00+00:00,101.121421345067,101.121421345067,101.121421345067,101.121421345067,
2024-12-22 00:00:00+00:00,99.5878395189932,99.5878395189932,99.5878395189932,99.5878395189932,
2024-12-23 00:00:00+00:00,106.405324219451,106.405324219451,106.405324219451,106.405324219451,
2024-12-24 00:00:00+00:00,108.303242675076,108.303242675076,108.303242675076,108.303242675076,
2024-12-25 00:00:00+00:00,109.39318196678,109.39318196678,109.39318196678,109.39318196678,
2024-12-26 00:00:00+00:00,102.033939647264,102.033939647264,102.033939647264,102.033939647264,
2024-12-27 00:00:00+00:00,100.229080196715,100.229080196715,100.229080196715,100.229080196715,
2024-12-28 00:00:00+00:00,100.578586817927,100.578586817927,100.578586817927,100.578586817927,
2024-12-29 00:00:00+00:00,98.0120879297277,98.0120879297277,98.0120879297277,98.0120879297277,
2024-12-30 00:00:00+00:00,99.0570510433235,99.0570510433235,99.0570510433235,99.0570510433235,
2024-12-31 00:00:00+00:00,102.974783431693,102.974783431693,102.974783431693,102.974783431693,
2025-01-01 00:00:00+00:00,104.774930088965,104.774930088965,104.774930088965,104.774930088965,
2025-01-02 00:00:00+00:00,105.205037311131,105.205037311131,105.205037311131,105.205037311131,
2025-01-03 00:00:00+00:00,112.875448443374,112.875448443374,112.875448443374,112.875448443374,
2025-01-04 00:00:00+00:00,111.209882513055,111.209882513055,111.209882513055,111.209882513055,
2025-01-05 00:00:00+00:00,115.330374798227,115.330374798227,115.330374798227,115.330374798227,
2025-01-06 00:00:00+00:00,113.840439430952,113.840439430952,113.840439430952,113.840439430952,
2025-01-07 00:00:00+00:00,103.0232414116,103.0232414116,103.0232414116,103.0232414116,
2025-01-08 00:00:00+00:00,101.546827240187,101.546827240187,101.546827240187,101.546827240187,
2025-01-09 00:00:00+00:00,102.283399666234,102.283399666234,102.283399666234,102.283399666234,
2025-01-10 00:00:00+00:00,104.42365851721,104.42365851721,104.42365851721,104.42365851721,
2025-01-11 00:00:00+00:00,104.50782641554,104.50782641554,104.50782641554,104.50782641554,
2025-01-12 00:00:00+00:00,102.166989280537,102.166989280537,102.166989280537,102.166989280537,
2025-01-13 00:00:00+00:00,98.4405769697373,98.4405769697373,98.4405769697373,98.4405769697373,
2025-01-14 00:00:00+00:00,102.290970917488,102.290970917488,102.290970917488,102.290970917488,
2025-01-15 00:00:00+00:00,117.114090440623,117.114090440623,117.114090440623,117.114090440623,
2025-01-16 00:00:00+00:00,123.880151154962,123.880151154962,123.880151154962,123.880151154962,
2025-01-17 00:00:00+00:00,136.616124524307,136.616124524307,136.616124524307,136.616124524307,
2025-01-18 00:00:00+00:00,125.141384363883,125.141384363883,125.141384363883,125.141384363883,
2025-01-19 00:00:00+00:00,114.732819648355,114.732819648355,114.732819648355,114.732819648355,
2025-01-20 00:00:00+00:00,118.692732238087,118.692732238087,118.692732238087,118.692732238087,
2025-01-21 00:00:00+00:00,118.667153253479,118.667153253479,118.667153253479,118.667153253479,
2025-01-22 00:00:00+00:00,115.185292303461,115.185292303461,115.185292303461,115.185292303461,
2025-01-23 00:00:00+00:00,116.354824586329,116.354824586329,116.354824586329,116.354824586329,
2025-01-24 00:00:00+00:00,118.455033826534,118.455033826534,118.455033826534,118.455033826534,
2025-01-25 00:00:00+00:00,123.81882653466,123.81882653466,123.81882653466,123.81882653466,
2025-01-26 00:00:00+00:00,117.909653201305,117.909653201305,117.909653201305,117.909653201305,
2025-01-27 00:00:00+00:00,114.64795387283,114.64795387283,114.64795387283,114.64795387283,
2025-01-28 00:00:00+00:00,109.919821290786,109.919821290786,109.919821290786,109.919821290786,
2025-01-29 00:00:00+00:00,116.137781011361,116.137781011361,116.137781011361,116.137781011361,
2025-01-30 00:00:00+00:00,129.963500667715,129.963500667715,129.963500667715,129.963500667715,
2025-01-31 00:00:00+00:00,128.172077937039,128.172077937039,128.172077937039,128.172077937039,
2025-02-01 00:00:00+00:00,118.922740254323,118.922740254323,118.922740254323,118.922740254323,
2025-02-02 00:00:00+00:00,108.303987772011,108.303987772011,108.303987772011,108.303987772011,
2025-02-03 00:00:00+00:00,106.981401509231,106.981401509231,106.981401509231,106.981401509231,
2025-02-04 00:00:00+00:00,101.358311279944,101.358311279944,101.358311279944,101.358311279944,
2025-02-05 00:00:00+00:00,103.143560045406,103.143560045406,103.143560045406,103.143560045406,
2025-02-06 00:00:00+00:00,101.38561848162,101.38561848162,101.38561848162,101.38561848162,
2025-02-07 00:00:00+00:00,102.818164847993,102.818164847993,102.818164847993,102.818164847993,
2025-02-08 00:00:00+00:00,104.67832709955,104.67832709955,104.67832709955,104.67832709955,
2025-02-09 00:00:00+00:00,107.229693098033,107.229693098033,107.229693098033,107.229693098033,
2025-02-10 00:00:00+00:00,119.53887167087,119.53887167087,119.53887167087,119.53887167087,
2025-02-11 00:00:00+00:00,119.673018517985,119.673018517985,119.673018517985,119.673018517985,
2025-02-12 00:00:00+00:00,121.818109853108,121.818109853108,121.818109853108,121.818109853108,
2025-02-13 00:00:00+00:00,125.761609501774,125.761609501774,125.761609501774,125.761609501774,
2025-02-14 00:00:00+00:00,125.159401535499,125.159401535499,125.159401535499,125.159401535499,
2025-02-15 00:00:00+00:00,133.330103044438,133.330103044438,133.330103044438,133.330103044438,
2025-02-16 00:00:00+00:00,125.585490301154,125.585490301154,125.585490301154,125.585490301154,
2025-02-17 00:00:00+00:00,122.520083425557,122.520083425557,122.520083425557,122.520083425557,
2025-02-18 00:00:00+00:00,129.169323609173,129.169323609173,129.169323609173,129.169323609173,
2025-02-19 00:00:00+00:00,135.389263491947,135.389263491947,135.389263491947,135.389263491947,
2025-02-20 00:00:00+00:00,130.021846990759,130.021846990759,130.021846990759,130.021846990759,
2025-02-21 00:00:00+00:00,127.708766439918,127.708766439918,127.708766439918,127.708766439918,
2025-02-22 00:00:00+00:00,126.104289612708,126.104289612708,126.104289612708,126.104289612708,
2025-02-23 00:00:00+00:00,129.733626840696,129.733626840696,129.733626840696,129.733626840696,
2025-02-24 00:00:00+00:00,114.590170921091,114.590170921091,114.590170921091,114.590170921091,
2025-02-25 00:00:00+00:00,115.013323627139,115.013323627139,115.013323627139,115.013323627139,
2025-02-26 00:00:00+00:00,125.918628290927,125.918628290927,125.918628290927,125.918628290927,
2025-02-27 00:00:00+00:00,126.573028635012,126.573028635012,126.573028635012,126.573028635012,
2025-02-28 00:00:00+00:00,128.530435452833,128.530435452833,128.530435452833,128.530435452833,
2025-03-01 00:00:00+00:00,124.053533823125,124.053533823125,124.053533823125,124.053533823125,
2025-03-02 00:00:00+00:00,127.662662709221,127.662662709221,127.662662709221,127.662662709221,
2025-03-03 00:00:00+00:00,110.246969299473,110.246969299473,110.246969299473,110.246969299473,
2025-03-04 00:00:00+00:00,103.194983182178,103.194983182178,103.194983182178,103.194983182178,
2025-03-05 00:00:00+00:00,104.830677027179,104.830677027179,104.830677027179,104.830677027179,
2025-03-06 00:00:00+00:00,103.492244524022,103.492244524022,103.492244524022,103.492244524022,
2025-03-07 00:00:00+00:00,103.2362977957,103.2362977957,103.2362977957,103.2362977957,
2025-03-08 00:00:00+00:00,102.283794291079,102.283794291079,102.283794291079,102.283794291079,
2025-03-09 00:00:00+00:00,94.4660895438913,94.4660895438913,94.4660895438913,94.4660895438913,
2025-03-10 00:00:00+00:00,87.7971551756631,87.7971551756631,87.7971551756631,87.7971551756631,
2025-03-11 00:00:00+00:00,90.4845656523513,90.4845656523513,90.4845656523513,90.4845656523513,
2025-03-12 00:00:00+00:00,91.4327443058137,91.4327443058137,91.4327443058137,91.4327443058137,
2025-03-13 00:00:00+00:00,88.0231080103429,88.0231080103429,88.0231080103429,88.0231080103429,
2025-03-14 00:00:00+00:00,91.5662791104675,91.5662791104675,91.5662791104675,91.5662791104675,
2025-03-15 00:00:00+00:00,92.4800641583151,92.4800641583151,92.4800641583151,92.4800641583151,
2025-03-16 00:00:00+00:00,90.2691937994254,90.2691937994254,90.2691937994254,90.2691937994254,
2025-03-17 00:00:00+00:00,92.353852340147,92.353852340147,92.353852340147,92.353852340147,
2025-03-18 00:00:00+00:00,89.971043287979,89.971043287979,89.971043287979,89.971043287979,
2025-03-19 00:00:00+00:00,94.01192704926,94.01192704926,94.01192704926,94.01192704926,
2025-03-20 00:00:00+00:00,93.0866948120179,93.0866948120179,93.0866948120179,93.0866948120179,
2025-03-21 00:00:00+00:00,91.1651088209412,91.1651088209412,91.1651088209412,91.1651088209412,
2025-03-22 00:00:00+00:00,91.2175686034906,91.2175686034906,91.2175686034906,91.2175686034906,
2025-03-23 00:00:00+00:00,91.3704149001526,91.3704149001526,91.3704149001526,91.3704149001526,
2025-03-24 00:00:00+00:00,93.5317833146689,93.5317833146689,93.5317833146689,93.5317833146689,
2025-03-25 00:00:00+00:00,94.306602479099,94.306602479099,94.306602479099,94.306602479099,
2025-03-26 00:00:00+00:00,92.1623613440665,92.1623613440665,92.1623613440665,92.1623613440665,
2025-03-27 00:00:00+00:00,92.8776971552706,92.8776971552706,92.8776971552706,92.8776971552706,
2025-03-28 00:00:00+00:00,87.3320738027841,87.3320738027841,87.3320738027841,87.3320738027841,
2025-03-29 00:00:00+00:00,85.1553233359308,85.1553233359308,85.1553233359308,85.1553233359308,
2025-03-30 00:00:00+00:00,85.8333971731257,85.8333971731257,85.8333971731257,85.8333971731257,
2025-03-31 00:00:00+00:00,83.0473769415028,83.0473769415028,83.0473769415028,83.0473769415028,
2025-04-01 00:00:00+00:00,84.5935844208521,84.5935844208521,84.5935844208521,84.5935844208521,
2025-04-02 00:00:00+00:00,81.7577834490159,81.7577834490159,81.7577834490159,81.7577834490159,
2025-04-03 00:00:00+00:00,83.2408872673794,83.2408872673794,83.2408872673794,83.2408872673794,
2025-04-04 00:00:00+00:00,84.2116337698624,84.2116337698624,84.2116337698624,84.2116337698624,
2025-04-05 00:00:00+00:00,82.5035777031022,82.5035777031022,82.5035777031022,82.5035777031022,
2025-04-06 00:00:00+00:00,69.919054457898,69.919054457898,69.919054457898,69.919054457898,
2025-04-07 00:00:00+00:00,71.0958189109117,71.0958189109117,71.0958189109117,71.0958189109117,
2025-04-08 00:00:00+00:00,69.029370257572,69.029370257572,69.029370257572,69.029370257572,
2025-04-09 00:00:00+00:00,76.05139256151,76.05139256151,76.05139256151,76.05139256151,
2025-04-10 00:00:00+00:00,73.7319556923543,73.7319556923543,73.7319556923543,73.7319556923543,
2025-04-11 00:00:00+00:00,76.1457755991552,76.1457755991552,76.1457755991552,76.1457755991552,
2025-04-12 00:00:00+00:00,78.5594141511239,78.5594141511239,78.5594141511239,78.5594141511239,
2025-04-13 00:00:00+00:00,77.6177892832009,77.6177892832009,77.6177892832009,77.6177892832009,
2025-04-14 00:00:00+00:00,77.2025619072826,77.2025619072826,77.2025619072826,77.2025619072826,
2025-04-15 00:00:00+00:00,75.624523600894,75.624523600894,75.624523600894,75.624523600894,
2025-04-16 00:00:00+00:00,74.3179289890398,74.3179289890398,74.3179289890398,74.3179289890398,
2025-04-17 00:00:00+00:00,74.9560838278057,74.9560838278057,74.9560838278057,74.9560838278057,
2025-04-18 00:00:00+00:00,75.9611860618623,75.9611860618623,75.9611860618623,75.9611860618623,
2025-04-19 00:00:00+00:00,76.2134254844615,76.2134254844615,76.2134254844615,76.2134254844615,
2025-04-20 00:00:00+00:00,77.8978414168439,77.8978414168439,77.8978414168439,77.8978414168439,
2025-04-21 00:00:00+00:00,77.767191424532,77.767191424532,77.767191424532,77.767191424532,
2025-04-22 00:00:00+00:00,83.827678701369,83.827678701369,83.827678701369,83.827678701369,
2025-04-23 00:00:00+00:00,83.2905820274846,83.2905820274846,83.2905820274846,83.2905820274846,
2025-04-24 00:00:00+00:00,84.3409088260078,84.3409088260078,84.3409088260078,84.3409088260078,
2025-04-25 00:00:00+00:00,86.446951178729,86.446951178729,86.446951178729,86.446951178729,
2025-04-26 00:00:00+00:00,87.0562558941783,87.0562558941783,87.0562558941783,87.0562558941783,
2025-04-27 00:00:00+00:00,85.6058760100395,85.6058760100395,85.6058760100395,85.6058760100395,
2025-04-28 00:00:00+00:00,85.810702217222,85.810702217222,85.810702217222,85.810702217222,
2025-04-29 00:00:00+00:00,85.2693370652084,85.2693370652084,85.2693370652084,85.2693370652084,
2025-04-30 00:00:00+00:00,83.649767310611,83.649767310611,83.649767310611,83.649767310611,
2025-05-01 00:00:00+00:00,89.1529780321604,89.1529780321604,89.1529780321604,89.1529780321604,
2025-05-02 00:00:00+00:00,87.8614614729385,87.8614614729385,87.8614614729385,87.8614614729385,
2025-05-03 00:00:00+00:00,86.7433057118755,86.7433057118755,86.7433057118755,86.7433057118755,
2025-05-04 00:00:00+00:00,85.1313955411416,85.1313955411416,85.1313955411416,85.1313955411416,
2025-05-05 00:00:00+00:00,83.6175892142891,83.6175892142891,83.6175892142891,83.6175892142891,
2025-05-06 00:00:00+00:00,90.1759924215294,90.1759924215294,90.1759924215294,90.1759924215294,
2025-05-07 00:00:00+00:00,89.6314812113263,89.6314812113263,89.6314812113263,89.6314812113263,
2025-05-08 00:00:00+00:00,94.5611081456959,94.5611081456959,94.5611081456959,94.5611081456959,
2025-05-09 00:00:00+00:00,100.412551153464,100.412551153464,100.412551153464,100.412551153464,
2025-05-10 00:00:00+00:00,105.008610013772,105.008610013772,105.008610013772,105.008610013772,
2025-05-11 00:00:00+00:00,100.005261787413,100.005261787413,100.005261787413,100.005261787413,
2025-05-12 00:00:00+00:00,103.929763005915,103.929763005915,103.929763005915,103.929763005915,
2025-05-13 00:00:00+00:00,103.530631215573,103.530631215573,103.530631215573,103.530631215573,
2025-05-14 00:00:00+00:00,100.956818582728,100.956818582728,100.956818582728,100.956818582728,
2025-05-15 00:00:00+00:00,98.9765429238268,98.9765429238268,98.9765429238268,98.9765429238268,
2025-05-16 00:00:00+00:00,99.6320394212457,99.6320394212457,99.6320394212457,99.6320394212457,
2025-05-17 00:00:00+00:00,96.3534696127246,96.3534696127246,96.3534696127246,96.3534696127246,
2025-05-18 00:00:00+00:00,100.120112591306,100.120112591306,100.120112591306,100.120112591306,
2025-05-19 00:00:00+00:00,98.3546012530334,98.3546012530334,98.3546012530334,98.3546012530334,
2025-05-20 00:00:00+00:00,94.3871490943478,94.3871490943478,94.3871490943478,94.3871490943478,
2025-05-21 00:00:00+00:00,97.3093675297124,97.3093675297124,97.3093675297124,97.3093675297124,
2025-05-22 00:00:00+00:00,100.334358920655,100.334358920655,100.334358920655,100.334358920655,
2025-05-23 00:00:00+00:00,95.3378237314492,95.3378237314492,95.3378237314492,95.3378237314492,
2025-05-24 00:00:00+00:00,95.6679543263411,95.6679543263411,95.6679543263411,95.6679543263411,
2025-05-25 00:00:00+00:00,95.6157336769206,95.6157336769206,95.6157336769206,95.6157336769206,
2025-05-26 00:00:00+00:00,94.898123565742,94.898123565742,94.898123565742,94.898123565742,
2025-05-27 00:00:00+00:00,95.8941516826062,95.8941516826062,95.8941516826062,95.8941516826062,
2025-05-28 00:00:00+00:00,95.3292475428541,95.3292475428541,95.3292475428541,95.3292475428541,
2025-05-29 00:00:00+00:00,93.4063706440163,93.4063706440163,93.4063706440163,93.4063706440163,
2025-05-30 00:00:00+00:00,85.7125136925307,85.7125136925307,85.7125136925307,85.7125136925307,
2025-05-31 00:00:00+00:00,87.2271879643017,87.2271879643017,87.2271879643017,87.2271879643017,
2025-06-01 00:00:00+00:00,88.5153840508265,88.5153840508265,88.5153840508265,88.5153840508265,
2025-06-02 00:00:00+00:00,89.7455633906985,89.7455633906985,89.7455633906985,89.7455633906985,
2025-06-03 00:00:00+00:00,89.650884165555,89.650884165555,89.650884165555,89.650884165555,
2025-06-04 00:00:00+00:00,88.0529796525979,88.0529796525979,88.0529796525979,88.0529796525979,
2025-06-05 00:00:00+00:00,83.6931642328533,83.6931642328533,83.6931642328533,83.6931642328533,
2025-06-06 00:00:00+00:00,87.2191267189163,87.2191267189163,87.2191267189163,87.2191267189163,
2025-06-07 00:00:00+00:00,88.4183676504058,88.4183676504058,88.4183676504058,88.4183676504058,
2025-06-08 00:00:00+00:00,87.2623346141207,87.2623346141207,87.2623346141207,87.2623346141207,
2025-06-09 00:00:00+00:00,90.5175906198408,90.5175906198408,90.5175906198408,90.5175906198408,
2025-06-10 00:00:00+00:00,93.2861675610861,93.2861675610861,93.2861675610861,93.2861675610861,
2025-06-11 00:00:00+00:00,91.5321460890236,91.5321460890236,91.5321460890236,91.5321460890236,
2025-06-12 00:00:00+00:00,86.5576022349659,86.5576022349659,86.5576022349659,86.5576022349659,
2025-06-13 00:00:00+00:00,86.4654871070486,86.4654871070486,86.4654871070486,86.4654871070486,
2025-06-14 00:00:00+00:00,85.2329605835689,85.2329605835689,85.2329605835689,85.2329605835689,
2025-06-15 00:00:00+00:00,86.2662189352001,86.2662189352001,86.2662189352001,86.2662189352001,
2025-06-16 00:00:00+00:00,87.3073077481944,87.3073077481944,87.3073077481944,87.3073077481944,
2025-06-17 00:00:00+00:00,84.4232125873529,84.4232125873529,84.4232125873529,84.4232125873529,
2025-06-18 00:00:00+00:00,85.0391378556158,85.0391378556158,85.0391378556158,85.0391378556158,
2025-06-19 00:00:00+00:00,85.1163027459312,85.1163027459312,85.1163027459312,85.1163027459312,
2025-06-20 00:00:00+00:00,82.8265756564495,82.8265756564495,82.8265756564495,82.8265756564495,
2025-06-21 00:00:00+00:00,79.744952033539,79.744952033539,79.744952033539,79.744952033539,
2025-06-22 00:00:00+00:00,80.1222313509843,80.1222313509843,80.1222313509843,80.1222313509843,
2025-06-23 00:00:00+00:00,85.1256969503732,85.1256969503732,85.1256969503732,85.1256969503732,
2025-06-24 00:00:00+00:00,84.7651777936093,84.7651777936093,84.7651777936093,84.7651777936093,
2025-06-25 00:00:00+00:00,84.5915272654152,84.5915272654152,84.5915272654152,84.5915272654152,
2025-06-26 00:00:00+00:00,84.3166226562639,84.3166226562639,84.3166226562639,84.3166226562639,
2025-06-27 00:00:00+00:00,84.8366552159028,84.8366552159028,84.8366552159028,84.8366552159028,
2025-06-28 00:00:00+00:00,86.2900331154926,86.2900331154926,86.2900331154926,86.2900331154926,
2025-06-29 00:00:00+00:00,88.0146603670701,88.0146603670701,88.0146603670701,88.0146603670701,
2025-06-30 00:00:00+00:00,86.1397070706187,86.1397070706187,86.1397070706187,86.1397070706187,
2025-07-01 00:00:00+00:00,83.0816213882215,83.0816213882215,83.0816213882215,83.0816213882215,
2025-07-02 00:00:00+00:00,87.4706816377832,87.4706816377832,87.4706816377832,87.4706816377832,
2025-07-03 00:00:00+00:00,88.9863004503016,88.9863004503016,88.9863004503016,88.9863004503016,
2025-07-04 00:00:00+00:00,86.8576968789191,86.8576968789191,86.8576968789191,86.8576968789191,
2025-07-05 00:00:00+00:00,87.5167092186481,87.5167092186481,87.5167092186481,87.5167092186481,
2025-07-06 00:00:00+00:00,87.4292370272344,87.4292370272344,87.4292370272344,87.4292370272344,
2025-07-07 00:00:00+00:00,86.1051246096079,86.1051246096079,86.1051246096079,86.1051246096079,
2025-07-08 00:00:00+00:00,87.7103600840591,87.7103600840591,87.7103600840591,87.7103600840591,
2025-07-09 00:00:00+00:00,90.9007006766455,90.9007006766455,90.9007006766455,90.9007006766455,
2025-07-10 00:00:00+00:00,94.7073851392558,94.7073851392558,94.7073851392558,94.7073851392558,
2025-07-11 00:00:00+00:00,94.2387079449186,94.2387079449186,94.2387079449186,94.2387079449186,
2025-07-12 00:00:00+00:00,92.7240359681865,92.7240359681865,92.7240359681865,92.7240359681865,
2025-07-13 00:00:00+00:00,94.4914484015003,94.4914484015003,94.4914484015003,94.4914484015003,
2025-07-14 00:00:00+00:00,95.4833917772404,95.4833917772404,95.4833917772404,95.4833917772404,
2025-07-15 00:00:00+00:00,96.3340024805013,96.3340024805013,96.3340024805013,96.3340024805013,
2025-07-16 00:00:00+00:00,97.5052403637084,97.5052403637084,97.5052403637084,97.5052403637084,
2025-07-17 00:00:00+00:00,102.09414323665,102.09414323665,102.09414323665,102.09414323665,
2025-07-18 00:00:00+00:00,101.435868337343,101.435868337343,101.435868337343,101.435868337343,
2025-07-19 00:00:00+00:00,113.158879997584,113.158879997584,113.158879997584,113.158879997584,
2025-07-20 00:00:00+00:00,116.952441463211,116.952441463211,116.952441463211,116.952441463211,
2025-07-21 00:00:00+00:00,115.893610179169,115.893610179169,115.893610179169,115.893610179169,
2025-07-22 00:00:00+00:00,119.272515984628,119.272515984628,119.272515984628,119.272515984628,
2025-07-23 00:00:00+00:00,112.371442088548,112.371442088548,112.371442088548,112.371442088548,
2025-07-24 00:00:00+00:00,112.322247143984,112.322247143984,112.322247143984,112.322247143984,
2025-07-25 00:00:00+00:00,113.628503874883,113.628503874883,113.628503874883,113.628503874883,
2025-07-26 00:00:00+00:00,114.127191581446,114.127191581446,114.127191581446,114.127191581446,
2025-07-27 00:00:00+00:00,114.554140551335,114.554140551335,114.554140551335,114.554140551335,
2025-07-28 00:00:00+00:00,108.800678776344,108.800678776344,108.800678776344,108.800678776344,
2025-07-29 00:00:00+00:00,108.563356874081,108.563356874081,108.563356874081,108.563356874081,
2025-07-30 00:00:00+00:00,110.673826375059,110.673826375059,110.673826375059,110.673826375059,
2025-07-31 00:00:00+00:00,106.345487100426,106.345487100426,106.345487100426,106.345487100426,
2025-08-01 00:00:00+00:00,106.355555057658,106.355555057658,106.355555057658,106.355555057658,
2025-08-02 00:00:00+00:00,106.257717640178,106.257717640178,106.257717640178,106.257717640178,
2025-08-03 00:00:00+00:00,110.523401433368,110.523401433368,110.523401433368,110.523401433368,
2025-08-04 00:00:00+00:00,120.997177166278,120.997177166278,120.997177166278,120.997177166278,
2025-08-05 00:00:00+00:00,120.684897364884,120.684897364884,120.684897364884,120.684897364884,
2025-08-06 00:00:00+00:00,119.638591058023,119.638591058023,119.638591058023,119.638591058023,
2025-08-07 00:00:00+00:00,122.312331850597,122.312331850597,122.312331850597,122.312331850597,
2025-08-08 00:00:00+00:00,124.103579255306,124.103579255306,124.103579255306,124.103579255306,
2025-08-09 00:00:00+00:00,120.543694410951,120.543694410951,120.543694410951,120.543694410951,
2025-08-10 00:00:00+00:00,123.749114737783,123.749114737783,123.749114737783,123.749114737783,
2025-08-11 00:00:00+00:00,120.340880238589,120.340880238589,120.340880238589,120.340880238589,
2025-08-12 00:00:00+00:00,130.65944250903,130.65944250903,130.65944250903,130.65944250903,
2025-08-13 00:00:00+00:00,130.944169653167,130.944169653167,130.944169653167,130.944169653167,
2025-08-14 00:00:00+00:00,121.536792569069,121.536792569069,121.536792569069,121.536792569069,
2025-08-15 00:00:00+00:00,118.947324494107,118.947324494107,118.947324494107,118.947324494107,
2025-08-16 00:00:00+00:00,120.760161545589,120.760161545589,120.760161545589,120.760161545589,
2025-08-17 00:00:00+00:00,121.054060407061,121.054060407061,121.054060407061,121.054060407061,
2025-08-18 00:00:00+00:00,117.769400516186,117.769400516186,117.769400516186,117.769400516186,
2025-08-19 00:00:00+00:00,112.873994229051,112.873994229051,112.873994229051,112.873994229051,
2025-08-20 00:00:00+00:00,116.152101800849,116.152101800849,116.152101800849,116.152101800849,
2025-08-21 00:00:00+00:00,114.609212645508,114.609212645508,114.609212645508,114.609212645508,
2025-08-22 00:00:00+00:00,122.886565050474,122.886565050474,122.886565050474,122.886565050474,
2025-08-23 00:00:00+00:00,121.352676368913,121.352676368913,121.352676368913,121.352676368913,
2025-08-24 00:00:00+00:00,118.558838979085,118.558838979085,118.558838979085,118.558838979085,
2025-08-25 00:00:00+00:00,109.151949162077,109.151949162077,109.151949162077,109.151949162077,
2025-08-26 00:00:00+00:00,113.559957410248,113.559957410248,113.559957410248,113.559957410248,
2025-08-27 00:00:00+00:00,112.277535341375,112.277535341375,112.277535341375,112.277535341375,
2025-08-28 00:00:00+00:00,113.69047273132,113.69047273132,113.69047273132,113.69047273132,
2025-08-29 00:00:00+00:00,109.920086774408,109.920086774408,109.920086774408,109.920086774408,
2025-08-30 00:00:00+00:00,110.76095150966,110.76095150966,110.76095150966,110.76095150966,
2025-08-31 00:00:00+00:00,109.059483421914,109.059483421914,109.059483421914,109.059483421914,
2025-09-01 00:00:00+00:00,108.226256936952,108.226256936952,108.226256936952,108.226256936952,
2025-09-02 00:00:00+00:00,111.589903065349,111.589903065349,111.589903065349,111.589903065349,
2025-09-03 00:00:00+00:00,112.956967875348,112.956967875348,112.956967875348,112.956967875348,
2025-09-04 00:00:00+00:00,111.246879751203,111.246879751203,111.246879751203,111.246879751203,
2025-09-05 00:00:00+00:00,112.066565260768,112.066565260768,112.066565260768,112.066565260768,
2025-09-06 00:00:00+00:00,112.112013842171,112.112013842171,112.112013842171,112.112013842171,
2025-09-07 00:00:00+00:00,114.969605055345,114.969605055345,114.969605055345,114.969605055345,
2025-09-08 00:00:00+00:00,112.555617643872,112.555617643872,112.555617643872,112.555617643872,
2025-09-09 00:00:00+00:00,111.913436185099,111.913436185099,111.913436185099,111.913436185099,
2025-09-10 00:00:00+00:00,117.20391363774,117.20391363774,117.20391363774,117.20391363774,
2025-09-11 00:00:00+00:00,115.917861747089,115.917861747089,115.917861747089,115.917861747089,
2025-09-12 00:00:00+00:00,118.132076717293,118.132076717293,118.132076717293,118.132076717293,
2025-09-13 00:00:00+00:00,119.365468600717,119.365468600717,119.365468600717,119.365468600717,
2025-09-14 00:00:00+00:00,115.171856008421,115.171856008421,115.171856008421,115.171856008421,
2025-09-15 00:00:00+00:00,113.722760269247,113.722760269247,113.722760269247,113.722760269247,
2025-09-16 00:00:00+00:00,115.114009626797,115.114009626797,115.114009626797,115.114009626797,
2025-09-17 00:00:00+00:00,117.075771578032,117.075771578032,117.075771578032,117.075771578032,
2025-09-18 00:00:00+00:00,118.230816290047,118.230816290047,118.230816290047,118.230816290047,
2025-09-19 00:00:00+00:00,113.877247413034,113.877247413034,113.877247413034,113.877247413034,
2025-09-20 00:00:00+00:00,113.904281551731,113.904281551731,113.904281551731,113.904281551731,
2025-09-21 00:00:00+00:00,114.198245280397,114.198245280397,114.198245280397,114.198245280397,
2025-09-22 00:00:00+00:00,105.853652330009,105.853652330009,105.853652330009,105.853652330009,
2025-09-23 00:00:00+00:00,106.233666381693,106.233666381693,106.233666381693,106.233666381693,
2025-09-24 00:00:00+00:00,105.710960952061,105.710960952061,105.710960952061,105.710960952061,
2025-09-25 00:00:00+00:00,102.206345033543,102.206345033543,102.206345033543,102.206345033543,
2025-09-26 00:00:00+00:00,104.578708988097,104.578708988097,104.578708988097,104.578708988097,
2025-09-27 00:00:00+00:00,104.563511124984,104.563511124984,104.563511124984,104.563511124984,
2025-09-28 00:00:00+00:00,106.869928919367,106.869928919367,106.869928919367,106.869928919367,
2025-09-29 00:00:00+00:00,106.8209991947,106.8209991947,106.8209991947,106.8209991947,
2025-09-30 00:00:00+00:00,106.846838706926,106.846838706926,106.846838706926,106.846838706926,
2025-10-01 00:00:00+00:00,114.997744519796,114.997744519796,114.997744519796,114.997744519796,
2025-10-02 00:00:00+00:00,119.462655040932,119.462655040932,119.462655040932,119.462655040932,
2025-10-03 00:00:00+00:00,120.579495693975,120.579495693975,120.579495693975,120.579495693975,
2025-10-04 00:00:00+00:00,120.382106681381,120.382106681381,120.382106681381,120.382106681381,
2025-10-05 00:00:00+00:00,118.890489611714,118.890489611714,118.890489611714,118.890489611714,
2025-10-06 00:00:00+00:00,118.4352982647,118.4352982647,118.4352982647,118.4352982647,
2025-10-07 00:00:00+00:00,117.067737536537,117.067737536537,117.067737536537,117.067737536537,
2025-10-08 00:00:00+00:00,118.509000225872,118.509000225872,118.509000225872,118.509000225872,
2025-10-09 00:00:00+00:00,125.92517428766,125.92517428766,125.92517428766,125.92517428766,
2025-10-10 00:00:00+00:00,98.2562424308566,98.2562424308566,98.2562424308566,98.2562424308566,
2025-10-11 00:00:00+00:00,93.6688881379921,93.6688881379921,93.6688881379921,93.6688881379921,
2025-10-12 00:00:00+00:00,98.6168116154572,98.6168116154572,98.6168116154572,98.6168116154572,
2025-10-13 00:00:00+00:00,99.7157864875651,99.7157864875651,99.7157864875651,99.7157864875651,
2025-10-14 00:00:00+00:00,97.5980722528019,97.5980722528019,97.5980722528019,97.5980722528019,
2025-10-15 00:00:00+00:00,95.2461240176318,95.2461240176318,95.2461240176318,95.2461240176318,
2025-10-16 00:00:00+00:00,91.6031292214159,91.6031292214159,91.6031292214159,91.6031292214159,
2025-10-17 00:00:00+00:00,90.2354532133718,90.2354532133718,90.2354532133718,90.2354532133718,
2025-10-18 00:00:00+00:00,91.6743426607864,91.6743426607864,91.6743426607864,91.6743426607864,
2025-10-19 00:00:00+00:00,93.4697492469501,93.4697492469501,93.4697492469501,93.4697492469501,
2025-10-20 00:00:00+00:00,94.4203421409053,94.4203421409053,94.4203421409053,94.4203421409053,
2025-10-21 00:00:00+00:00,93.4305420961875,93.4305420961875,93.4305420961875,93.4305420961875,
2025-10-22 00:00:00+00:00,91.8699526344598,91.8699526344598,91.8699526344598,91.8699526344598,
2025-10-23 00:00:00+00:00,93.9468279547503,93.9468279547503,93.9468279547503,93.9468279547503,
2025-10-24 00:00:00+00:00,96.4355439546627,96.4355439546627,96.4355439546627,96.4355439546627,
2025-10-25 00:00:00+00:00,96.9508632411703,96.9508632411703,96.9508632411703,96.9508632411703,
2025-10-26 00:00:00+00:00,100.042852517194,100.042852517194,100.042852517194,100.042852517194,
2025-10-27 00:00:00+00:00,99.2342189469181,99.2342189469181,99.2342189469181,99.2342189469181,
2025-10-28 00:00:00+00:00,96.8349232182299,96.8349232182299,96.8349232182299,96.8349232182299,
2025-10-29 00:00:00+00:00,98.8143567098415,98.8143567098415,98.8143567098415,98.8143567098415,
2025-10-30 00:00:00+00:00,93.1395787658182,93.1395787658182,93.1395787658182,93.1395787658182,
2025-10-31 00:00:00+00:00,95.6008332976069,95.6008332976069,95.6008332976069,95.6008332976069,
2025-11-01 00:00:00+00:00,101.12848947064,101.12848947064,101.12848947064,101.12848947064,
2025-11-02 00:00:00+00:00,99.1577044797374,99.1577044797374,99.1577044797374,99.1577044797374,
2025-11-03 00:00:00+00:00,87.2586518227013,87.2586518227013,87.2586518227013,87.2586518227013,
2025-11-04 00:00:00+00:00,85.4254901824194,85.4254901824194,85.4254901824194,85.4254901824194,
2025-11-05 00:00:00+00:00,89.6414672143571,89.6414672143571,89.6414672143571,89.6414672143571,
2025-11-06 00:00:00+00:00,86.7326686883493,86.7326686883493,86.7326686883493,86.7326686883493,
2025-11-07 00:00:00+00:00,102.068972666806,102.068972666806,102.068972666806,102.068972666806,
2025-11-08 00:00:00+00:00,104.042604275301,104.042604275301,104.042604275301,104.042604275301,
2025-11-09 00:00:00+00:00,109.655738941872,109.655738941872,109.655738941872,109.655738941872,
2025-11-10 00:00:00+00:00,104.734960801278,104.734960801278,104.734960801278,104.734960801278,
2025-11-11 00:00:00+00:00,99.8947158311164,99.8947158311164,99.8947158311164,99.8947158311164,
2025-11-12 00:00:00+00:00,97.6416549420624,97.6416549420624,97.6416549420624,97.6416549420624,
2025-11-13 00:00:00+00:00,96.9650404742562,96.9650404742562,96.9650404742562,96.9650404742562,
2025-11-14 00:00:00+00:00,97.5975628270024,97.5975628270024,97.5975628270024,97.5975628270024,
2025-11-15 00:00:00+00:00,102.085115669438,102.085115669438,102.085115669438,102.085115669438,
2025-11-16 00:00:00+00:00,96.0121103876046,96.0121103876046,96.0121103876046,96.0121103876046,
2025-11-17 00:00:00+00:00,90.9825395667271,90.9825395667271,90.9825395667271,90.9825395667271,
2025-11-18 00:00:00+00:00,95.6814347028103,95.6814347028103,95.6814347028103,95.6814347028103,
2025-11-19 00:00:00+00:00,92.7697637829808,92.7697637829808,92.7697637829808,92.7697637829808,
2025-11-20 00:00:00+00:00,87.704723752469,87.704723752469,87.704723752469,87.704723752469,
2025-11-21 00:00:00+00:00,82.3818328136436,82.3818328136436,82.3818328136436,82.3818328136436,
2025-11-22 00:00:00+00:00,82.2446659425953,82.2446659425953,82.2446659425953,82.2446659425953,
2025-11-23 00:00:00+00:00,83.0664866565048,83.0664866565048,83.0664866565048,83.0664866565048,
2025-11-24 00:00:00+00:00,85.7711316590189,85.7711316590189,85.7711316590189,85.7711316590189,
2025-11-25 00:00:00+00:00,85.503841525406,85.503841525406,85.503841525406,85.503841525406,
2025-11-26 00:00:00+00:00,86.9102962675256,86.9102962675256,86.9102962675256,86.9102962675256,
2025-11-27 00:00:00+00:00,86.6790206754705,86.6790206754705,86.6790206754705,86.6790206754705,
2025-11-28 00:00:00+00:00,84.4850998584983,84.4850998584983,84.4850998584983,84.4850998584983,
2025-11-29 00:00:00+00:00,84.0671977459892,84.0671977459892,84.0671977459892,84.0671977459892,
2025-11-30 00:00:00+00:00,82.9110781966304,82.9110781966304,82.9110781966304,82.9110781966304,
2025-12-01 00:00:00+00:00,77.7203373358705,77.7203373358705,77.7203373358705,77.7203373358705,
2025-12-02 00:00:00+00:00,82.8592718096941,82.8592718096941,82.8592718096941,82.8592718096941,
2025-12-03 00:00:00+00:00,86.0044024103761,86.0044024103761,86.0044024103761,86.0044024103761,
2025-12-04 00:00:00+00:00,83.6916243303946,83.6916243303946,83.6916243303946,83.6916243303946,
2025-12-05 00:00:00+00:00,80.3629481369864,80.3629481369864,80.3629481369864,80.3629481369864,
2025-12-06 00:00:00+00:00,81.5585708481932,81.5585708481932,81.5585708481932,81.5585708481932,
2025-12-07 00:00:00+00:00,81.1853906777012,81.1853906777012,81.1853906777012,81.1853906777012,
2025-12-08 00:00:00+00:00,83.8816860715633,83.8816860715633,83.8816860715633,83.8816860715633,
2025-12-09 00:00:00+00:00,86.1655662443328,86.1655662443328,86.1655662443328,86.1655662443328,
2025-12-10 00:00:00+00:00,84.7107768648697,84.7107768648697,84.7107768648697,84.7107768648697,
2025-12-11 00:00:00+00:00,82.9609924396908,82.9609924396908,82.9609924396908,82.9609924396908,
2025-12-12 00:00:00+00:00,81.9782070317073,81.9782070317073,81.9782070317073,81.9782070317073,
2025-12-13 00:00:00+00:00,81.469918247079,81.469918247079,81.469918247079,81.469918247079,
2025-12-14 00:00:00+00:00,78.8032586685688,78.8032586685688,78.8032586685688,78.8032586685688,
2025-12-15 00:00:00+00:00,77.6105383455731,77.6105383455731,77.6105383455731,77.6105383455731,
2025-12-16 00:00:00+00:00,79.0474891126786,79.0474891126786,79.0474891126786,79.0474891126786,
2025-12-17 00:00:00+00:00,75.8797837847103,75.8797837847103,75.8797837847103,75.8797837847103,
2025-12-18 00:00:00+00:00,74.1810161290672,74.1810161290672,74.1810161290672,74.1810161290672,
2025-12-19 00:00:00+00:00,77.5460935144384,77.5460935144384,77.5460935144384,77.5460935144384,
2025-12-20 00:00:00+00:00,77.9529480990892,77.9529480990892,77.9529480990892,77.9529480990892,
2025-12-21 00:00:00+00:00,76.7002965865195,76.7002965865195,76.7002965865195,76.7002965865195,
2025-12-22 00:00:00+00:00,76.9765389648664,76.9765389648664,76.9765389648664,76.9765389648664,
2025-12-23 00:00:00+00:00,76.8613558424042,76.8613558424042,76.8613558424042,76.8613558424042,
2025-12-24 00:00:00+00:00,75.7482516332945,75.7482516332945,75.7482516332945,75.7482516332945,
2025-12-25 00:00:00+00:00,75.7143418709416,75.7143418709416,75.7143418709416,75.7143418709416,
2025-12-26 00:00:00+00:00,76.7788349517702,76.7788349517702,76.7788349517702,76.7788349517702,
2025-12-27 00:00:00+00:00,80.0059884598819,80.0059884598819,80.0059884598819,80.0059884598819,
2025-12-28 00:00:00+00:00,78.4644302645912,78.4644302645912,78.4644302645912,78.4644302645912,
2025-12-29 00:00:00+00:00,78.2545365035001,78.2545365035001,78.2545365035001,78.2545365035001,
2025-12-30 00:00:00+00:00,78.6631380887861,78.6631380887861,78.6631380887861,78.6631380887861,
2025-12-31 00:00:00+00:00,76.7422309061316,76.7422309061316,76.7422309061316,76.7422309061316,
2026-01-01 00:00:00+00:00,79.8001348352409,79.8001348352409,79.8001348352409,79.8001348352409,
2026-01-02 00:00:00+00:00,81.8672064565685,81.8672064565685,81.8672064565685,81.8672064565685,
2026-01-03 00:00:00+00:00,82.1473969538379,82.1473969538379,82.1473969538379,82.1473969538379,
2026-01-04 00:00:00+00:00,82.1367336286869,82.1367336286869,82.1367336286869,82.1367336286869,
2026-01-05 00:00:00+00:00,83.7202658956061,83.7202658956061,83.7202658956061,83.7202658956061,
2026-01-06 00:00:00+00:00,83.9135640405491,83.9135640405491,83.9135640405491,83.9135640405491,
2026-01-07 00:00:00+00:00,81.6358990144138,81.6358990144138,81.6358990144138,81.6358990144138,
2026-01-08 00:00:00+00:00,81.3176050196156,81.3176050196156,81.3176050196156,81.3176050196156,
2026-01-09 00:00:00+00:00,81.4232979260001,81.4232979260001,81.4232979260001,81.4232979260001,
2026-01-10 00:00:00+00:00,81.1010092913885,81.1010092913885,81.1010092913885,81.1010092913885,
2026-01-11 00:00:00+00:00,78.8117521533476,78.8117521533476,78.8117521533476,78.8117521533476,
2026-01-12 00:00:00+00:00,75.979761783849,75.979761783849,75.979761783849,75.979761783849,
2026-01-13 00:00:00+00:00,78.1106194935828,78.1106194935828,78.1106194935828,78.1106194935828,
2026-01-14 00:00:00+00:00,76.6542929416812,76.6542929416812,76.6542929416812,76.6542929416812,
2026-01-15 00:00:00+00:00,72.144545765801,72.144545765801,72.144545765801,72.144545765801,
2026-01-16 00:00:00+00:00,75.4445660716254,75.4445660716254,75.4445660716254,75.4445660716254,
2026-01-17 00:00:00+00:00,74.7872624297373,74.7872624297373,74.7872624297373,74.7872624297373,
2026-01-18 00:00:00+00:00,72.9724363978354,72.9724363978354,72.9724363978354,72.9724363978354,
2026-01-19 00:00:00+00:00,70.70555932732,70.70555932732,70.70555932732,70.70555932732,
2026-01-20 00:00:00+00:00,67.0589707663825,67.0589707663825,67.0589707663825,67.0589707663825,
2026-01-21 00:00:00+00:00,68.6063674280205,68.6063674280205,68.6063674280205,68.6063674280205,
2026-01-22 00:00:00+00:00,68.0628389511564,68.0628389511564,68.0628389511564,68.0628389511564,
2026-01-23 00:00:00+00:00,67.9691918498102,67.9691918498102,67.9691918498102,67.9691918498102,
2026-01-24 00:00:00+00:00,68.0972854007923,68.0972854007923,68.0972854007923,68.0972854007923,
2026-01-25 00:00:00+00:00,67.0761494491036,67.0761494491036,67.0761494491036,67.0761494491036,
2026-01-26 00:00:00+00:00,69.7768069577719,69.7768069577719,69.7768069577719,69.7768069577719,
2026-01-27 00:00:00+00:00,70.0800480568557,70.0800480568557,70.0800480568557,70.0800480568557,
2026-01-28 00:00:00+00:00,69.4216877511173,69.4216877511173,69.4216877511173,69.4216877511173,
2026-01-29 00:00:00+00:00,65.9903741958423,65.9903741958423,65.9903741958423,65.9903741958423,
2026-01-30 00:00:00+00:00,65.240095685376,65.240095685376,65.240095685376,65.240095685376,
2026-01-31 00:00:00+00:00,59.3567050795672,59.3567050795672,59.3567050795672,59.3567050795672,
2026-02-01 00:00:00+00:00,58.5077849325467,58.5077849325467,58.5077849325467,58.5077849325467,
2026-02-02 00:00:00+00:00,59.9609620897854,59.9609620897854,59.9609620897854,59.9609620897854,
2026-02-03 00:00:00+00:00,59.3340717889649,59.3340717889649,59.3340717889649,59.3340717889649,
2026-02-04 00:00:00+00:00,58.7899529212861,58.7899529212861,58.7899529212861,58.7899529212861,
2026-02-05 00:00:00+00:00,51.2610649818667,51.2610649818667,51.2610649818667,51.2610649818667,
2026-02-06 00:00:00+00:00,55.1108682480743,55.1108682480743,55.1108682480743,55.1108682480743,
2026-02-07 00:00:00+00:00,55.1968095896341,55.1968095896341,55.1968095896341,55.1968095896341,
2026-02-08 00:00:00+00:00,54.5018157791415,54.5018157791415,54.5018157791415,54.5018157791415,
2026-02-09 00:00:00+00:00,54.4885003833208,54.4885003833208,54.4885003833208,54.4885003833208,
2026-02-10 00:00:00+00:00,53.2913972968388,53.2913972968388,53.2913972968388,53.2913972968388,
2026-02-11 00:00:00+00:00,52.1851974848945,52.1851974848945,52.1851974848945,52.1851974848945,
2026-02-12 00:00:00+00:00,53.0596194553278,53.0596194553278,53.0596194553278,53.0596194553278,
2026-02-13 00:00:00+00:00,55.0837078084337,55.0837078084337,55.0837078084337,55.0837078084337,
2026-02-14 00:00:00+00:00,56.0550605948147,56.0550605948147,56.0550605948147,56.0550605948147,
2026-02-15 00:00:00+00:00,54.8940452595688,54.8940452595688,54.8940452595688,54.8940452595688,
2026-02-16 00:00:00+00:00,55.0447708438966,55.0447708438966,55.0447708438966,55.0447708438966,
2026-02-17 00:00:00+00:00,53.9235839145477,53.9235839145477,53.9235839145477,53.9235839145477,
2026-02-18 00:00:00+00:00,53.2101265602061,53.2101265602061,53.2101265602061,53.2101265602061,
2026-02-19 00:00:00+00:00,52.6697309884103,52.6697309884103,52.6697309884103,52.6697309884103,
2026-02-20 00:00:00+00:00,55.1967539311228,55.1967539311228,55.1967539311228,55.1967539311228,
2026-02-21 00:00:00+00:00,54.9517719462578,54.9517719462578,54.9517719462578,54.9517719462578,
2026-02-22 00:00:00+00:00,53.3850183041889,53.3850183041889,53.3850183041889,53.3850183041889,
2026-02-23 00:00:00+00:00,51.3632102330111,51.3632102330111,51.3632102330111,51.3632102330111,
2026-02-24 00:00:00+00:00,51.2041223020752,51.2041223020752,51.2041223020752,51.2041223020752,
2026-02-25 00:00:00+00:00,56.6271336924603,56.6271336924603,56.6271336924603,56.6271336924603,
2026-02-26 00:00:00+00:00,55.6357286110153,55.6357286110153,55.6357286110153,55.6357286110153,
2026-02-27 00:00:00+00:00,54.4826832964695,54.4826832964695,54.4826832964695,54.4826832964695,
2026-02-28 00:00:00+00:00,54.3932479781263,54.3932479781263,54.3932479781263,54.3932479781263,
2026-03-01 00:00:00+00:00,53.2426497385651,53.2426497385651,53.2426497385651,53.2426497385651,
2026-03-02 00:00:00+00:00,54.5943945601309,54.5943945601309,54.5943945601309,54.5943945601309,
2026-03-03 00:00:00+00:00,54.8665230067807,54.8665230067807,54.8665230067807,54.8665230067807,
2026-03-04 00:00:00+00:00,56.7779524820327,56.7779524820327,56.7779524820327,56.7779524820327,
2026-03-05 00:00:00+00:00,55.5463624170996,55.5463624170996,55.5463624170996,55.5463624170996,
2026-03-06 00:00:00+00:00,53.8911050319477,53.8911050319477,53.8911050319477,53.8911050319477,
2026-03-07 00:00:00+00:00,53.5495788652612,53.5495788652612,53.5495788652612,53.5495788652612,
2026-03-08 00:00:00+00:00,52.699188589405,52.699188589405,52.699188589405,52.699188589405,
2026-03-09 00:00:00+00:00,53.7499585293665,53.7499585293665,53.7499585293665,53.7499585293665,
2026-03-10 00:00:00+00:00,53.8167893164765,53.8167893164765,53.8167893164765,53.8167893164765,
2026-03-11 00:00:00+00:00,54.8007389228356,54.8007389228356,54.8007389228356,54.8007389228356,
2026-03-12 00:00:00+00:00,54.5835198501751,54.5835198501751,54.5835198501751,54.5835198501751,
2026-03-13 00:00:00+00:00,55.3061803912406,55.3061803912406,55.3061803912406,55.3061803912406,
2026-03-14 00:00:00+00:00,54.9064770141371,54.9064770141371,54.9064770141371,54.9064770141371,
2026-03-15 00:00:00+00:00,56.1189620438685,56.1189620438685,56.1189620438685,56.1189620438685,
2026-03-16 00:00:00+00:00,58.6987564022068,58.6987564022068,58.6987564022068,58.6987564022068,
2026-03-17 00:00:00+00:00,58.1991158108922,58.1991158108922,58.1991158108922,58.1991158108922,
2026-03-18 00:00:00+00:00,55.9775054272596,55.9775054272596,55.9775054272596,55.9775054272596,
2026-03-19 00:00:00+00:00,55.4892366817382,55.4892366817382,55.4892366817382,55.4892366817382,
2026-03-20 00:00:00+00:00,56.1460717593682,56.1460717593682,56.1460717593682,56.1460717593682,
2026-03-21 00:00:00+00:00,55.3265381791412,55.3265381791412,55.3265381791412,55.3265381791412,
2026-03-22 00:00:00+00:00,53.5510309545762,53.5510309545762,53.5510309545762,53.5510309545762,
2026-03-23 00:00:00+00:00,55.5777618658198,55.5777618658198,55.5777618658198,55.5777618658198,
2026-03-24 00:00:00+00:00,56.382792522793,56.382792522793,56.382792522793,56.382792522793,
2026-03-25 00:00:00+00:00,56.5946585978778,56.5946585978778,56.5946585978778,56.5946585978778,
2026-03-26 00:00:00+00:00,54.5191866155717,54.5191866155717,54.5191866155717,54.5191866155717,
2026-03-27 00:00:00+00:00,53.5818890672185,53.5818890672185,53.5818890672185,53.5818890672185,
2026-03-28 00:00:00+00:00,53.8310536141064,53.8310536141064,53.8310536141064,53.8310536141064,
2026-03-29 00:00:00+00:00,53.2347799372507,53.2347799372507,53.2347799372507,53.2347799372507,
2026-03-30 00:00:00+00:00,53.2245209387841,53.2245209387841,53.2245209387841,53.2245209387841,
2026-03-31 00:00:00+00:00,53.8929032724456,53.8929032724456,53.8929032724456,53.8929032724456,
2026-04-01 00:00:00+00:00,53.87609312748,53.87609312748,53.87609312748,53.87609312748,
2026-04-02 00:00:00+00:00,52.2339953565686,52.2339953565686,52.2339953565686,52.2339953565686,
2026-04-03 00:00:00+00:00,53.1969890924678,53.1969890924678,53.1969890924678,53.1969890924678,
2026-04-04 00:00:00+00:00,53.5695183069215,53.5695183069215,53.5695183069215,53.5695183069215,
2026-04-05 00:00:00+00:00,54.0267519946531,54.0267519946531,54.0267519946531,54.0267519946531,
2026-04-06 00:00:00+00:00,53.4815168860581,53.4815168860581,53.4815168860581,53.4815168860581,
2026-04-07 00:00:00+00:00,55.4391637381147,55.4391637381147,55.4391637381147,55.4391637381147,
2026-04-08 00:00:00+00:00,53.9772838978217,53.9772838978217,53.9772838978217,53.9772838978217,
2026-04-09 00:00:00+00:00,54.5448908437545,54.5448908437545,54.5448908437545,54.5448908437545,
2026-04-10 00:00:00+00:00,54.9809875468196,54.9809875468196,54.9809875468196,54.9809875468196,
2026-04-11 00:00:00+00:00,55.0770827910808,55.0770827910808,55.0770827910808,55.0770827910808,
2026-04-12 00:00:00+00:00,53.4678240576881,53.4678240576881,53.4678240576881,53.4678240576881,
2026-04-13 00:00:00+00:00,54.6237509511886,54.6237509511886,54.6237509511886,54.6237509511886,
2026-04-14 00:00:00+00:00,54.323225658558,54.323225658558,54.323225658558,54.323225658558,
2026-04-15 00:00:00+00:00,55.1108329644352,55.1108329644352,55.1108329644352,55.1108329644352,
2026-04-16 00:00:00+00:00,56.3483800243076,56.3483800243076,56.3483800243076,56.3483800243076,
2026-04-17 00:00:00+00:00,56.4600818492767,56.4600818492767,56.4600818492767,56.4600818492767,
2026-04-18 00:00:00+00:00,55.759151031292,55.759151031292,55.759151031292,55.759151031292,
2026-04-19 00:00:00+00:00,54.059904598269,54.059904598269,54.059904598269,54.059904598269,
2026-04-20 00:00:00+00:00,55.0149696607432,55.0149696607432,55.0149696607432,55.0149696607432,
2026-04-21 00:00:00+00:00,55.4404093759328,55.4404093759328,55.4404093759328,55.4404093759328,
2026-04-22 00:00:00+00:00,55.6629981217046,55.6629981217046,55.6629981217046,55.6629981217046,
2026-04-23 00:00:00+00:00,56.1948537397033,56.1948537397033,56.1948537397033,56.1948537397033,
2026-04-24 00:00:00+00:00,56.5054393905318,56.5054393905318,56.5054393905318,56.5054393905318,
2026-04-25 00:00:00+00:00,56.0436339875238,56.0436339875238,56.0436339875238,56.0436339875238,
2026-04-26 00:00:00+00:00,56.2824147719519,56.2824147719519,56.2824147719519,56.2824147719519,
2026-04-27 00:00:00+00:00,55.4952831456312,55.4952831456312,55.4952831456312,55.4952831456312,
2026-04-28 00:00:00+00:00,55.6138444959917,55.6138444959917,55.6138444959917,55.6138444959917,
2026-04-29 00:00:00+00:00,55.2738930501597,55.2738930501597,55.2738930501597,55.2738930501597,
2026-04-30 00:00:00+00:00,55.1442152755307,55.1442152755307,55.1442152755307,55.1442152755307,
2026-05-01 00:00:00+00:00,55.3772141009408,55.3772141009408,55.3772141009408,55.3772141009408,
2026-05-02 00:00:00+00:00,55.3402559619467,55.3402559619467,55.3402559619467,55.3402559619467,
2026-05-03 00:00:00+00:00,55.3597911939543,55.3597911939543,55.3597911939543,55.3597911939543,
2026-05-04 00:00:00+00:00,54.9605762514052,54.9605762514052,54.9605762514052,54.9605762514052,
2026-05-05 00:00:00+00:00,56.3463379857891,56.3463379857891,56.3463379857891,56.3463379857891,
2026-05-06 00:00:00+00:00,56.6406324028729,56.6406324028729,56.6406324028729,56.6406324028729,
2026-05-07 00:00:00+00:00,56.4429837511086,56.4429837511086,56.4429837511086,56.4429837511086,
2026-05-08 00:00:00+00:00,58.2388078744739,58.2388078744739,58.2388078744739,58.2388078744739,
2026-05-09 00:00:00+00:00,58.0217201704144,58.0217201704144,58.0217201704144,58.0217201704144,
2026-05-10 00:00:00+00:00,60.3156948090244,60.3156948090244,60.3156948090244,60.3156948090244,
2026-05-11 00:00:00+00:00,58.4926392511836,58.4926392511836,58.4926392511836,58.4926392511836,
2026-05-12 00:00:00+00:00,57.9761736890235,57.9761736890235,57.9761736890235,57.9761736890235,
2026-05-13 00:00:00+00:00,56.9586166154434,56.9586166154434,56.9586166154434,56.9586166154434,
2026-05-14 00:00:00+00:00,58.2584850260113,58.2584850260113,58.2584850260113,58.2584850260113,
2026-05-15 00:00:00+00:00,57.4579633307945,57.4579633307945,57.4579633307945,57.4579633307945,
2026-05-16 00:00:00+00:00,56.145308376741,56.145308376741,56.145308376741,56.145308376741,
2026-05-17 00:00:00+00:00,54.7676497419554,54.7676497419554,54.7676497419554,54.7676497419554,
2026-05-18 00:00:00+00:00,54.3367719760237,54.3367719760237,54.3367719760237,54.3367719760237,
2026-05-19 00:00:00+00:00,54.3558612123178,54.3558612123178,54.3558612123178,54.3558612123178,
2026-05-20 00:00:00+00:00,53.8733027606805,53.8733027606805,53.8733027606805,53.8733027606805,
2026-05-21 00:00:00+00:00,54.1383764327596,54.1383764327596,54.1383764327596,54.1383764327596,
2026-05-22 00:00:00+00:00,52.899768579625,52.899768579625,52.899768579625,52.899768579625,
2026-05-23 00:00:00+00:00,53.4395554309887,53.4395554309887,53.4395554309887,53.4395554309887,
2026-05-24 00:00:00+00:00,,,,,
